file,url,landing_url,title,election_year,district,stage,tier,bytes,sha256,retrieved_at,status
alipurduar_i_form_a_banchukamari_pdf_734_30kb_2023030222.pdf,https://cdn.s3waas.gov.in/s33636638817772e42b59d74cff571fbb3/uploads/2023/03/2023030222.pdf,https://alipurduar.gov.in/information-window-pge-2023-form-a-form-b/,"Alipurduar- I, Form-A :- Banchukamari (PDF 734.30KB )",2023,Alipurduar,final,gp_ward,751932,4785be07ec0033f88e2f9db08b4e3bcffdbe5de4355f8c5fabd58da4e86c1aa6,2026-09-06,downloaded
alipurduar_i_form_a_chakowakheti_pdf_682_62kb_2023030251.pdf,https://cdn.s3waas.gov.in/s33636638817772e42b59d74cff571fbb3/uploads/2023/03/2023030251.pdf,https://alipurduar.gov.in/information-window-pge-2023-form-a-form-b/,"Alipurduar- I, Form-A :- Chakowakheti (PDF 682.62KB )",2023,Alipurduar,final,gp_ward,699004,40249c2301e00c3bd740b20951cff85e9a8b5850e67f7f33fc755cb121c3400d,2026-09-06,downloaded
alipurduar_i_form_a_mathura_pdf_622_29kb_2023030228-1.pdf,https://cdn.s3waas.gov.in/s33636638817772e42b59d74cff571fbb3/uploads/2023/03/2023030228-1.pdf,https://alipurduar.gov.in/information-window-pge-2023-form-a-form-b/,"Alipurduar- I, Form-A :- Mathura (PDF 622.29KB )",2023,Alipurduar,final,gp_ward,637229,1bba7a82057a49804252e965a73859f243d47c6a2f2f5742a9e860c899e8b580,2026-09-06,downloaded
alipurduar_i_form_a_parorpar_pdf_700_38kb_2023030299.pdf,https://cdn.s3waas.gov.in/s33636638817772e42b59d74cff571fbb3/uploads/2023/03/2023030299.pdf,https://alipurduar.gov.in/information-window-pge-2023-form-a-form-b/,"Alipurduar- I, Form-A :- Parorpar (PDF 700.38KB )",2023,Alipurduar,final,gp_ward,717194,49230c56833f18b9d70099b718abd70fe2f49a3bad67c7b9772bb20f4ad55eb7,2026-09-06,downloaded
alipurduar_i_form_a_patlakhawa_pdf_643_87kb_2023030246.pdf,https://cdn.s3waas.gov.in/s33636638817772e42b59d74cff571fbb3/uploads/2023/03/2023030246.pdf,https://alipurduar.gov.in/information-window-pge-2023-form-a-form-b/,"Alipurduar- I, Form-A :- Patlakhawa (PDF 643.87KB )",2023,Alipurduar,final,gp_ward,659332,3d02f5e0466a842b67d0f9421c4f083451e51f3ee47cd5eb313d27d32636e680,2026-09-06,downloaded
alipurduar_i_form_a_purba_kathalbari_pdf_742_90kb_2023030222-1.pdf,https://cdn.s3waas.gov.in/s33636638817772e42b59d74cff571fbb3/uploads/2023/03/2023030222-1.pdf,https://alipurduar.gov.in/information-window-pge-2023-form-a-form-b/,"Alipurduar- I, Form-A :- Purba Kathalbari (PDF 742.90KB )",2023,Alipurduar,final,gp_ward,760734,9de76dcdf0c21d5e2fdb9d845a0838af5cfdb247e50091c2a527e964f5dd1f4d,2026-09-06,downloaded
alipurduar_i_form_a_salkumar_i_pdf_700_98kb_2023030273-1.pdf,https://cdn.s3waas.gov.in/s33636638817772e42b59d74cff571fbb3/uploads/2023/03/2023030273-1.pdf,https://alipurduar.gov.in/information-window-pge-2023-form-a-form-b/,"Alipurduar- I, Form-A :- Salkumar-I (PDF 700.98KB )",2023,Alipurduar,final,gp_ward,717810,b2582a5dcf1491d6b419acc2aeb4df8ad64c67335b7c3f22d0d8ee86346182a7,2026-09-06,downloaded
alipurduar_i_form_a_salkumar_ii_pdf_667_04kb_2023030244.pdf,https://cdn.s3waas.gov.in/s33636638817772e42b59d74cff571fbb3/uploads/2023/03/2023030244.pdf,https://alipurduar.gov.in/information-window-pge-2023-form-a-form-b/,"Alipurduar- I, Form-A :- Salkumar-II (PDF 667.04KB )",2023,Alipurduar,final,gp_ward,683050,28c0cf29205dc1ac6e202ba866984f1959169136871e94427000a72781ef8144,2026-09-06,downloaded
alipurduar_i_form_a_tapshikhata_pdf_701_33kb_2023030225.pdf,https://cdn.s3waas.gov.in/s33636638817772e42b59d74cff571fbb3/uploads/2023/03/2023030225.pdf,https://alipurduar.gov.in/information-window-pge-2023-form-a-form-b/,"Alipurduar- I, Form-A :- Tapshikhata (PDF 701.33KB )",2023,Alipurduar,final,gp_ward,718167,a5bdfae04ed429c37692d638ac22a6b15db3e8279e323dee0bcc7d1f35877177,2026-09-06,downloaded
alipurduar_i_form_a_vivekananda_i_pdf_694_70kb_2023030242.pdf,https://cdn.s3waas.gov.in/s33636638817772e42b59d74cff571fbb3/uploads/2023/03/2023030242.pdf,https://alipurduar.gov.in/information-window-pge-2023-form-a-form-b/,"Alipurduar- I, Form-A :- Vivekananda-I (PDF 694.70KB )",2023,Alipurduar,final,gp_ward,711378,bd320388cf435ef3768f806dcc60be3f5853f720cf29fd68188a5828c9862114,2026-09-06,downloaded
alipurduar_i_form_a_vivekananda_ii_pdf_753_19_2023030263-1.pdf,https://cdn.s3waas.gov.in/s33636638817772e42b59d74cff571fbb3/uploads/2023/03/2023030263-1.pdf,https://alipurduar.gov.in/information-window-pge-2023-form-a-form-b/,"Alipurduar- I, Form-A :- Vivekananda-II (PDF 753.19 )",2023,Alipurduar,final,gp_ward,771270,16bdfe9959fd7b834980dc8697b867d8dee23d09d127f74dbd33b0ee5698920a,2026-09-06,downloaded
alipurduar_i_form_b_alipurduar_i_ps_pdf_3_28mb_2023030261.pdf,https://cdn.s3waas.gov.in/s33636638817772e42b59d74cff571fbb3/uploads/2023/03/2023030261.pdf,https://alipurduar.gov.in/information-window-pge-2023-form-a-form-b/,"Alipurduar- I, Form-B :- Alipurduar I PS (PDF 3.28MB )",2023,Alipurduar,final,block_member,3447980,54d865158720155dd65567b47d979b795380bc285929b4c36d8a22a2ba273d1e,2026-09-06,downloaded
alipurduar_ii_form_a_bhatibari_pdf_1_27mb_2023030217.pdf,https://cdn.s3waas.gov.in/s33636638817772e42b59d74cff571fbb3/uploads/2023/03/2023030217.pdf,https://alipurduar.gov.in/information-window-pge-2023-form-a-form-b/,"Alipurduar-II, Form-A :- Bhatibari (PDF 1.27MB )",2023,Alipurduar,final,gp_ward,1333230,60caafae458952ec1c8b5752524ac7705f2f0ba7a1f82ed7b4d264b85c558509,2026-09-06,downloaded
alipurduar_ii_form_a_chaporerpar_i_pdf_0_98mb_2023030285.pdf,https://cdn.s3waas.gov.in/s33636638817772e42b59d74cff571fbb3/uploads/2023/03/2023030285.pdf,https://alipurduar.gov.in/information-window-pge-2023-form-a-form-b/,"Alipurduar-II, Form-A :- Chaporerpar-I (PDF 0.98MB )",2023,Alipurduar,final,gp_ward,1035189,00f2e4ee7d90b6fb3de7f2f2562f402eae055a4eaec5e28dc8f722d7278c7ecb,2026-09-06,downloaded
alipurduar_ii_form_a_chaporerpar_ii_pdf_965_15kb_2023030216.pdf,https://cdn.s3waas.gov.in/s33636638817772e42b59d74cff571fbb3/uploads/2023/03/2023030216.pdf,https://alipurduar.gov.in/information-window-pge-2023-form-a-form-b/,"Alipurduar-II, Form-A :- Chaporerpar-II (PDF 965.15KB )",2023,Alipurduar,final,gp_ward,988321,3f6e808b771e3a95f318119310c5db9b68e7624110bac4e380117c1d56caef43,2026-09-06,downloaded
alipurduar_ii_form_a_kohinoor_pdf_880_15kb_2023030213-1.pdf,https://cdn.s3waas.gov.in/s33636638817772e42b59d74cff571fbb3/uploads/2023/03/2023030213-1.pdf,https://alipurduar.gov.in/information-window-pge-2023-form-a-form-b/,"Alipurduar-II, Form-A :- Kohinoor (PDF 880.15KB )",2023,Alipurduar,final,gp_ward,901278,e048ac2a538548d787687b2930a73b02b9d28397be25bac4df1f67f48e9c1cf3,2026-09-06,downloaded
alipurduar_ii_form_a_mahakalguri_pdf_1_25mb_2023030241.pdf,https://cdn.s3waas.gov.in/s33636638817772e42b59d74cff571fbb3/uploads/2023/03/2023030241.pdf,https://alipurduar.gov.in/information-window-pge-2023-form-a-form-b/,"Alipurduar-II, Form-A :- Mahakalguri (PDF 1.25MB )",2023,Alipurduar,final,gp_ward,1312840,030ca654009bebed7e91f42f29aeef4bc8c31b9352235c0a894c7c32f85a46b6,2026-09-06,downloaded
alipurduar_ii_form_a_majherdabri_pdf_1_34mb_2023030294.pdf,https://cdn.s3waas.gov.in/s33636638817772e42b59d74cff571fbb3/uploads/2023/03/2023030294.pdf,https://alipurduar.gov.in/information-window-pge-2023-form-a-form-b/,"Alipurduar-II, Form-A :- Majherdabri (PDF 1.34MB )",2023,Alipurduar,final,gp_ward,1407538,a4a8377a536464b4399a23e39b8014132e738cd23aed0aee1f845e4d7d4bbdeb,2026-09-06,downloaded
alipurduar_ii_form_a_parokata_pdf_1_28mb_2023030226.pdf,https://cdn.s3waas.gov.in/s33636638817772e42b59d74cff571fbb3/uploads/2023/03/2023030226.pdf,https://alipurduar.gov.in/information-window-pge-2023-form-a-form-b/,"Alipurduar-II, Form-A :- Parokata (PDF 1.28MB )",2023,Alipurduar,final,gp_ward,1349789,19612a217ffa56fff35cb1966a744f8fe1b319a7bcf4acf6d5226e897ba53f06,2026-09-06,downloaded
alipurduar_ii_form_a_samuktola_pdf_1_27mb_2023030223.pdf,https://cdn.s3waas.gov.in/s33636638817772e42b59d74cff571fbb3/uploads/2023/03/2023030223.pdf,https://alipurduar.gov.in/information-window-pge-2023-form-a-form-b/,"Alipurduar-II, Form-A :- Samuktola (PDF 1.27MB )",2023,Alipurduar,final,gp_ward,1339912,15d3ab2ac6b3ef1810923d9520fd82bd25035f14dae94c94511d398ac44ac84d,2026-09-06,downloaded
alipurduar_ii_form_a_tatpara_i_pdf_950_51kb_2023030247.pdf,https://cdn.s3waas.gov.in/s33636638817772e42b59d74cff571fbb3/uploads/2023/03/2023030247.pdf,https://alipurduar.gov.in/information-window-pge-2023-form-a-form-b/,"Alipurduar-II, Form-A :- Tatpara-I (PDF 950.51KB )",2023,Alipurduar,final,gp_ward,973329,8274b20419abe1b2d03c2eb3f45693bb541794f1b87b121482718deba3580bfc,2026-09-06,downloaded
alipurduar_ii_form_a_tatpara_ii_pdf_967_06kb_2023030262.pdf,https://cdn.s3waas.gov.in/s33636638817772e42b59d74cff571fbb3/uploads/2023/03/2023030262.pdf,https://alipurduar.gov.in/information-window-pge-2023-form-a-form-b/,"Alipurduar-II, Form-A :- Tatpara-II (PDF 967.06KB )",2023,Alipurduar,final,gp_ward,990277,b579456050b3ab6f672a46ffbde380541590e4aea1c20960a08d7c6a6c33fd6f,2026-09-06,downloaded
alipurduar_ii_form_a_turturi_pdf_926_24kb_2023030250.pdf,https://cdn.s3waas.gov.in/s33636638817772e42b59d74cff571fbb3/uploads/2023/03/2023030250.pdf,https://alipurduar.gov.in/information-window-pge-2023-form-a-form-b/,"Alipurduar-II, Form-A :- Turturi (PDF 926.24KB )",2023,Alipurduar,final,gp_ward,948473,1d0128cf56d16a6ca6528d3ce50291b2f7a6ab0fae60668d452fb2e157e0ab30,2026-09-06,downloaded
alipurduar_ii_form_b_alipurduar_ii_ps_pdf_2_16mb_2023030261-1.pdf,https://cdn.s3waas.gov.in/s33636638817772e42b59d74cff571fbb3/uploads/2023/03/2023030261-1.pdf,https://alipurduar.gov.in/information-window-pge-2023-form-a-form-b/,"Alipurduar-II, Form-B :- Alipurduar- II PS (PDF 2.16MB )",2023,Alipurduar,final,block_member,2271018,0836ca2fdb6fbb505f04d4b548786bf4ec7f25bb191ee0580cf5aad60f849725,2026-09-06,downloaded
falakata_form_a_dalgaon_pdf_1_17mb_2023030253.pdf,https://cdn.s3waas.gov.in/s33636638817772e42b59d74cff571fbb3/uploads/2023/03/2023030253.pdf,https://alipurduar.gov.in/information-window-pge-2023-form-a-form-b/,"Falakata, Form-A :- Dalgaon (PDF 1.17MB )",2023,Alipurduar,final,gp_ward,1233112,8f4e20f4444a199a77a07cb6b611a5434a5f2ab85f275d7ccc6e3774520c64ab,2026-09-06,downloaded
falakata_form_a_deogaon_pdf_1_75mb_2023030298.pdf,https://cdn.s3waas.gov.in/s33636638817772e42b59d74cff571fbb3/uploads/2023/03/2023030298.pdf,https://alipurduar.gov.in/information-window-pge-2023-form-a-form-b/,"Falakata, Form-A :- Deogaon (PDF 1.75MB )",2023,Alipurduar,final,gp_ward,1839821,74d5ce8fa43717ba471159de4bc1f49988798b5d44b1afd50693a55c05b8b3e0,2026-09-06,downloaded
falakata_form_a_dhanirampur_i_pdf_1_77mb_2023030213-2.pdf,https://cdn.s3waas.gov.in/s33636638817772e42b59d74cff571fbb3/uploads/2023/03/2023030213-2.pdf,https://alipurduar.gov.in/information-window-pge-2023-form-a-form-b/,"Falakata, Form-A :- Dhanirampur-I (PDF 1.77MB )",2023,Alipurduar,final,gp_ward,1858708,a93e855eb79cd1ab6a35d795f93ea3249a27b4d38c3de39708bbb76bc31cbbdd,2026-09-06,downloaded
falakata_form_a_dhanirampur_ii_pdf_1_84mb_2023030273-2.pdf,https://cdn.s3waas.gov.in/s33636638817772e42b59d74cff571fbb3/uploads/2023/03/2023030273-2.pdf,https://alipurduar.gov.in/information-window-pge-2023-form-a-form-b/,"Falakata, Form-A :- Dhanirampur-II (PDF 1.84MB )",2023,Alipurduar,final,gp_ward,1934148,f980a1367b699c4277f3c4209fa339de71a0f79b0702e40d8481b18e09a45a53,2026-09-06,downloaded
falakata_form_a_falakata_ii_pdf_1_28mb_2023030274.pdf,https://cdn.s3waas.gov.in/s33636638817772e42b59d74cff571fbb3/uploads/2023/03/2023030274.pdf,https://alipurduar.gov.in/information-window-pge-2023-form-a-form-b/,"Falakata, Form-A :- Falakata-II (PDF 1.28MB )",2023,Alipurduar,final,gp_ward,1346710,8dcc73335e435569b65f56586a0ed419a2544257f38bfe493b46a58eebb0f8a8,2026-09-06,downloaded
falakata_form_a_guabarnagar_pdf_1_36mb_2023030270.pdf,https://cdn.s3waas.gov.in/s33636638817772e42b59d74cff571fbb3/uploads/2023/03/2023030270.pdf,https://alipurduar.gov.in/information-window-pge-2023-form-a-form-b/,"Falakata, Form-A :- Guabarnagar (PDF 1.36MB )",2023,Alipurduar,final,gp_ward,1427510,50a39b80f8ae30211dfdacd368c44176523275dadd89cb89107a7c2824dc2bff,2026-09-06,downloaded
falakata_form_a_jateswar_i_pdf_1_29mb_2023030253-1.pdf,https://cdn.s3waas.gov.in/s33636638817772e42b59d74cff571fbb3/uploads/2023/03/2023030253-1.pdf,https://alipurduar.gov.in/information-window-pge-2023-form-a-form-b/,"Falakata, Form-A :- Jateswar-I (PDF 1.29MB )",2023,Alipurduar,final,gp_ward,1356724,8896ae183159a835130e724fc638b90f4a8bcb0707b4282d26413f75564ac005,2026-09-06,downloaded
falakata_form_a_jateswar_ii_pdf_1_29mb_2023030246-1.pdf,https://cdn.s3waas.gov.in/s33636638817772e42b59d74cff571fbb3/uploads/2023/03/2023030246-1.pdf,https://alipurduar.gov.in/information-window-pge-2023-form-a-form-b/,"Falakata, Form-A :- Jateswar-II (PDF 1.29MB )",2023,Alipurduar,final,gp_ward,1362687,3e4d8a4d9355e35734ed1838c691e187510d7eaaaeb49eb2319958265c2e7567,2026-09-06,downloaded
falakata_form_a_mairadanga_pdf_1_27mb_2023030229.pdf,https://cdn.s3waas.gov.in/s33636638817772e42b59d74cff571fbb3/uploads/2023/03/2023030229.pdf,https://alipurduar.gov.in/information-window-pge-2023-form-a-form-b/,"Falakata, Form-A :- Mairadanga (PDF 1.27MB )",2023,Alipurduar,final,gp_ward,1967127,3246cc8ca896369667bcbc1b1b3046e237f64245bbf4f1f2c6f0aa7d6f93c5db,2026-09-06,downloaded
falakata_form_a_salkumar_pdf_1_83mb_2023030297-1.pdf,https://cdn.s3waas.gov.in/s33636638817772e42b59d74cff571fbb3/uploads/2023/03/2023030297-1.pdf,https://alipurduar.gov.in/information-window-pge-2023-form-a-form-b/,"Falakata, Form-A :- Salkumar (PDF 1.83MB )",2023,Alipurduar,final,gp_ward,1925756,2904b66ccbcba7061cbc3078b6ed9970fb139dcaf5d2f50b2857967fb21d01c7,2026-09-06,downloaded
falakata_form_b_falakata_ps_pdf_3_09mb_2023030275-1.pdf,https://cdn.s3waas.gov.in/s33636638817772e42b59d74cff571fbb3/uploads/2023/03/2023030275-1.pdf,https://alipurduar.gov.in/information-window-pge-2023-form-a-form-b/,"Falakata, Form-B :- Falakata-PS (PDF 3.09MB)",2023,Alipurduar,final,block_member,3248744,ae1aff5c1204cb9edc3282795f61dd1b01d14e201d63a948b6eceaee7c33933f,2026-09-06,downloaded
kalchini_form_a_chuapara_pdf_1_45mb_2023030298-1.pdf,https://cdn.s3waas.gov.in/s33636638817772e42b59d74cff571fbb3/uploads/2023/03/2023030298-1.pdf,https://alipurduar.gov.in/information-window-pge-2023-form-a-form-b/,"Kalchini, Form-A :- Chuapara (PDF 1.45MB )",2023,Alipurduar,final,gp_ward,1529658,0daf268b65ee34263ff1c196dadfa98ca9a88a0026daab0b414616c991d4dbac,2026-09-06,downloaded
kalchini_form_a_dalsingpara_pdf_1_33mb_2023030280.pdf,https://cdn.s3waas.gov.in/s33636638817772e42b59d74cff571fbb3/uploads/2023/03/2023030280.pdf,https://alipurduar.gov.in/information-window-pge-2023-form-a-form-b/,"Kalchini, Form-A :- Dalsingpara (PDF 1.33MB )",2023,Alipurduar,final,gp_ward,1399234,dd1dcdea236be8b1c453ab02d9909860b0ceed0daa2300c6ca124c5b64ebd2b8,2026-09-06,downloaded
kalchini_form_a_garopara_pdf_1_79mb_2023030241-1.pdf,https://cdn.s3waas.gov.in/s33636638817772e42b59d74cff571fbb3/uploads/2023/03/2023030241-1.pdf,https://alipurduar.gov.in/information-window-pge-2023-form-a-form-b/,"Kalchini, Form-A :- Garopara (PDF 1.79MB )",2023,Alipurduar,final,gp_ward,1878082,4df1175dced4e5a2e83ae1ec8b572a382b1920596f7e30d12cbb74eba5625da9,2026-09-06,downloaded
kalchini_form_a_jaigaon_i_pdf_2_21mb_2023030252.pdf,https://cdn.s3waas.gov.in/s33636638817772e42b59d74cff571fbb3/uploads/2023/03/2023030252.pdf,https://alipurduar.gov.in/information-window-pge-2023-form-a-form-b/,"Kalchini, Form-A :- Jaigaon-I (PDF 2.21MB )",2023,Alipurduar,final,gp_ward,2323244,15d86f75088c2147ab7907b26404fff1ea4cb1a81d9c01cf3fac0b842e7760ed,2026-09-06,downloaded
kalchini_form_a_jaigaon_ii_pdf_2_39mb_2023030265.pdf,https://cdn.s3waas.gov.in/s33636638817772e42b59d74cff571fbb3/uploads/2023/03/2023030265.pdf,https://alipurduar.gov.in/information-window-pge-2023-form-a-form-b/,"Kalchini, Form-A :- Jaigaon-II (PDF 2.39MB )",2023,Alipurduar,final,gp_ward,2516819,8068b7e2eb37e4c50b9210ee68a804c7bc0f8306978733c5ffd84267da814887,2026-09-06,downloaded
kalchini_form_a_kalchini_pdf_2_13mb_2023030254.pdf,https://cdn.s3waas.gov.in/s33636638817772e42b59d74cff571fbb3/uploads/2023/03/2023030254.pdf,https://alipurduar.gov.in/information-window-pge-2023-form-a-form-b/,"Kalchini, Form-A :- Kalchini (PDF 2.13MB )",2023,Alipurduar,final,gp_ward,2244389,75c0906e98e128480178676b039e3e69cdaeefbeaae9c0b104ade02843149d00,2026-09-06,downloaded
kalchini_form_a_latabari_pdf_1_70mb_2023030222-2.pdf,https://cdn.s3waas.gov.in/s33636638817772e42b59d74cff571fbb3/uploads/2023/03/2023030222-2.pdf,https://alipurduar.gov.in/information-window-pge-2023-form-a-form-b/,"Kalchini, Form-A :- Latabari (PDF 1.70MB )",2023,Alipurduar,final,gp_ward,1788275,ee3ab2fb96c0754e7b993bb7128d6eace6e023242c9a498616d3845260c71cb6,2026-09-06,downloaded
kalchini_form_a_malangi_pdf_1_82mb_2023030240.pdf,https://cdn.s3waas.gov.in/s33636638817772e42b59d74cff571fbb3/uploads/2023/03/2023030240.pdf,https://alipurduar.gov.in/information-window-pge-2023-form-a-form-b/,"Kalchini, Form-A :- Malangi (PDF 1.82MB )",2023,Alipurduar,final,gp_ward,1914642,f15b86b8763121f09ff3eb19c764418cc53071373d0504118e2ea9348d878701,2026-09-06,downloaded
kalchini_form_a_mendabari_pdf_1_30mb_2023030254-1.pdf,https://cdn.s3waas.gov.in/s33636638817772e42b59d74cff571fbb3/uploads/2023/03/2023030254-1.pdf,https://alipurduar.gov.in/information-window-pge-2023-form-a-form-b/,"Kalchini, Form-A :- Mendabari (PDF 1.30MB )",2023,Alipurduar,final,gp_ward,1366956,5342cb823021d58a996727ff5b1b6ccfb4e98a390a28804209a79b88f68f44a2,2026-09-06,downloaded
kalchini_form_a_rajabhatkhawa_pdf_1_34mb_2023030225-1.pdf,https://cdn.s3waas.gov.in/s33636638817772e42b59d74cff571fbb3/uploads/2023/03/2023030225-1.pdf,https://alipurduar.gov.in/information-window-pge-2023-form-a-form-b/,"Kalchini, Form-A :- Rajabhatkhawa (PDF 1.34MB )",2023,Alipurduar,final,gp_ward,1410123,4b05c164447ebb093057eb8d9ee384354df330199275d0c5b9fed06ec72cba5e,2026-09-06,downloaded
kalchini_form_a_satali_pdf_1_41mb_2023030277.pdf,https://cdn.s3waas.gov.in/s33636638817772e42b59d74cff571fbb3/uploads/2023/03/2023030277.pdf,https://alipurduar.gov.in/information-window-pge-2023-form-a-form-b/,"Kalchini, Form-A :- Satali (PDF 1.41MB )",2023,Alipurduar,final,gp_ward,1489512,fd5a3b7aa6f793a7ac622c06a71d861a3083e0f77d47a05cfbeb76f611c310e3,2026-09-06,downloaded
kalchini_form_b_kalchini_ps_pdf_3_67mb_2023030243-1.pdf,https://cdn.s3waas.gov.in/s33636638817772e42b59d74cff571fbb3/uploads/2023/03/2023030243-1.pdf,https://alipurduar.gov.in/information-window-pge-2023-form-a-form-b/,"Kalchini, Form-B :- Kalchini-PS (PDF 3.67MB )",2023,Alipurduar,final,block_member,3857853,b108ce3a9346fbc3d16aa246d8a55725c8416769a1a5a9ce736d86c0c5b97048,2026-09-06,downloaded
kumargram_form_a_chengmari_pdf_1_17mb_2023030237-1.pdf,https://cdn.s3waas.gov.in/s33636638817772e42b59d74cff571fbb3/uploads/2023/03/2023030237-1.pdf,https://alipurduar.gov.in/information-window-pge-2023-form-a-form-b/,"Kumargram, Form-A :- Chengmari (PDF 1.17MB )",2023,Alipurduar,final,gp_ward,1235219,17aecb25bdaa236dee6f4eda5c363d9e4aa5060dc668b5d2215d0e2490976d7d,2026-09-06,downloaded
kumargram_form_a_kamakhyaguri_i_pdf_1_17mb_2023030293.pdf,https://cdn.s3waas.gov.in/s33636638817772e42b59d74cff571fbb3/uploads/2023/03/2023030293.pdf,https://alipurduar.gov.in/information-window-pge-2023-form-a-form-b/,"Kumargram, Form-A :- Kamakhyaguri-I (PDF 1.17MB )",2023,Alipurduar,final,gp_ward,1231891,dfe53610dd7b11150305318eb363498dce67acd5f3f5a15906a0bfba83940957,2026-09-06,downloaded
kumargram_form_a_kamakhyaguri_ii_pdf_1_23mb_2023030231.pdf,https://cdn.s3waas.gov.in/s33636638817772e42b59d74cff571fbb3/uploads/2023/03/2023030231.pdf,https://alipurduar.gov.in/information-window-pge-2023-form-a-form-b/,"Kumargram, Form-A :- Kamakhyaguri-II (PDF 1.23MB )",2023,Alipurduar,final,gp_ward,1300226,d5c2b5472c7cc94c0484db61a18b0fb2655e011f6c1efd484689d2546b472263,2026-09-06,downloaded
kumargram_form_a_khoardanga_i_pdf_1_16mb_2023030241-2.pdf,https://cdn.s3waas.gov.in/s33636638817772e42b59d74cff571fbb3/uploads/2023/03/2023030241-2.pdf,https://alipurduar.gov.in/information-window-pge-2023-form-a-form-b/,"Kumargram, Form-A :- Khoardanga-I (PDF 1.16MB )",2023,Alipurduar,final,gp_ward,1226565,39b635244b3d836733c8e1970f8c03b5b6aa1b1cbffc3a1883c64344cb8ab3ff,2026-09-06,downloaded
kumargram_form_a_khoardanga_ii_pdf_1_12mb_2023030272.pdf,https://cdn.s3waas.gov.in/s33636638817772e42b59d74cff571fbb3/uploads/2023/03/2023030272.pdf,https://alipurduar.gov.in/information-window-pge-2023-form-a-form-b/,"Kumargram, Form-A :- Khoardanga-II (PDF 1.12MB )",2023,Alipurduar,final,gp_ward,1178894,50f4cd6eb99e8d002c64a76bc8bc8326eaa7d8b4765c0d2c8b3df2079c655739,2026-09-06,downloaded
kumargram_form_a_kumargram_pdf_1_74mb_2023030255-1.pdf,https://cdn.s3waas.gov.in/s33636638817772e42b59d74cff571fbb3/uploads/2023/03/2023030255-1.pdf,https://alipurduar.gov.in/information-window-pge-2023-form-a-form-b/,"Kumargram, Form-A :- Kumargram (PDF 1.74MB )",2023,Alipurduar,final,gp_ward,1828497,b622b7c5ce924c7918f22123288c6c77085c81ab079d373fbacacd25f18792a2,2026-09-06,downloaded
kumargram_form_a_nks_gp_pdf_1_68mb_2023030298-2.pdf,https://cdn.s3waas.gov.in/s33636638817772e42b59d74cff571fbb3/uploads/2023/03/2023030298-2.pdf,https://alipurduar.gov.in/information-window-pge-2023-form-a-form-b/,"Kumargram, Form-A :- NKS GP (PDF 1.68MB )",2023,Alipurduar,final,gp_ward,1767282,cabc59921bf5bb762c9247a211c1361b635bcf79c8ca143957d3bb409d2555eb,2026-09-06,downloaded
kumargram_form_a_rydak_gp_pdf_1_71mb_2023030280-1.pdf,https://cdn.s3waas.gov.in/s33636638817772e42b59d74cff571fbb3/uploads/2023/03/2023030280-1.pdf,https://alipurduar.gov.in/information-window-pge-2023-form-a-form-b/,"Kumargram, Form-A :- Rydak GP (PDF 1.71MB )",2023,Alipurduar,final,gp_ward,1797294,2db58a87965de29139baa648ac2c01c8910a867e4b5cc05b6304c0c482d04217,2026-09-06,downloaded
kumargram_form_a_turturikhanda_pdf_1_73mb_2023030234.pdf,https://cdn.s3waas.gov.in/s33636638817772e42b59d74cff571fbb3/uploads/2023/03/2023030234.pdf,https://alipurduar.gov.in/information-window-pge-2023-form-a-form-b/,"Kumargram, Form-A :- Turturikhanda (PDF 1.73MB )",2023,Alipurduar,final,gp_ward,1821930,6d8b4c5c08e57a8c15c50f79ba89643fe383f21b697ba98b15f5c6afb44d7344,2026-09-06,downloaded
kumargram_form_a_volka_barobisha_i_pdf_1_20mb_2023030254-2.pdf,https://cdn.s3waas.gov.in/s33636638817772e42b59d74cff571fbb3/uploads/2023/03/2023030254-2.pdf,https://alipurduar.gov.in/information-window-pge-2023-form-a-form-b/,"Kumargram, Form-A :- Volka-Barobisha-I (PDF 1.20MB )",2023,Alipurduar,final,gp_ward,1268784,fab63efc73332bec4dbf1e96aa4eba26111e63ec6da28363350a62f86609b19b,2026-09-06,downloaded
kumargram_form_a_volka_barobisha_ii_pdf_1_15mb_2023030260.pdf,https://cdn.s3waas.gov.in/s33636638817772e42b59d74cff571fbb3/uploads/2023/03/2023030260.pdf,https://alipurduar.gov.in/information-window-pge-2023-form-a-form-b/,"Kumargram, Form-A :- Volka-Barobisha-II (PDF 1.15MB )",2023,Alipurduar,final,gp_ward,1207500,bfb7282d49bdbf8c74fa30d60b7fd2ae5cd904d6cbf5cfda05159ca50562ca65,2026-09-06,downloaded
kumargram_form_b_kumargram_ps_pdf_3_35mb_2023030252-1.pdf,https://cdn.s3waas.gov.in/s33636638817772e42b59d74cff571fbb3/uploads/2023/03/2023030252-1.pdf,https://alipurduar.gov.in/information-window-pge-2023-form-a-form-b/,"Kumargram, Form-B :- Kumargram-PS (PDF 3.35MB )",2023,Alipurduar,final,block_member,3517411,e302cfa47f7583622f52c20ecfd5726d35448d598171ed9820d37aaaebb04139,2026-09-06,downloaded
madarihat_form_a_bandapani_pdf_1_03mb_2023030288.pdf,https://cdn.s3waas.gov.in/s33636638817772e42b59d74cff571fbb3/uploads/2023/03/2023030288.pdf,https://alipurduar.gov.in/information-window-pge-2023-form-a-form-b/,"Madarihat, Form-A :- Bandapani (PDF 1.03MB )",2023,Alipurduar,final,gp_ward,1087230,6745e79e208790f1574db489ed5ef0912db0adfdee391d559c38638e4baaa17c,2026-09-06,downloaded
madarihat_form_a_birpara_i_pdf_1_30mb_2023030235.pdf,https://cdn.s3waas.gov.in/s33636638817772e42b59d74cff571fbb3/uploads/2023/03/2023030235.pdf,https://alipurduar.gov.in/information-window-pge-2023-form-a-form-b/,"Madarihat, Form-A :- Birpara-I (PDF 1.30MB )",2023,Alipurduar,final,gp_ward,1371527,c1a01197d5db0a797113eb3bcf486a64f7ede8bf83f42a1973e606897168371f,2026-09-06,downloaded
madarihat_form_a_birpara_ii_pdf_1_02mb_2023030255-2.pdf,https://cdn.s3waas.gov.in/s33636638817772e42b59d74cff571fbb3/uploads/2023/03/2023030255-2.pdf,https://alipurduar.gov.in/information-window-pge-2023-form-a-form-b/,"Madarihat, Form-A :- Birpara-II (PDF 1.02MB )",2023,Alipurduar,final,gp_ward,1075038,5092b4f06881279fabd0c56aa7b5aded1333d8ef50c73091db951bfd9b516db6,2026-09-06,downloaded
madarihat_form_a_hantapara_pdf_930_23kb_2023030275-2.pdf,https://cdn.s3waas.gov.in/s33636638817772e42b59d74cff571fbb3/uploads/2023/03/2023030275-2.pdf,https://alipurduar.gov.in/information-window-pge-2023-form-a-form-b/,"Madarihat, Form-A :- Hantapara (PDF 930.23KB )",2023,Alipurduar,final,gp_ward,952563,197258879b537251f8e291fb4a0406861a2674e9b2fbd5853f3d50477d454a9a,2026-09-06,downloaded
madarihat_form_a_khairbari_pdf_1_03mb_2023030264.pdf,https://cdn.s3waas.gov.in/s33636638817772e42b59d74cff571fbb3/uploads/2023/03/2023030264.pdf,https://alipurduar.gov.in/information-window-pge-2023-form-a-form-b/,"Madarihat, Form-A :- Khairbari (PDF 1.03MB )",2023,Alipurduar,final,gp_ward,1085499,bfbdfd4cd2ea6e2faf50c3e8a2284299b2d0b856dbee5e6ce72d06d5edf05841,2026-09-06,downloaded
madarihat_form_a_lankapara_pdf_846_86kb_2023030289.pdf,https://cdn.s3waas.gov.in/s33636638817772e42b59d74cff571fbb3/uploads/2023/03/2023030289.pdf,https://alipurduar.gov.in/information-window-pge-2023-form-a-form-b/,"Madarihat, Form-A :- Lankapara (PDF 846.86KB )",2023,Alipurduar,final,gp_ward,867194,903a706c3136fcb57a21618ae5289da9349d002da6e235089f272495f0225ed5,2026-09-06,downloaded
madarihat_form_a_madarihat_pdf_854_76kb_2023030275-3.pdf,https://cdn.s3waas.gov.in/s33636638817772e42b59d74cff571fbb3/uploads/2023/03/2023030275-3.pdf,https://alipurduar.gov.in/information-window-pge-2023-form-a-form-b/,"Madarihat, Form-A :- Madarihat (PDF 854.76KB )",2023,Alipurduar,final,gp_ward,875280,dddc11fa0983c7ff430d2444b6dbc4260704d0b6d512b0f2052605f2df8c9718,2026-09-06,downloaded
madarihat_form_a_rangalibazna_pdf_875_46kb_2023030236.pdf,https://cdn.s3waas.gov.in/s33636638817772e42b59d74cff571fbb3/uploads/2023/03/2023030236.pdf,https://alipurduar.gov.in/information-window-pge-2023-form-a-form-b/,"Madarihat, Form-A :- Rangalibazna (PDF 875.46KB )",2023,Alipurduar,final,gp_ward,896477,b486b859f4651038bd63ff7de073e2a8088705a6384d165aaf5d438c8b1526fb,2026-09-06,downloaded
madarihat_form_a_sishujhumra_pdf_1_58mb_2023030282-1.pdf,https://cdn.s3waas.gov.in/s33636638817772e42b59d74cff571fbb3/uploads/2023/03/2023030282-1.pdf,https://alipurduar.gov.in/information-window-pge-2023-form-a-form-b/,"Madarihat, Form-A :- Sishujhumra (PDF 1.58MB )",2023,Alipurduar,final,gp_ward,1666193,c11b669df482fcf05b374e3ca044c8bbac4b0579ba79c8481bf242cee2fe947f,2026-09-06,downloaded
madarihat_form_a_totopara_ballalguri_pdf_477_56kb_2023030259.pdf,https://cdn.s3waas.gov.in/s33636638817772e42b59d74cff571fbb3/uploads/2023/03/2023030259.pdf,https://alipurduar.gov.in/information-window-pge-2023-form-a-form-b/,"Madarihat, Form-A :- Totopara-Ballalguri (PDF 477.56KB )",2023,Alipurduar,final,gp_ward,489023,6541c2a69b739fc48ed23998537e711d0faa0da504f59904ff79d2f7c7580e54,2026-09-06,downloaded
madarihat_form_b_madarihat_birpara_ps_pdf_1_58mb_2023030267.pdf,https://cdn.s3waas.gov.in/s33636638817772e42b59d74cff571fbb3/uploads/2023/03/2023030267.pdf,https://alipurduar.gov.in/information-window-pge-2023-form-a-form-b/,"Madarihat, Form-B :- Madarihat-Birpara-PS (PDF 1.58MB )",2023,Alipurduar,final,block_member,1663227,5b5657be1a61683f784ac72aba2957d36f174201879ecd5d913f8e23bd23b1be,2026-09-06,downloaded
final_order_for_reservation_of_office_bearer_icw_zilla_parishad_view_pdf_2_mb_2023030243.pdf,https://cdn.s3waas.gov.in/s33636638817772e42b59d74cff571fbb3/uploads/2023/03/2023030243.pdf,https://alipurduar.gov.in/information-window-pge-2023-2/,Final Order for Reservation of Office Bearer icw Zilla Parishad View (PDF 2 MB),2023,Alipurduar,final,office_or_zp,2109508,e832905b97b1a389c628e510abfc927981763be13e1b0864bdcf8a06ded80651,2026-09-06,downloaded
form1b_sabhapati_view_pdf_508_kb_2023030213.pdf,https://cdn.s3waas.gov.in/s33636638817772e42b59d74cff571fbb3/uploads/2023/03/2023030213.pdf,https://alipurduar.gov.in/information-window-pge-2023-2/,Form1B Sabhapati View (PDF 508 KB),2023,Alipurduar,final,office_or_zp,520515,d95d88ab6414b9ba10c818165f350d2fb881189c8d2f5a2edd102c1299e8d1e9,2026-09-06,downloaded
form1b_sahakari_sabhapati_view_pdf_486_kb_2023030255.pdf,https://cdn.s3waas.gov.in/s33636638817772e42b59d74cff571fbb3/uploads/2023/03/2023030255.pdf,https://alipurduar.gov.in/information-window-pge-2023-2/,Form1B Sahakari-Sabhapati View (PDF 486 KB),2023,Alipurduar,final,office_or_zp,498000,050451281ac4ff997842d0999d42344f99886a323d9f367152028d00ae5f57bb,2026-09-06,downloaded
form1b_pradhan_view_pdf_914_kb_2023030228.pdf,https://cdn.s3waas.gov.in/s33636638817772e42b59d74cff571fbb3/uploads/2023/03/2023030228.pdf,https://alipurduar.gov.in/information-window-pge-2023-2/,Form1B Pradhan View (PDF 914 KB),2023,Alipurduar,final,gp_head,935728,4c6f94270d610059c90b650646b82d200067bfdddd9993c3087c2ef5a9e93899,2026-09-06,downloaded
form1b_upa_pradhan_view_pdf_590_kb_2023030278.pdf,https://cdn.s3waas.gov.in/s33636638817772e42b59d74cff571fbb3/uploads/2023/03/2023030278.pdf,https://alipurduar.gov.in/information-window-pge-2023-2/,Form1B Upa-Pradhan View (PDF 590 KB),2023,Alipurduar,final,gp_deputy,604050,bbd210aed7e3b06d6339440eb52b3e638dd76c020bb640c458addef5523f7ae5,2026-09-06,downloaded
west_bengal_stat_election_commission_draft_order_for_reservation_of_office_bearer_icw_zilla_parishad_2023_view_2023030237.pdf,https://cdn.s3waas.gov.in/s33636638817772e42b59d74cff571fbb3/uploads/2023/03/2023030237.pdf,https://alipurduar.gov.in/information-window-pge-2023-2/,"West Bengal Stat Election Commission Draft Order for Reservation of Office Bearer icw Zilla Parishad, 2023 View (PDF 592 KB)",2023,Alipurduar,draft,office_or_zp,606228,e6e6140ef80b5998ce7dc02385ef014f3ddeb67ce154133f62ff060dd94b609d,2026-09-06,downloaded
form_1a_upa_pradhan_view_pdf_737_kb_2023030292.pdf,https://cdn.s3waas.gov.in/s33636638817772e42b59d74cff571fbb3/uploads/2023/03/2023030292.pdf,https://alipurduar.gov.in/information-window-pge-2023-2/,Form 1A Upa-Pradhan View (PDF 737 KB),2023,Alipurduar,draft,gp_deputy,754812,c94f363f20effead613bd74ad5c6885fd2b4bd2904641a1740653c2a5880f706,2026-09-06,downloaded
form_1a_sahakari_sabhapati_view_pdf_611_kb_2023030273.pdf,https://cdn.s3waas.gov.in/s33636638817772e42b59d74cff571fbb3/uploads/2023/03/2023030273.pdf,https://alipurduar.gov.in/information-window-pge-2023-2/,Form 1A Sahakari-Sabhapati View (PDF 611 KB),2023,Alipurduar,draft,office_or_zp,625613,535bb0e14f8cc7fc02760873bd41b7a720425bb8c4a325c0ca7a60fefb143c18,2026-09-06,downloaded
form_1a_sabhapati_view_pdf_628_kb_2023030297.pdf,https://cdn.s3waas.gov.in/s33636638817772e42b59d74cff571fbb3/uploads/2023/03/2023030297.pdf,https://alipurduar.gov.in/information-window-pge-2023-2/,Form 1A Sabhapati View (PDF 628 KB),2023,Alipurduar,draft,office_or_zp,642650,905fe1f58a347fc95973bcae468d16871f8a04eb116461b63ede602707b3b6ce,2026-09-06,downloaded
form_1a_pradhan_view_pdf_1_mb_2023030211.pdf,https://cdn.s3waas.gov.in/s33636638817772e42b59d74cff571fbb3/uploads/2023/03/2023030211.pdf,https://alipurduar.gov.in/information-window-pge-2023-2/,Form 1A Pradhan View (PDF 1 MB),2023,Alipurduar,draft,gp_head,1147282,103f216a2639fd1d114f26e87ed846966ca61d8756623d85fdb86088ea32a5a1,2026-09-06,downloaded
publication_of_final_order_showing_the_delimitation_of_constituencies_and_reservation_of_seats_for_the_zilla_p_2023030137.pdf,https://cdn.s3waas.gov.in/s33636638817772e42b59d74cff571fbb3/uploads/2023/03/2023030137.pdf,https://alipurduar.gov.in/information-window-pge-2023-2/,"Publication of Final order showing the Delimitation of Constituencies and Reservation of Seats for the Zilla Parishad for the ensuing Panchayat General Election, 2023 View (PDF 472 KB)",2023,Alipurduar,final,office_or_zp,483611,7575b42aaab72a3b77784e6df30ef45d81d68db188a196449fce3a4f0892258f,2026-09-06,downloaded
publication_of_draft_order_showing_the_delimitation_of_constituencies_and_reservation_of_seats_for_the_alipurd_2023022874.pdf,https://cdn.s3waas.gov.in/s33636638817772e42b59d74cff571fbb3/uploads/2023/02/2023022874.pdf,https://alipurduar.gov.in/information-window-pge-2023-2/,"Publication of Draft order showing the Delimitation of Constituencies and Reservation of Seats for the Alipurduar Zilla Parishad in Form C for the ensuing Panchayat General Election, 2023 View (PDF 940 KB)",2023,Alipurduar,draft,office_or_zp,962877,cce318186a4ceb534c0eb6df9088f81f488776bb93ebd2fce3f68e52dd178004,2026-09-06,downloaded
