file,url,sha256,bytes,kind,role
raw/6885849390af6623.json,https://dataverse.harvard.edu/api/datasets/:persistentId/?persistentId=doi:10.7910/DVN/PXV79W,7d7b529a7024c163da33a6b6bb8e06b51ecb27c1496d0b4917eb69d181072153,405,research_reference_or_search_index,not_counted
raw/1e999801191968bf.html,https://siligurimahakumaparishad.in/,02a05f35843f468540a9e36181ad584e4318050beff8a5e25fa3724b26ba6091,20162,research_reference_or_search_index,not_counted
raw/45416c4165a8ff5c.html,https://siligurimahakumaparishad.in/profile.php,a8ddc310512ae78a422884f1af0ce419ed61f1b01a43656b601d6b11912670a2,11599,research_reference_or_search_index,not_counted
raw/a190ebc6396faa6a.html,https://www.nber.org/data-appendix/w32158/,0da5a7f34bbe75b39c08b7fc4eb47dbf16be21c057ffa5752cc99da2ff1e0215,1114,research_reference_or_search_index,not_counted
raw/956011236e843314.html,https://www.econometricsociety.org/publications/quantitative-economics/2024/07/01/How-Do-Voters-Respond-to-Welfare-vis-%C3%A0-vis-Public-Good-Programs-Theory-and-Evidence-of-Political-Clientelism,2785b92a3f09b3aeba4ac3d3c6c80381c34fbfbe031e97f7290677d197e31304,71030,research_reference_or_search_index,not_counted
raw/3ff045353cd435ee.pdf,https://people.bu.edu/dilipm/publications/wbtreserv.pdf,36a06078efdc34352c235c60b722169f459b245d7fc0ced8b9ad8b26aa2db7a3,138421,research_reference_or_search_index,not_counted
raw/a624fd3744bb949e.html,https://www.aeaweb.org/articles?id=10.1257/aer.100.4.1572,465684e53c8d7e4e7a0e065cdc2e97c9e785e1fd6d837a7c8d43fb7565c4fcc1,29925,research_reference_or_search_index,not_counted
raw/98420a4c57d8abeb.json,https://api.datacite.org/dois/10.7910/DVN/PXV79W,1579a687baa515f692ddeaf14f1b96b9453603d3ca9bf7fd5e8b0a38b6251118,22453,research_reference_or_search_index,not_counted
raw/5bcf7014f0f2a3f4.pdf,https://www.aeaweb.org/content/file?id=5377,7b27ce9e809402f2b623a473ccb5ec6a2b00b72da59eef7512484abfff509f8d,1941611,unrelated_article,excluded_Mexico_cheating_and_incentives_not_WB
raw/9a43a07fe107d043.json,"http://web.archive.org/cdx/search/cdx?url=wbsec.gov.in/*&to=2007&filter=statuscode:200&collapse=urlkey&output=json&fl=original,timestamp,mimetype&limit=10000&showResumeKey=true",37517e5f3dc66819f61f5a7bb8ace1921282415f10551d2defa5c3eb0985b570,3,archive_index,not_counted
raw/cdff11e9c8a417fa.pdf,https://ir.nbu.ac.in/server/api/core/bitstreams/146b2c7b-aa0d-4c68-aab9-421b643f927f/content,99daf68bbaf0efa04cfb369fecdcdfc3ac2b634720a274d29682a3b313b934b9,1002959,research_reference_or_search_index,not_counted
raw/75e7fb3c3948cb0a.html,http://web.archive.org/web/20050101202619id_/http://bardhaman.nic.in:80/election/pan_result/pancha.html,bf77e565488adf00f194d4501aa6a16ee824322e332e8eb5e1cfde1660868bd4,5917,election_results,tabled_no_reservation
raw/a0494a04addbce16.json,"http://web.archive.org/cdx/search/cdx?url=wbsec.org/*&to=2007&filter=statuscode:200&collapse=urlkey&output=json&fl=original,timestamp,mimetype&limit=10000&showResumeKey=true",37517e5f3dc66819f61f5a7bb8ace1921282415f10551d2defa5c3eb0985b570,3,archive_index,not_counted
raw/6f51b30a106a7f5a.json,https://api.datacite.org/dois/10.7910/DVN/O3UKFO,3f30be3a7b6c7c75c1dd017230162234c5124f0d687799dd98cfe7c8f17df944,34367,research_reference_or_search_index,not_counted
raw/b38be4dbd12cfc87.json,https://api.datacite.org/dois/10.3886/E112367V1,fc03c77321d90c292a2ff919e6f3441cb1ff6777e67d980b708272a7cea7798e,5580,research_reference_or_search_index,not_counted
raw/4969b918f6d497b0.json,"http://web.archive.org/cdx/search/cdx?url=bardhaman.nic.in/election/pan_result/*&filter=statuscode:200&collapse=urlkey&output=json&fl=original,timestamp,mimetype&limit=10000&showResumeKey=true",ecc5847fb2f9b73d94500280f459cb7393b971d8b27643e0885affaf85b5aaf4,5322,election_results,tabled_no_reservation
raw/a361fcb0dd4c01ec.html,http://web.archive.org/web/20090410102043id_/http://bardhaman.nic.in/election/pan_result/blgpview.asp,2a3bbe41ee35d419ce35ebeed179ba2ceaba0fa0d2789aa7dadf97b8e0d9d6b1,13061,election_results,tabled_no_reservation
raw/d946894f7942cf72.html,http://web.archive.org/web/20090410102356id_/http://bardhaman.nic.in/election/pan_result/gpview.asp?blno=01&blnm=ANDAL,c03a81cccf1cef3d94b454142e782d41c78f6cd76ed3c6eda7d2e6fbaff91f51,4600,election_results,tabled_no_reservation
raw/76f4bc415fe46be4.html,http://web.archive.org/web/20090410102950id_/http://bardhaman.nic.in/election/pan_result/gpview.asp?blno=02&blnm=AUSGRAM-I,eeb477009150bf133c63f96e5dd510e7407c100e4770423b7726cf6eb7986ecc,4298,election_results,tabled_no_reservation
raw/99283b355d1863ad.html,http://web.archive.org/web/20090410102026id_/http://bardhaman.nic.in/election/pan_result/gpview.asp?blno=03&blnm=AUSGRAM-II,a423d987dd291541dc5268008d420f0f68869cd3e9f4764edc4192d6e8127b49,4289,election_results,tabled_no_reservation
raw/cfbbdc61541e167e.html,http://web.archive.org/web/20090410101449id_/http://bardhaman.nic.in/election/pan_result/gpview.asp?blno=04&blnm=BARABANI,9c2764a27250d011e6862d54213e2d109430af098af217273171ae1b6ded327b,4588,election_results,tabled_no_reservation
raw/5dce1ba2d573321e.html,http://web.archive.org/web/20090410102553id_/http://bardhaman.nic.in/election/pan_result/gpview.asp?blno=05&blnm=BHATAR,b76b368dcbb345472b82a72928b949c6740d88903acf151ae54c712e3525fb4e,6402,election_results,tabled_no_reservation
raw/f89e7ab60f0b63a5.html,http://web.archive.org/web/20090410101540id_/http://bardhaman.nic.in/election/pan_result/gpview.asp?blno=06&blnm=BURDWAN-I,4070fa80b8e48c56f6c3bf1a60524fc6792e926d227ad3621447c73613c7d63a,4900,election_results,tabled_no_reservation
raw/de1c08d34bc5f90d.html,http://web.archive.org/web/20090410101701id_/http://bardhaman.nic.in/election/pan_result/gpview.asp?blno=07&blnm=BURDWAN-II,aa06cc5afdfd961962da7b5407d06ece26d3b40be749173b870d594500b25ea3,4919,election_results,tabled_no_reservation
raw/f1802298095859aa.html,http://web.archive.org/web/20090410103818id_/http://bardhaman.nic.in/election/pan_result/gpview.asp?blno=08&blnm=DURGAPUR-FARIDPUR,b831ccf88e6dc8b5844ba705881d8bf02912dc2b6e1df8dbcde6caf62d79c073,3999,election_results,tabled_no_reservation
raw/4c265b1d6db2ba69.html,http://web.archive.org/web/20090410101849id_/http://bardhaman.nic.in/election/pan_result/gpview.asp?blno=09&blnm=GALSI%20-%20I,aa272648481a16e854387d970e9b3784836302a7f89ad782d116d78b4b09b8b3,4921,election_results,tabled_no_reservation
raw/0653ed42a41e7208.html,http://web.archive.org/web/20090410172134id_/http://bardhaman.nic.in/election/pan_result/gpview.asp?blno=09&blnm=GALSI-I,ad402882f0e870c180fb9758c34a0cfb4be1eb1832d7352fb8df850de5d5b556,4919,election_results,tabled_no_reservation
raw/7766fc10015d5a5f.html,http://web.archive.org/web/20090410101831id_/http://bardhaman.nic.in/election/pan_result/gpview.asp?blno=10&blnm=GALSI-II,200166839ee2f101e9073cf8786b9a85bab09cc6dd3ded14196c46f5ab21d388,4880,election_results,tabled_no_reservation
raw/4ee07f429c83662e.html,http://web.archive.org/web/20090410101230id_/http://bardhaman.nic.in/election/pan_result/gpview.asp?blno=11&blnm=JAMALPUR,1806543b28c6cea2c93525a47e205f44a665f1d87510a8d60f80ffe345d50cd4,6108,election_results,tabled_no_reservation
raw/751460ac5a89fc4f.html,http://web.archive.org/web/20090410101316id_/http://bardhaman.nic.in/election/pan_result/gpview.asp?blno=12&blnm=JAMURIA,61dacd1aa0824a9842b9930dd5e21e2751b851a606a03556cf909ad35b2cfe4e,5180,election_results,tabled_no_reservation
raw/0597e65c73e9fc8b.html,http://web.archive.org/web/20090410172131id_/http://bardhaman.nic.in/election/pan_result/gpview.asp?blno=13&blnm=KALNA%20I,93c8bad0b15748e1bf677ff959c326279ee3f84700c4a706bc35de410af3e295,4913,election_results,tabled_no_reservation
raw/892a4ec6bbcd69d7.html,http://web.archive.org/web/20090410103334id_/http://bardhaman.nic.in/election/pan_result/gpview.asp?blno=13&blnm=KALNA-I,bdf7730d7396cc42d63126b5622204261957cd12d2adfe7d33349ad10d12f4f0,4913,election_results,tabled_no_reservation
raw/963489a72078b47d.html,http://web.archive.org/web/20090410102908id_/http://bardhaman.nic.in/election/pan_result/gpview.asp?blno=14&blnm=KALNA-II,4bc0f6fc83453484564d358e1d70fd765cc8638a579ee6d79022960e8d1d1b91,4603,election_results,tabled_no_reservation
raw/eb8356db262b225a.pdf,https://www.nber.org/system/files/working_papers/w8615/w8615.pdf,ad1abb68d4983e5b677b8053c94b0849ecc2e71e556536806271a7aa50f656dc,284058,research_reference_or_search_index,not_counted
raw/e3289d3a3e40348c.html,http://web.archive.org/web/20090410101342id_/http://bardhaman.nic.in/election/pan_result/gpview.asp?blno=15&blnm=KANKSA,3f2c39f4c5fb4ef99305e033716c62a8d7121b3435461c968db19a6455dea610,4306,election_results,tabled_no_reservation
raw/41b424a64add3682.html,http://web.archive.org/web/20090410102234id_/http://bardhaman.nic.in/election/pan_result/gpview.asp?blno=16&blnm=KATWA-I,1aaf169b5faa31f69210d14abe5af2d4833aa594500d030d4fc7c7e0d548cbce,4896,election_results,tabled_no_reservation
raw/a3ad5ef5d455dc69.html,http://web.archive.org/web/20090410102924id_/http://bardhaman.nic.in/election/pan_result/gpview.asp?blno=17&blnm=KATWA-II,ba142bcd85e53380e5687e0c297bfb11faf4c390f5291ba181e99c9b48444320,4297,election_results,tabled_no_reservation
raw/f96eb434714eef45.html,http://web.archive.org/web/20090410101623id_/http://bardhaman.nic.in/election/pan_result/gpview.asp?blno=18&blnm=KETUGRAM-I,1587608c88edf4bddd92373c68f3bed168595516f0a16c52c6eb703a3101cb80,4614,election_results,tabled_no_reservation
raw/ae88097216971f46.html,http://web.archive.org/web/20090410101655id_/http://bardhaman.nic.in/election/pan_result/gpview.asp?blno=19&blnm=KETUGRAM-II,5f94c46bef8e1323f47c498096295f298c49f723674f883d60174042e9f4c63c,4302,election_results,tabled_no_reservation
raw/74ba30419d75cf82.pdf,https://www.wbpcb.gov.in/writereaddata/files/SOE_Report_2016_1.pdf,457065b0416a00f7c930834c5037c1976fe0f27095004bba5f4e45336e2a7781,15630583,research_reference_or_search_index,not_counted
raw/5d8ddc21275d43f7.html,http://web.archive.org/web/20090410103528id_/http://bardhaman.nic.in/election/pan_result/gpview.asp?blno=20&blnm=KHANDOGHOSH,c4611510589e4627b23c33a9cb6242f52614152f82cc416a70506e714e87625d,5192,election_results,tabled_no_reservation
raw/a39c7dbf9df2cc56.html,http://web.archive.org/web/20090410103457id_/http://bardhaman.nic.in/election/pan_result/gpview.asp?blno=24&blnm=MANTESWAR,bd2cdea3bfb6a416594b4ef70539aa6438450041ac48dbc0c07fd576733596a3,6103,election_results,tabled_no_reservation
raw/f9c62da873ee526e.html,http://web.archive.org/web/20090410101548id_/http://bardhaman.nic.in/election/pan_result/gpview.asp?blno=21&blnm=MEMARI-I,a766a11ce51491b76a0012fcb85fca6a98c1121fbec3daa79afcb5f1e619d49f,5213,election_results,tabled_no_reservation
raw/fc5d5b609ee50736.html,http://web.archive.org/web/20090410102841id_/http://bardhaman.nic.in/election/pan_result/gpview.asp?blno=22&blnm=MEMARI-II,72c49a0965e42ef0d3edad9ef318887be32e5fd7c9d89391778b52123c1de84b,4914,election_results,tabled_no_reservation
raw/4dae7ae1f95e0c5b.html,http://web.archive.org/web/20090410103929id_/http://bardhaman.nic.in/election/pan_result/gpview.asp?blno=23&blnm=MONGALKOTE,00756c8710b59513d057955e0e9c42aa2924dd79b2b42ad0085d923c4a5c1c36,6706,election_results,tabled_no_reservation
raw/00b2daaaada5b954.html,http://web.archive.org/web/20090410172128id_/http://bardhaman.nic.in/election/pan_result/gpview.asp?blno=24&blnm=MONTESWAR,4fa5e3fbce024a22799cfced741593319e34d0eac07dfb80ecb9809be869984a,6103,election_results,tabled_no_reservation
raw/5cfcbad9b92afdbc.html,http://web.archive.org/web/20090410103328id_/http://bardhaman.nic.in/election/pan_result/gpview.asp?blno=25&blnm=PANDABESWAR,fa5513a622a7969730fdf9d6da2adc148175f69a5a69183f10c735f3d242a102,4004,election_results,tabled_no_reservation
raw/4377d11034e01404.html,http://web.archive.org/web/20090410102717id_/http://bardhaman.nic.in/election/pan_result/gpview.asp?blno=26&blnm=PURBASTHALI-I,7cd2e4e548ef79e8773c1543665e43ccc3e2e32193c2c845fb75259117a8c152,4312,election_results,tabled_no_reservation
raw/ca095f4e15d8d4ab.html,http://web.archive.org/web/20090410101427id_/http://bardhaman.nic.in/election/pan_result/gpview.asp?blno=27&blnm=PURBASTHALI-II,67bd118f24feecbe1a90b8e31c32b587d8ff67969360b57d018a8447984a3307,5210,election_results,tabled_no_reservation
raw/63235af47c6e9341.html,http://web.archive.org/web/20090410103415id_/http://bardhaman.nic.in/election/pan_result/gpview.asp?blno=28&blnm=RAINA-I,90b5144d74844b4709da0009703ac256aa9c5183f9d5183035d5e0261012b60f,4587,election_results,tabled_no_reservation
raw/b7160f4cd4eca672.html,http://web.archive.org/web/20090410102001id_/http://bardhaman.nic.in/election/pan_result/gpview.asp?blno=29&blnm=RAINA-II,d43b9801d459d550ea6621f7a7621dec4fff38864fc54f4d5c003772d0d4c848,4590,election_results,tabled_no_reservation
raw/9016dc06210fe648.html,http://web.archive.org/web/20090410101524id_/http://bardhaman.nic.in/election/pan_result/gpview.asp?blno=30&blnm=RANIGANJ,5b1200b6475832b087d9e7047758183947073af8f94542851a9c1d6d3f265ea5,3987,election_results,tabled_no_reservation
raw/05d8ccd10554b8d2.html,http://web.archive.org/web/20090410102634id_/http://bardhaman.nic.in/election/pan_result/gpview.asp?blno=31&blnm=SALANPUR,b461e967183252d448720a6dd1bda266f41dd215ac3e670bb1920820314a7d55,5495,election_results,tabled_no_reservation
raw/7108d88fe2dd4861.html,http://web.archive.org/web/20090410112111id_/http://bardhaman.nic.in/election/pan_result08/gpview.asp,dd4a8630926540ab5f3e707476e4190734254689042b27cb7ad96e0cc67d006d,2203,election_results,tabled_no_reservation
raw/dbd5228f62f5ce7f.html,http://web.archive.org/web/20090410093106id_/http://bardhaman.nic.in/election/pan_result/gp_result.gif,4983771150f6cd78769fede199eeda4427a0c3e472a373a287293eab86a05c4d,4512,election_results,tabled_no_reservation
raw/b43cef5d1b1cfab3.html,http://web.archive.org/web/20041128095800id_/http://www.bardhaman.nic.in:80/election/pan_result/pancha.html,bf77e565488adf00f194d4501aa6a16ee824322e332e8eb5e1cfde1660868bd4,5917,election_results,tabled_no_reservation
raw/6a4ece28b5fc4901.html,http://web.archive.org/web/20090410093119id_/http://bardhaman.nic.in/election/pan_result/ps_result.gif,efcdc6acdfed83fdc3afcdc32891f5386882718b3699a4c20c3702ace35af541,4180,election_results,tabled_no_reservation
raw/45262acdbd936832.html,http://web.archive.org/web/20090410102008id_/http://bardhaman.nic.in/election/pan_result/psview.asp,9c506f747fb8d71ce45a02be6bee5428ee0f559357659e2f58e578e5bf0ae538,10239,election_results,tabled_no_reservation
raw/e78683609c404f5b.html,http://web.archive.org/web/20090410093050id_/http://bardhaman.nic.in/election/pan_result/zp_result.gif,98d9bacd9aad2349e7b7eb44fa6810767902be83b7d1a52b641e80b5f2ae8e1c,3707,election_results,tabled_no_reservation
raw/c7daca46abdfeecd.html,http://web.archive.org/web/20090410103645id_/http://bardhaman.nic.in/election/pan_result/zpview.asp,b2cb5ca3232085b2652f43fe9a736f6cb802960fa49a66af5ba1731d14c16d56,9500,election_results,tabled_no_reservation
raw/00478bd3bf5a29e9.html,http://web.archive.org/web/20090410112122id_/http://bardhaman.nic.in/election/pan_result08/gpview08.asp,12b7482804a5a383e29269c3e85ae2a34e203c941d9a2c95df867a2a3d86e230,2918,election_results,tabled_no_reservation
raw/26ccf70c90fff2df.html,http://web.archive.org/web/20090410112105id_/http://bardhaman.nic.in/election/pan_result08/gpview_uc.asp,f5b9d783a125aeef7eab8282b4d8f08ba70661775af311a57589bffd78b549e8,20496,election_results,tabled_no_reservation
raw/48ebe9b9ca3fad48.html,http://web.archive.org/web/20090410093022id_/http://bardhaman.nic.in/election/pan_result08/pancha.html,c2e3ceb6b8f5dc4c844af54ce4c7ff28dc97fc4d4fa8f330146e53989f78cbda,6184,election_results,tabled_no_reservation
raw/eada1e03bce43acf.html,http://web.archive.org/web/20090410112138id_/http://bardhaman.nic.in/election/pan_result08/psview.asp,2e13de6c9eada39c7c0ac1cdf4f55336164c3376c9be6aa4fcc8de6039087356,2205,election_results,tabled_no_reservation
raw/93b19f948a889346.html,http://web.archive.org/web/20090410112133id_/http://bardhaman.nic.in/election/pan_result08/psview08.asp,994f5d6fdafad6f48f780f27f77520940d1ac1e115651e0c26e0291b273a43f0,2528,election_results,tabled_no_reservation
raw/0d891d05b8fa11d6.html,http://web.archive.org/web/20090410112128id_/http://bardhaman.nic.in/election/pan_result08/psview_uc.asp,31bf8104e7d537850d5ff2dadcfb965d0d7ea16a1d1d84097974ccb8c2845069,15605,election_results,tabled_no_reservation
raw/951591863a72abe1.html,http://web.archive.org/web/20090410112115id_/http://bardhaman.nic.in/election/pan_result08/zpview.asp,6636824ad09b2ff97db75b9742e76fb1f91015d32571df2a775b2c2564342d9a,2201,election_results,tabled_no_reservation
raw/d065debca5556cb1.html,http://web.archive.org/web/20090410112118id_/http://bardhaman.nic.in/election/pan_result08/zpview08.asp,f6f7f0dc66b41bf280f7d22cdf4e4e46d4c88025477b6905b3801f6d8c0d9198,2378,election_results,tabled_no_reservation
raw/904478a2260c8f46.json,https://dataverse.harvard.edu/api/search?q=PXV79W&type=file&per_page=100,79bbab8b92316918630d05237f3200a339492706091819808b3399b467ac9fc8,123,research_reference_or_search_index,not_counted
raw/9cc9cb2f9dc9cc88.pdf,https://www.povertyactionlab.org/sites/default/files/research-paper/310%20Female%20Quotas%20Nov%2009.pdf,328fd56484e0c86d63a01da63b64c5cf582d78774de5eb98fbfa5528b766f136,344621,research_reference_or_search_index,not_counted
raw/9d4dca7886bd11b2.json,https://api.github.com/repos/in-rolls/beaman/git/trees/main?recursive=1,5c6e16c6559b657caab159db2f36fb4a32d44b495eb18da2d7c0236e4c615d3e,12776,research_reference_or_search_index,not_counted
raw/339388c1ec04fa70.json,https://dataverse.harvard.edu/api/guestbooks/269,a8b05cd7771371cd40cbcb09637a7f0f66894b3b8677e981d1cd9eb32e7b4c0d,15214,research_reference_or_search_index,not_counted
raw/39cda3764d554bc1.json,https://zenodo.org/api/records/10805145,8d71bf2c572bdce3e52de1ac168f38cf4f86becd412a266e0e38bea33cf84a22,4351,research_reference_or_search_index,not_counted
raw/898f2f74836e83ae.dta,https://raw.githubusercontent.com/in-rolls/beaman/main/data/powerful_women_in_india_pradhan_seats_reserved_for_women.dta,e6454a2ae5a36829376557b20a45da7776a2951f9accc05ec75ac289a462d763,120266,named_gp_pradhan_reservation,parsed_research_observations
raw/ae11c08ae7338109.py,https://raw.githubusercontent.com/in-rolls/beaman/main/scripts/codebook.py,2c2b783e654a6e9863d064b02f76ce6a1d1bab071b2fc7492ec7704234e767f3,12099,research_reference_or_search_index,not_counted
raw/27e5a3bf76d81398.dta,https://raw.githubusercontent.com/in-rolls/beaman/main/data/powerful_women_in_india_household_survey.dta,0a837a9092c9013fbaec5b9b8bdcebb005051382b330801de7ccca70f322cced,14943903,household_survey,inspected_no_reservation_fields
raw/7ff7132aca33ef80.xml,https://dataverse.harvard.edu/api/meta/datafile/13986341,5048818ef7ad541c77787e8a4df7378f95d9d8ebd77fba3b771d497b31802c54,13106,stata_codebook_metadata,metadata_only
raw/2da516579d543da9.json,"http://web.archive.org/cdx/search/cdx?url=wbprd.nic.in/*&filter=statuscode:200&collapse=urlkey&output=json&fl=original,timestamp,mimetype&filter=original:.*(pradhan%7Creserv%7Croster%7C2003%7C1998).*&limit=10000&showResumeKey=true",abd4a9e62ad7c322721bfb2f94637daa0aea7f05e3e1b5e8e2d72f204f69cf26,1800,archive_index,not_counted
raw/730bb8ed8c870820.zip,https://zenodo.org/records/10805145/files/replication_package.zip?download=1,95b536fc7d3ba980341afa2d632f8f1cc93dbab0fbbdb15498815be49b519aac,20460931,qe2024_replication,inspected_assembly_reservation_only
raw/bb1671a705d56009.pdf,https://cdnbbsr.s3waas.gov.in/s316026d60ff9b54410b3435b403afd226/uploads/2023/06/2023060268.pdf,dccc18b5cc1d9ff8fed0765f7a72c9c411f03bb6f442cd879ee526ab651a9062,2126903,official_election_calendar,geography_and_cycle_reference
raw/339b26ca88f6daee.pdf,https://eml.berkeley.edu/~webfac/bardhan/papers/WBReserv1209finalverjgd_rev1.pdf,9d5ce1ba34634542026458d93a9d5f68a9307c4eaa98cc0d64c1e430ae4fe43c,190833,research_reference_or_search_index,not_counted
raw/f0b404cf0864420e.json,"http://web.archive.org/cdx/search/cdx?url=hooghly.nic.in/*&filter=statuscode:200&collapse=urlkey&output=json&fl=original,timestamp,mimetype&to=2007&limit=10000&showResumeKey=true",a9dae1f13ed19718fe911e1bf149ee7ffa1a69763835ac907cf7cb36488a97c5,33726,research_reference_or_search_index,not_counted
raw/c7b48ca31b5ae7b9.html,http://web.archive.org/web/20050118002212id_/http://hooghly.nic.in:80/hzp/Chin-Mog.htm,4283db6d0417a794dcfac18942c24233d954cc84761deb955f785c06e1e51333,24842,research_reference_or_search_index,not_counted
raw/b00c30d8f25f7f2c.html,http://web.archive.org/web/20041117103339id_/http://hooghly.nic.in:80/hzp/Arambagh.htm,cee8af3fb1e6757f7c9a846b7ee8454d38fd0d68b85f8b9d74cb062a432e0c5d,9225,research_reference_or_search_index,not_counted
raw/cf46dddf24f54cae.html,http://web.archive.org/web/20050117235642id_/http://hooghly.nic.in:80/hzp/Balagar.htm,05a47e0a3e390ec4f05936af94910759dbe91a3e114cc086646345f0bb13bd3a,10424,research_reference_or_search_index,not_counted
raw/965fc193ae3cb7dc.json,"http://web.archive.org/cdx/search/cdx?url=howrah.nic.in/*&filter=statuscode:200&collapse=urlkey&output=json&fl=original,timestamp,mimetype&to=2007&limit=10000&showResumeKey=true",0b1071ae5d8509275921b5aa9a695ee2252fd3be99391d73451d25c28a600ca4,105,research_reference_or_search_index,not_counted
raw/48ef04076b019e81.json,"http://web.archive.org/cdx/search/cdx?url=nadia.nic.in/*&filter=statuscode:200&collapse=urlkey&output=json&fl=original,timestamp,mimetype&to=2007&limit=10000&showResumeKey=true",556646cd78d3dc50b8a9991a5df5cd5f91fc90e17597b518b13bac3c329e5209,30372,research_reference_or_search_index,not_counted
raw/3e1708745c086604.html,http://web.archive.org/web/20040704065705id_/http://nadia.nic.in:80/GP_wise_Details/gp_wise_details.html,4bfd01165069c79db077ad665500e4ffb4e21264707ee35357437924fb6105ea,14564,gp_map_navigation,excluded_no_reservation_fields
raw/7570e8c2f8d95a31.html,http://web.archive.org/web/20040708110758id_/http://nadia.nic.in:80/P___rd/p___rd.html,5ea4f4a2884f2188a71251f182cf3a080cffa710fbc63fb97e2c549db56a45fc,72861,district_panchayati_raj_profile,verification_only_aggregate_gp_universe
raw/agy_court_47825893.md,https://indiankanoon.org/doc/47825893/,798eda274457c6bdf89503a0ec002447936b61ac4ccfc71bf5abc61b25e25faa,40783,judgment_text,curated_office_statement_cycle_inferred
raw/agy_court_44528410.md,https://indiankanoon.org/doc/44528410/,1277e8d2da499b1a47216c6d1befed59703368dbec509e58a9c4debcad098749,61941,judgment_text,curated_office_statement_cycle_inferred
raw/992572159322eb1c.json,"http://web.archive.org/cdx/search/cdx?url=bankura.nic.in/*&filter=statuscode:200&collapse=urlkey&output=json&fl=original,timestamp,mimetype&to=2007&limit=10000&showResumeKey=true",b20fac8b104a5447fe70c979fbaf05eef35971fea3809f85d9e7edb2e1d34307,10995,research_reference_or_search_index,not_counted
raw/e518d7762146221a.json,"http://web.archive.org/cdx/search/cdx?url=coochbehar.nic.in/*&filter=statuscode:200&collapse=urlkey&output=json&fl=original,timestamp,mimetype&to=2007&limit=10000&showResumeKey=true",6f1d615270a2d2f13c564286eec8bf3d67fe5409b70b9d8070e69a40040d822b,63651,research_reference_or_search_index,not_counted
raw/e0cdf7d9962d5580.json,"http://web.archive.org/cdx/search/cdx?url=malda.nic.in/*&filter=statuscode:200&collapse=urlkey&output=json&fl=original,timestamp,mimetype&to=2007&limit=10000&showResumeKey=true",8618ae046c4a9dc3f8359e98d58bf467c8480f7440e0062971d178440279d31d,11172,research_reference_or_search_index,not_counted
raw/df291771d838df26.json,"http://web.archive.org/cdx/search/cdx?url=murshidabad.nic.in/*&filter=statuscode:200&collapse=urlkey&output=json&fl=original,timestamp,mimetype&to=2007&limit=10000&showResumeKey=true",b24cf72640ec79a2708618a9e0cf9cf5ff37b58a4a4f18dd4e98c4978a0da9d7,28071,research_reference_or_search_index,not_counted
raw/1b12f337c8aab2bc.json,"http://web.archive.org/cdx/search/cdx?url=north24parganas.nic.in/*&filter=statuscode:200&collapse=urlkey&output=json&fl=original,timestamp,mimetype&to=2007&limit=10000&showResumeKey=true",dba13d53b6f85ca3dc8cf7ad4edecb745cd9f3debd97ab1abe874e8feec0fc04,7013,research_reference_or_search_index,not_counted
raw/cc98b56977ce3bed.pdf,http://web.archive.org/web/20040830154549id_/http://malda.nic.in/BAMANGOLA.PDF,601c5e0406e61aa1eb91fd11bad88463354dba1540f9e18bdf4e26e3d35f1b6a,172129,block_map,excluded_no_reservation_fields
raw/2a127b4cb67ca020.pdf,http://web.archive.org/web/20040830154608id_/http://malda.nic.in/CHANCHAL-I.PDF,2f25053146a1217502371eadf6d0ec72a1d12a15efd95d5478df3be4266d5ef0,126764,block_map,excluded_no_reservation_fields
raw/b65766de104a2ca6.json,"http://web.archive.org/cdx/search/cdx?url=jalpaiguri.nic.in/*&filter=statuscode:200&collapse=urlkey&output=json&fl=original,timestamp,mimetype&to=2007&limit=10000&showResumeKey=true",e5c099444b38222bdd24188f5d2aff473fa36bd653f3913c9abfd64d615ab308,9268,research_reference_or_search_index,not_counted
raw/8f606e5f6f7153e7.html,http://web.archive.org/web/20030517185228id_/http://coochbehar.nic.in/HTMfiles/Cooch_Behar1_Block.html,37098d027a7465765940c58a3413dc2dae45a970bf7057b616a5dab54f7bdc46,51979,block_profile,excluded_no_reservation_fields
raw/aa01fa480bf429fa.html,http://web.archive.org/web/20040905192014id_/http://coochbehar.nic.in/HTMfiles/zp_ataglance.html,dbbb7b834615362470e099dc86558aeda3353b27b8c46ea49a1ca35b89bf719f,53145,zilla_parishad_profile,excluded_wrong_tier
raw/95aebee792300836.html,http://web.archive.org/web/20040407030255id_/http://north24parganas.nic.in/zilla.html,5409560cd6983610ed12a3233701dacfe41c2d4f82c55436a3414137322e1ace,6897,zilla_parishad_page,excluded_no_gp_reservation_fields
raw/bddca79829660ecc.html,http://web.archive.org/web/20030105134518id_/http://www.murshidabad.nic.in/statistics.htm,acdc18db6907f7a5457b3dd73c9fedeb851dc4456656d379feb10a4c6c8a9807,214697,district_statistics,verification_only_aggregate_gp_universe
raw/1a1f57a32b1f8c9d.html,https://www.courtkutchehry.com/judgements/1131860/pdf/,b8faaafde0dbfa1db5414f5b4eb8999e01c3537df4887925284bfb8664e9dc35,13579,login_page,excluded_not_judgment_content
raw/4c57614d02a35bc5.dta,https://raw.githubusercontent.com/in-rolls/beaman/main/data/powerful_women_in_india_pradhan_survey.dta,21e43713c927e49d6e9a581b9448debfa05dad89578b06361f03268752202689,3299408,research_microdata_pradhan_survey,named_gp_followup_officeholder_and_public_goods;not_additional_reservation_roster
