district,term,source_file,page,row,y0,y1,column,reading
Nadia,2018,nadia_FORM_1B_Prodhan_Upa-Prodhan-06032018_29b77844.pdf,1,1,3,192,caste,
Nadia,2018,nadia_FORM_1B_Prodhan_Upa-Prodhan-06032018_29b77844.pdf,1,1,3,192,women,
Nadia,2018,nadia_FORM_1B_Prodhan_Upa-Prodhan-06032018_29b77844.pdf,1,2,192,239,caste,(4)
Nadia,2018,nadia_FORM_1B_Prodhan_Upa-Prodhan-06032018_29b77844.pdf,1,2,192,239,women,(3)
Nadia,2018,nadia_FORM_1B_Prodhan_Upa-Prodhan-06032018_29b77844.pdf,1,3,239,302,caste,Karimpur-I!
Nadia,2018,nadia_FORM_1B_Prodhan_Upa-Prodhan-06032018_29b77844.pdf,1,3,239,302,women,Block
Nadia,2018,nadia_FORM_1B_Prodhan_Upa-Prodhan-06032018_29b77844.pdf,1,4,302,361,caste,Dhoradaha-il (BC)
Nadia,2018,nadia_FORM_1B_Prodhan_Upa-Prodhan-06032018_29b77844.pdf,1,4,302,361,women,-
Nadia,2018,nadia_FORM_1B_Prodhan_Upa-Prodhan-06032018_29b77844.pdf,1,5,361,422,caste,-
Nadia,2018,nadia_FORM_1B_Prodhan_Upa-Prodhan-06032018_29b77844.pdf,1,5,361,422,women,Natidanga-I
Nadia,2018,nadia_FORM_1B_Prodhan_Upa-Prodhan-06032018_29b77844.pdf,1,6,422,481,caste,Natidanga-{l (SC)
Nadia,2018,nadia_FORM_1B_Prodhan_Upa-Prodhan-06032018_29b77844.pdf,1,6,422,481,women,Natidanga-ll
Nadia,2018,nadia_FORM_1B_Prodhan_Upa-Prodhan-06032018_29b77844.pdf,1,7,481,541,caste,Dighalkandi (SC)
Nadia,2018,nadia_FORM_1B_Prodhan_Upa-Prodhan-06032018_29b77844.pdf,1,7,481,541,women,-
Nadia,2018,nadia_FORM_1B_Prodhan_Upa-Prodhan-06032018_29b77844.pdf,1,8,541,599,caste,-
Nadia,2018,nadia_FORM_1B_Prodhan_Upa-Prodhan-06032018_29b77844.pdf,1,8,541,599,women,Narayanpur-l
Nadia,2018,nadia_FORM_1B_Prodhan_Upa-Prodhan-06032018_29b77844.pdf,1,9,599,661,caste,Narayanpur-H! (BC)
Nadia,2018,nadia_FORM_1B_Prodhan_Upa-Prodhan-06032018_29b77844.pdf,1,9,599,661,women,Narayanpur-Il
Nadia,2018,nadia_FORM_1B_Prodhan_Upa-Prodhan-06032018_29b77844.pdf,1,10,661,720,caste,Karimpur -!
Nadia,2018,nadia_FORM_1B_Prodhan_Upa-Prodhan-06032018_29b77844.pdf,1,10,661,720,women,Block
Nadia,2018,nadia_FORM_1B_Prodhan_Upa-Prodhan-06032018_29b77844.pdf,1,11,720,779,caste,Karimpur-! (SC)
Nadia,2018,nadia_FORM_1B_Prodhan_Upa-Prodhan-06032018_29b77844.pdf,1,11,720,779,women,“
Nadia,2018,nadia_FORM_1B_Prodhan_Upa-Prodhan-06032018_29b77844.pdf,1,12,779,839,caste,-
Nadia,2018,nadia_FORM_1B_Prodhan_Upa-Prodhan-06032018_29b77844.pdf,1,12,779,839,women,Karimpur-Il
Nadia,2018,nadia_FORM_1B_Prodhan_Upa-Prodhan-06032018_29b77844.pdf,1,13,839,901,caste,-
Nadia,2018,nadia_FORM_1B_Prodhan_Upa-Prodhan-06032018_29b77844.pdf,1,13,839,901,women,Harekrishnapur
Nadia,2018,nadia_FORM_1B_Prodhan_Upa-Prodhan-06032018_29b77844.pdf,1,14,901,960,caste,Madhugari (SC)
Nadia,2018,nadia_FORM_1B_Prodhan_Upa-Prodhan-06032018_29b77844.pdf,1,14,901,960,women,Madhugari
Nadia,2018,nadia_FORM_1B_Prodhan_Upa-Prodhan-06032018_29b77844.pdf,1,15,960,1020,caste,Shikarpur (SC)
Nadia,2018,nadia_FORM_1B_Prodhan_Upa-Prodhan-06032018_29b77844.pdf,1,15,960,1020,women,-
Nadia,2018,nadia_FORM_1B_Prodhan_Upa-Prodhan-06032018_29b77844.pdf,1,16,1020,1081,caste,-
Nadia,2018,nadia_FORM_1B_Prodhan_Upa-Prodhan-06032018_29b77844.pdf,1,16,1020,1081,women,Pipulberia
Nadia,2018,nadia_FORM_1B_Prodhan_Upa-Prodhan-06032018_29b77844.pdf,1,17,1081,1141,caste,Tehatta-t 1
Nadia,2018,nadia_FORM_1B_Prodhan_Upa-Prodhan-06032018_29b77844.pdf,1,17,1081,1141,women,lock
Nadia,2018,nadia_FORM_1B_Prodhan_Upa-Prodhan-06032018_29b77844.pdf,1,18,1141,1201,caste,Natna (SC)
Nadia,2018,nadia_FORM_1B_Prodhan_Upa-Prodhan-06032018_29b77844.pdf,1,18,1141,1201,women,-
Nadia,2018,nadia_FORM_1B_Prodhan_Upa-Prodhan-06032018_29b77844.pdf,1,19,1201,1260,caste,Tehatta (SC)
Nadia,2018,nadia_FORM_1B_Prodhan_Upa-Prodhan-06032018_29b77844.pdf,1,19,1201,1260,women,Tehatta
Nadia,2018,nadia_FORM_1B_Prodhan_Upa-Prodhan-06032018_29b77844.pdf,1,20,1260,1320,caste,-
Nadia,2018,nadia_FORM_1B_Prodhan_Upa-Prodhan-06032018_29b77844.pdf,1,20,1260,1320,women,Chanderghat
Nadia,2018,nadia_FORM_1B_Prodhan_Upa-Prodhan-06032018_29b77844.pdf,1,21,1320,1379,caste,Betai-I (ST)
Nadia,2018,nadia_FORM_1B_Prodhan_Upa-Prodhan-06032018_29b77844.pdf,1,21,1320,1379,women,Betai-l
Nadia,2018,nadia_FORM_1B_Prodhan_Upa-Prodhan-06032018_29b77844.pdf,1,22,1379,1438,caste,Betai-ll (SC)
Nadia,2018,nadia_FORM_1B_Prodhan_Upa-Prodhan-06032018_29b77844.pdf,1,22,1379,1438,women,-
Nadia,2018,nadia_FORM_1B_Prodhan_Upa-Prodhan-06032018_29b77844.pdf,1,23,1438,1497,caste,-
Nadia,2018,nadia_FORM_1B_Prodhan_Upa-Prodhan-06032018_29b77844.pdf,1,23,1438,1497,women,Raghunathpur
Nadia,2018,nadia_FORM_1B_Prodhan_Upa-Prodhan-06032018_29b77844.pdf,1,24,1497,1558,caste,-
Nadia,2018,nadia_FORM_1B_Prodhan_Upa-Prodhan-06032018_29b77844.pdf,1,24,1497,1558,women,Chhitka
Nadia,2018,nadia_FORM_1B_Prodhan_Upa-Prodhan-06032018_29b77844.pdf,2,1,3,191,caste,
Nadia,2018,nadia_FORM_1B_Prodhan_Upa-Prodhan-06032018_29b77844.pdf,2,1,3,191,women,
Nadia,2018,nadia_FORM_1B_Prodhan_Upa-Prodhan-06032018_29b77844.pdf,2,2,191,237,caste,(4)
Nadia,2018,nadia_FORM_1B_Prodhan_Upa-Prodhan-06032018_29b77844.pdf,2,2,191,237,women,(5)
Nadia,2018,nadia_FORM_1B_Prodhan_Upa-Prodhan-06032018_29b77844.pdf,2,3,237,296,caste,Kanainagar (SC)
Nadia,2018,nadia_FORM_1B_Prodhan_Upa-Prodhan-06032018_29b77844.pdf,2,3,237,296,women,Kanainagar
Nadia,2018,nadia_FORM_1B_Prodhan_Upa-Prodhan-06032018_29b77844.pdf,2,4,296,357,caste,Tehatta-II
Nadia,2018,nadia_FORM_1B_Prodhan_Upa-Prodhan-06032018_29b77844.pdf,2,4,296,357,women,3lock
Nadia,2018,nadia_FORM_1B_Prodhan_Upa-Prodhan-06032018_29b77844.pdf,2,5,357,415,caste,Gopinathpur (SC)
Nadia,2018,nadia_FORM_1B_Prodhan_Upa-Prodhan-06032018_29b77844.pdf,2,5,357,415,women,Gopinathpur
Nadia,2018,nadia_FORM_1B_Prodhan_Upa-Prodhan-06032018_29b77844.pdf,2,6,415,475,caste,-
Nadia,2018,nadia_FORM_1B_Prodhan_Upa-Prodhan-06032018_29b77844.pdf,2,6,415,475,women,Palashipara
Nadia,2018,nadia_FORM_1B_Prodhan_Upa-Prodhan-06032018_29b77844.pdf,2,7,475,534,caste,Sahebnagar (BC)
Nadia,2018,nadia_FORM_1B_Prodhan_Upa-Prodhan-06032018_29b77844.pdf,2,7,475,534,women,-
Nadia,2018,nadia_FORM_1B_Prodhan_Upa-Prodhan-06032018_29b77844.pdf,2,8,534,596,caste,Palsunda-! (BC)
Nadia,2018,nadia_FORM_1B_Prodhan_Upa-Prodhan-06032018_29b77844.pdf,2,8,534,596,women,-
Nadia,2018,nadia_FORM_1B_Prodhan_Upa-Prodhan-06032018_29b77844.pdf,2,9,596,656,caste,
Nadia,2018,nadia_FORM_1B_Prodhan_Upa-Prodhan-06032018_29b77844.pdf,2,9,596,656,women,Barnia
Nadia,2018,nadia_FORM_1B_Prodhan_Upa-Prodhan-06032018_29b77844.pdf,2,10,656,716,caste,Hanspukuria (SC)
Nadia,2018,nadia_FORM_1B_Prodhan_Upa-Prodhan-06032018_29b77844.pdf,2,10,656,716,women,Hanspukuria
Nadia,2018,nadia_FORM_1B_Prodhan_Upa-Prodhan-06032018_29b77844.pdf,2,11,716,775,caste,Nakaship
Nadia,2018,nadia_FORM_1B_Prodhan_Upa-Prodhan-06032018_29b77844.pdf,2,11,716,775,women,ara
Nadia,2018,nadia_FORM_1B_Prodhan_Upa-Prodhan-06032018_29b77844.pdf,2,12,775,837,caste,Bilkumari (SC)
Nadia,2018,nadia_FORM_1B_Prodhan_Upa-Prodhan-06032018_29b77844.pdf,2,12,775,837,women,Bilkumari
Nadia,2018,nadia_FORM_1B_Prodhan_Upa-Prodhan-06032018_29b77844.pdf,2,13,837,897,caste,Dhananjoypur (BC)
Nadia,2018,nadia_FORM_1B_Prodhan_Upa-Prodhan-06032018_29b77844.pdf,2,13,837,897,women,-
Nadia,2018,nadia_FORM_1B_Prodhan_Upa-Prodhan-06032018_29b77844.pdf,2,14,897,956,caste,-
Nadia,2018,nadia_FORM_1B_Prodhan_Upa-Prodhan-06032018_29b77844.pdf,2,14,897,956,women,Patikabari
Nadia,2018,nadia_FORM_1B_Prodhan_Upa-Prodhan-06032018_29b77844.pdf,2,15,956,1016,caste,Bethuadahari-I] (BC)
Nadia,2018,nadia_FORM_1B_Prodhan_Upa-Prodhan-06032018_29b77844.pdf,2,15,956,1016,women,-
Nadia,2018,nadia_FORM_1B_Prodhan_Upa-Prodhan-06032018_29b77844.pdf,2,16,1016,1076,caste,Bikrampur (BC)
Nadia,2018,nadia_FORM_1B_Prodhan_Upa-Prodhan-06032018_29b77844.pdf,2,16,1016,1076,women,-
Nadia,2018,nadia_FORM_1B_Prodhan_Upa-Prodhan-06032018_29b77844.pdf,2,17,1076,1136,caste,Majhergram (SC)
Nadia,2018,nadia_FORM_1B_Prodhan_Upa-Prodhan-06032018_29b77844.pdf,2,17,1076,1136,women,-
Nadia,2018,nadia_FORM_1B_Prodhan_Upa-Prodhan-06032018_29b77844.pdf,2,18,1136,1195,caste,-
Nadia,2018,nadia_FORM_1B_Prodhan_Upa-Prodhan-06032018_29b77844.pdf,2,18,1136,1195,women,Nakashipara
Nadia,2018,nadia_FORM_1B_Prodhan_Upa-Prodhan-06032018_29b77844.pdf,2,19,1195,1254,caste,Billwagram (SC)
Nadia,2018,nadia_FORM_1B_Prodhan_Upa-Prodhan-06032018_29b77844.pdf,2,19,1195,1254,women,Billwagram
Nadia,2018,nadia_FORM_1B_Prodhan_Upa-Prodhan-06032018_29b77844.pdf,2,20,1254,1315,caste,Birpur-l] (SC)
Nadia,2018,nadia_FORM_1B_Prodhan_Upa-Prodhan-06032018_29b77844.pdf,2,20,1254,1315,women,Birpur-ll
Nadia,2018,nadia_FORM_1B_Prodhan_Upa-Prodhan-06032018_29b77844.pdf,2,21,1315,1375,caste,Dogachhia (SC)
Nadia,2018,nadia_FORM_1B_Prodhan_Upa-Prodhan-06032018_29b77844.pdf,2,21,1315,1375,women,-
Nadia,2018,nadia_FORM_1B_Prodhan_Upa-Prodhan-06032018_29b77844.pdf,2,22,1375,1434,caste,Dharmada (BC)
Nadia,2018,nadia_FORM_1B_Prodhan_Upa-Prodhan-06032018_29b77844.pdf,2,22,1375,1434,women,Dharmada
Nadia,2018,nadia_FORM_1B_Prodhan_Upa-Prodhan-06032018_29b77844.pdf,2,23,1434,1494,caste,-
Nadia,2018,nadia_FORM_1B_Prodhan_Upa-Prodhan-06032018_29b77844.pdf,2,23,1434,1494,women,Muragachha
Nadia,2018,nadia_FORM_1B_Prodhan_Upa-Prodhan-06032018_29b77844.pdf,2,24,1494,1556,caste,Kaliganj E
Nadia,2018,nadia_FORM_1B_Prodhan_Upa-Prodhan-06032018_29b77844.pdf,2,24,1494,1556,women,lock
Nadia,2018,nadia_FORM_1B_Prodhan_Upa-Prodhan-06032018_29b77844.pdf,2,25,1556,1615,caste,Kaliganj (BC)
Nadia,2018,nadia_FORM_1B_Prodhan_Upa-Prodhan-06032018_29b77844.pdf,2,25,1556,1615,women,Kalhigany
Nadia,2018,nadia_FORM_1B_Prodhan_Upa-Prodhan-06032018_29b77844.pdf,2,26,1615,1675,caste,
Nadia,2018,nadia_FORM_1B_Prodhan_Upa-Prodhan-06032018_29b77844.pdf,2,26,1615,1675,women,Plassey-l
Nadia,2018,nadia_FORM_1B_Prodhan_Upa-Prodhan-06032018_29b77844.pdf,2,27,1675,1736,caste,-
Nadia,2018,nadia_FORM_1B_Prodhan_Upa-Prodhan-06032018_29b77844.pdf,2,27,1675,1736,women,Plassey-t!
Nadia,2018,nadia_FORM_1B_Prodhan_Upa-Prodhan-06032018_29b77844.pdf,2,28,1736,1796,caste,Mira-I (SC)
Nadia,2018,nadia_FORM_1B_Prodhan_Upa-Prodhan-06032018_29b77844.pdf,2,28,1736,1796,women,Mira-l
Nadia,2018,nadia_FORM_1B_Prodhan_Upa-Prodhan-06032018_29b77844.pdf,2,29,1796,1856,caste,Mira-II (SC)
Nadia,2018,nadia_FORM_1B_Prodhan_Upa-Prodhan-06032018_29b77844.pdf,2,29,1796,1856,women,-
Nadia,2018,nadia_FORM_1B_Prodhan_Upa-Prodhan-06032018_29b77844.pdf,2,30,1856,1915,caste,-
Nadia,2018,nadia_FORM_1B_Prodhan_Upa-Prodhan-06032018_29b77844.pdf,2,30,1856,1915,women,Hatgachha
Nadia,2018,nadia_FORM_1B_Prodhan_Upa-Prodhan-06032018_29b77844.pdf,2,31,1915,1975,caste,Juranpur (SC)
Nadia,2018,nadia_FORM_1B_Prodhan_Upa-Prodhan-06032018_29b77844.pdf,2,31,1915,1975,women,Juranpur
Nadia,2018,nadia_FORM_1B_Prodhan_Upa-Prodhan-06032018_29b77844.pdf,2,32,1975,2034,caste,Matiary (SC)
Nadia,2018,nadia_FORM_1B_Prodhan_Upa-Prodhan-06032018_29b77844.pdf,2,32,1975,2034,women,-
Nadia,2018,nadia_FORM_1B_Prodhan_Upa-Prodhan-06032018_29b77844.pdf,2,33,2034,2093,caste,-
Nadia,2018,nadia_FORM_1B_Prodhan_Upa-Prodhan-06032018_29b77844.pdf,2,33,2034,2093,women,Faridpur
Nadia,2018,nadia_FORM_1B_Prodhan_Upa-Prodhan-06032018_29b77844.pdf,2,34,2093,2152,caste,Palitbegia (BC)
Nadia,2018,nadia_FORM_1B_Prodhan_Upa-Prodhan-06032018_29b77844.pdf,2,34,2093,2152,women,Palitbegia
Nadia,2018,nadia_FORM_1B_Prodhan_Upa-Prodhan-06032018_29b77844.pdf,2,35,2152,2213,caste,Debagram (BC)
Nadia,2018,nadia_FORM_1B_Prodhan_Upa-Prodhan-06032018_29b77844.pdf,2,35,2152,2213,women,
Nadia,2018,nadia_FORM_1B_Prodhan_Upa-Prodhan-06032018_29b77844.pdf,3,1,2,190,caste,
Nadia,2018,nadia_FORM_1B_Prodhan_Upa-Prodhan-06032018_29b77844.pdf,3,1,2,190,women,
Nadia,2018,nadia_FORM_1B_Prodhan_Upa-Prodhan-06032018_29b77844.pdf,3,2,190,237,caste,(4)
Nadia,2018,nadia_FORM_1B_Prodhan_Upa-Prodhan-06032018_29b77844.pdf,3,2,190,237,women,(5)
Nadia,2018,nadia_FORM_1B_Prodhan_Upa-Prodhan-06032018_29b77844.pdf,3,3,237,296,caste,Krishnaganj
Nadia,2018,nadia_FORM_1B_Prodhan_Upa-Prodhan-06032018_29b77844.pdf,3,3,237,296,women,Block
Nadia,2018,nadia_FORM_1B_Prodhan_Upa-Prodhan-06032018_29b77844.pdf,3,4,296,356,caste,-
Nadia,2018,nadia_FORM_1B_Prodhan_Upa-Prodhan-06032018_29b77844.pdf,3,4,296,356,women,Joyghata
Nadia,2018,nadia_FORM_1B_Prodhan_Upa-Prodhan-06032018_29b77844.pdf,3,5,356,415,caste,-
Nadia,2018,nadia_FORM_1B_Prodhan_Upa-Prodhan-06032018_29b77844.pdf,3,5,356,415,women,Shibnibas
Nadia,2018,nadia_FORM_1B_Prodhan_Upa-Prodhan-06032018_29b77844.pdf,3,6,415,474,caste,Gobindapur (SC)
Nadia,2018,nadia_FORM_1B_Prodhan_Upa-Prodhan-06032018_29b77844.pdf,3,6,415,474,women,-
Nadia,2018,nadia_FORM_1B_Prodhan_Upa-Prodhan-06032018_29b77844.pdf,3,7,474,533,caste,Talda-Majdia (SC)
Nadia,2018,nadia_FORM_1B_Prodhan_Upa-Prodhan-06032018_29b77844.pdf,3,7,474,533,women,Talda-Majdia
Nadia,2018,nadia_FORM_1B_Prodhan_Upa-Prodhan-06032018_29b77844.pdf,3,8,533,604,caste,BhajanghatTungi (SC)
Nadia,2018,nadia_FORM_1B_Prodhan_Upa-Prodhan-06032018_29b77844.pdf,3,8,533,604,women,
Nadia,2018,nadia_FORM_1B_Prodhan_Upa-Prodhan-06032018_29b77844.pdf,3,9,604,673,caste,-
Nadia,2018,nadia_FORM_1B_Prodhan_Upa-Prodhan-06032018_29b77844.pdf,3,9,604,673,women,Matiary Banpur
Nadia,2018,nadia_FORM_1B_Prodhan_Upa-Prodhan-06032018_29b77844.pdf,3,10,673,733,caste,Chapra B
Nadia,2018,nadia_FORM_1B_Prodhan_Upa-Prodhan-06032018_29b77844.pdf,3,10,673,733,women,ock
Nadia,2018,nadia_FORM_1B_Prodhan_Upa-Prodhan-06032018_29b77844.pdf,3,11,733,795,caste,Hridaypur (SC)
Nadia,2018,nadia_FORM_1B_Prodhan_Upa-Prodhan-06032018_29b77844.pdf,3,11,733,795,women,-
Nadia,2018,nadia_FORM_1B_Prodhan_Upa-Prodhan-06032018_29b77844.pdf,3,12,795,855,caste,-
Nadia,2018,nadia_FORM_1B_Prodhan_Upa-Prodhan-06032018_29b77844.pdf,3,12,795,855,women,Hatishala-ll
Nadia,2018,nadia_FORM_1B_Prodhan_Upa-Prodhan-06032018_29b77844.pdf,3,13,855,914,caste,Alfa (SC)
Nadia,2018,nadia_FORM_1B_Prodhan_Upa-Prodhan-06032018_29b77844.pdf,3,13,855,914,women,Alfa
Nadia,2018,nadia_FORM_1B_Prodhan_Upa-Prodhan-06032018_29b77844.pdf,3,14,914,973,caste,Chapra-l (SC)
Nadia,2018,nadia_FORM_1B_Prodhan_Upa-Prodhan-06032018_29b77844.pdf,3,14,914,973,women,Chapra-!
Nadia,2018,nadia_FORM_1B_Prodhan_Upa-Prodhan-06032018_29b77844.pdf,3,15,973,1034,caste,Chapra-II (BC)
Nadia,2018,nadia_FORM_1B_Prodhan_Upa-Prodhan-06032018_29b77844.pdf,3,15,973,1034,women,.
Nadia,2018,nadia_FORM_1B_Prodhan_Upa-Prodhan-06032018_29b77844.pdf,3,16,1034,1093,caste,-
Nadia,2018,nadia_FORM_1B_Prodhan_Upa-Prodhan-06032018_29b77844.pdf,3,16,1034,1093,women,Kalinga
Nadia,2018,nadia_FORM_1B_Prodhan_Upa-Prodhan-06032018_29b77844.pdf,3,17,1093,1153,caste,-
Nadia,2018,nadia_FORM_1B_Prodhan_Upa-Prodhan-06032018_29b77844.pdf,3,17,1093,1153,women,Pipragachht
Nadia,2018,nadia_FORM_1B_Prodhan_Upa-Prodhan-06032018_29b77844.pdf,3,18,1153,1211,caste,Bagberia (SC)
Nadia,2018,nadia_FORM_1B_Prodhan_Upa-Prodhan-06032018_29b77844.pdf,3,18,1153,1211,women,Bagberta
Nadia,2018,nadia_FORM_1B_Prodhan_Upa-Prodhan-06032018_29b77844.pdf,3,19,1211,1273,caste,Brittihuda (BC)
Nadia,2018,nadia_FORM_1B_Prodhan_Upa-Prodhan-06032018_29b77844.pdf,3,19,1211,1273,women,-
Nadia,2018,nadia_FORM_1B_Prodhan_Upa-Prodhan-06032018_29b77844.pdf,3,20,1273,1332,caste,Krishnagar-l
Nadia,2018,nadia_FORM_1B_Prodhan_Upa-Prodhan-06032018_29b77844.pdf,3,20,1273,1332,women,| Block
Nadia,2018,nadia_FORM_1B_Prodhan_Upa-Prodhan-06032018_29b77844.pdf,3,21,1332,1391,caste,Noapara-! (BC)
Nadia,2018,nadia_FORM_1B_Prodhan_Upa-Prodhan-06032018_29b77844.pdf,3,21,1332,1391,women,Naopara-!
Nadia,2018,nadia_FORM_1B_Prodhan_Upa-Prodhan-06032018_29b77844.pdf,3,22,1391,1451,caste,Noapara-Il (SC)
Nadia,2018,nadia_FORM_1B_Prodhan_Upa-Prodhan-06032018_29b77844.pdf,3,22,1391,1451,women,-
Nadia,2018,nadia_FORM_1B_Prodhan_Upa-Prodhan-06032018_29b77844.pdf,3,23,1451,1512,caste,-
Nadia,2018,nadia_FORM_1B_Prodhan_Upa-Prodhan-06032018_29b77844.pdf,3,23,1451,1512,women,Sadhanpara-!
Nadia,2018,nadia_FORM_1B_Prodhan_Upa-Prodhan-06032018_29b77844.pdf,3,24,1512,1572,caste,Belpukur (SC)
Nadia,2018,nadia_FORM_1B_Prodhan_Upa-Prodhan-06032018_29b77844.pdf,3,24,1512,1572,women,Belpukur
Nadia,2018,nadia_FORM_1B_Prodhan_Upa-Prodhan-06032018_29b77844.pdf,3,25,1572,1632,caste,Dhubulia-! (BC)
Nadia,2018,nadia_FORM_1B_Prodhan_Upa-Prodhan-06032018_29b77844.pdf,3,25,1572,1632,women,-
Nadia,2018,nadia_FORM_1B_Prodhan_Upa-Prodhan-06032018_29b77844.pdf,3,26,1632,1692,caste,Dhubulia-II (BC)
Nadia,2018,nadia_FORM_1B_Prodhan_Upa-Prodhan-06032018_29b77844.pdf,3,26,1632,1692,women,Dhubulia-l!
Nadia,2018,nadia_FORM_1B_Prodhan_Upa-Prodhan-06032018_29b77844.pdf,3,27,1692,1753,caste,Krishnagar-.
Nadia,2018,nadia_FORM_1B_Prodhan_Upa-Prodhan-06032018_29b77844.pdf,3,27,1692,1753,women,Block
Nadia,2018,nadia_FORM_1B_Prodhan_Upa-Prodhan-06032018_29b77844.pdf,3,28,1753,1813,caste,
Nadia,2018,nadia_FORM_1B_Prodhan_Upa-Prodhan-06032018_29b77844.pdf,3,28,1753,1813,women,Bhimpur
Nadia,2018,nadia_FORM_1B_Prodhan_Upa-Prodhan-06032018_29b77844.pdf,3,29,1813,1872,caste,Asannagar (SC)
Nadia,2018,nadia_FORM_1B_Prodhan_Upa-Prodhan-06032018_29b77844.pdf,3,29,1813,1872,women,Asannagar
Nadia,2018,nadia_FORM_1B_Prodhan_Upa-Prodhan-06032018_29b77844.pdf,3,30,1872,1932,caste,Bhanderkhola (SC)
Nadia,2018,nadia_FORM_1B_Prodhan_Upa-Prodhan-06032018_29b77844.pdf,3,30,1872,1932,women,-
Nadia,2018,nadia_FORM_1B_Prodhan_Upa-Prodhan-06032018_29b77844.pdf,3,31,1932,1992,caste,Dogachhi (SC)
Nadia,2018,nadia_FORM_1B_Prodhan_Upa-Prodhan-06032018_29b77844.pdf,3,31,1932,1992,women,-
Nadia,2018,nadia_FORM_1B_Prodhan_Upa-Prodhan-06032018_29b77844.pdf,3,32,1992,2050,caste,Chakdignagar (SC)
Nadia,2018,nadia_FORM_1B_Prodhan_Upa-Prodhan-06032018_29b77844.pdf,3,32,1992,2050,women,-
Nadia,2018,nadia_FORM_1B_Prodhan_Upa-Prodhan-06032018_29b77844.pdf,3,33,2050,2109,caste,-
Nadia,2018,nadia_FORM_1B_Prodhan_Upa-Prodhan-06032018_29b77844.pdf,3,33,2050,2109,women,Deypara
Nadia,2018,nadia_FORM_1B_Prodhan_Upa-Prodhan-06032018_29b77844.pdf,3,34,2109,2169,caste,-
Nadia,2018,nadia_FORM_1B_Prodhan_Upa-Prodhan-06032018_29b77844.pdf,3,34,2109,2169,women,Joania
Nadia,2018,nadia_FORM_1B_Prodhan_Upa-Prodhan-06032018_29b77844.pdf,3,35,2169,2229,caste,Ruipukur (SC)
Nadia,2018,nadia_FORM_1B_Prodhan_Upa-Prodhan-06032018_29b77844.pdf,3,35,2169,2229,women,-
Nadia,2018,nadia_FORM_1B_Prodhan_Upa-Prodhan-06032018_29b77844.pdf,4,1,3,191,caste,
Nadia,2018,nadia_FORM_1B_Prodhan_Upa-Prodhan-06032018_29b77844.pdf,4,1,3,191,women,
Nadia,2018,nadia_FORM_1B_Prodhan_Upa-Prodhan-06032018_29b77844.pdf,4,2,191,237,caste,(4)
Nadia,2018,nadia_FORM_1B_Prodhan_Upa-Prodhan-06032018_29b77844.pdf,4,2,191,237,women,(5)
Nadia,2018,nadia_FORM_1B_Prodhan_Upa-Prodhan-06032018_29b77844.pdf,4,3,237,296,caste,Bhaluka (SC)
Nadia,2018,nadia_FORM_1B_Prodhan_Upa-Prodhan-06032018_29b77844.pdf,4,3,237,296,women,
Nadia,2018,nadia_FORM_1B_Prodhan_Upa-Prodhan-06032018_29b77844.pdf,4,4,296,356,caste,Nabadwip
Nadia,2018,nadia_FORM_1B_Prodhan_Upa-Prodhan-06032018_29b77844.pdf,4,4,296,356,women,Stock
Nadia,2018,nadia_FORM_1B_Prodhan_Upa-Prodhan-06032018_29b77844.pdf,4,5,356,415,caste,Swarupganj (BC)
Nadia,2018,nadia_FORM_1B_Prodhan_Upa-Prodhan-06032018_29b77844.pdf,4,5,356,415,women,.
Nadia,2018,nadia_FORM_1B_Prodhan_Upa-Prodhan-06032018_29b77844.pdf,4,6,415,474,caste,-
Nadia,2018,nadia_FORM_1B_Prodhan_Upa-Prodhan-06032018_29b77844.pdf,4,6,415,474,women,Char Majdia Char Brahmanagar
Nadia,2018,nadia_FORM_1B_Prodhan_Upa-Prodhan-06032018_29b77844.pdf,4,7,474,534,caste,Majdia Panshila (SC)
Nadia,2018,nadia_FORM_1B_Prodhan_Upa-Prodhan-06032018_29b77844.pdf,4,7,474,534,women,Majdia Panshila
Nadia,2018,nadia_FORM_1B_Prodhan_Upa-Prodhan-06032018_29b77844.pdf,4,8,534,599,caste,Mayapur Bamanpukur-! (SC)
Nadia,2018,nadia_FORM_1B_Prodhan_Upa-Prodhan-06032018_29b77844.pdf,4,8,534,599,women,Mayapur Bamanpukur-|
Nadia,2018,nadia_FORM_1B_Prodhan_Upa-Prodhan-06032018_29b77844.pdf,4,9,599,659,caste,
Nadia,2018,nadia_FORM_1B_Prodhan_Upa-Prodhan-06032018_29b77844.pdf,4,9,599,659,women,Mayapur Bamanpukur-I]
Nadia,2018,nadia_FORM_1B_Prodhan_Upa-Prodhan-06032018_29b77844.pdf,4,10,659,719,caste,Santipur I
Nadia,2018,nadia_FORM_1B_Prodhan_Upa-Prodhan-06032018_29b77844.pdf,4,10,659,719,women,dock
Nadia,2018,nadia_FORM_1B_Prodhan_Upa-Prodhan-06032018_29b77844.pdf,4,11,719,779,caste,Gayeshpur(BC)
Nadia,2018,nadia_FORM_1B_Prodhan_Upa-Prodhan-06032018_29b77844.pdf,4,11,719,779,women,-
Nadia,2018,nadia_FORM_1B_Prodhan_Upa-Prodhan-06032018_29b77844.pdf,4,12,779,840,caste,
Nadia,2018,nadia_FORM_1B_Prodhan_Upa-Prodhan-06032018_29b77844.pdf,4,12,779,840,women,Haripur
Nadia,2018,nadia_FORM_1B_Prodhan_Upa-Prodhan-06032018_29b77844.pdf,4,13,840,900,caste,-
Nadia,2018,nadia_FORM_1B_Prodhan_Upa-Prodhan-06032018_29b77844.pdf,4,13,840,900,women,Arbandi-I
Nadia,2018,nadia_FORM_1B_Prodhan_Upa-Prodhan-06032018_29b77844.pdf,4,14,900,959,caste,Babla (ST)
Nadia,2018,nadia_FORM_1B_Prodhan_Upa-Prodhan-06032018_29b77844.pdf,4,14,900,959,women,Babla
Nadia,2018,nadia_FORM_1B_Prodhan_Upa-Prodhan-06032018_29b77844.pdf,4,15,959,1019,caste,Belgoria-I (BC)
Nadia,2018,nadia_FORM_1B_Prodhan_Upa-Prodhan-06032018_29b77844.pdf,4,15,959,1019,women,Belgoria-I
Nadia,2018,nadia_FORM_1B_Prodhan_Upa-Prodhan-06032018_29b77844.pdf,4,16,1019,1079,caste,Belgoria-Il (SC)
Nadia,2018,nadia_FORM_1B_Prodhan_Upa-Prodhan-06032018_29b77844.pdf,4,16,1019,1079,women,-
Nadia,2018,nadia_FORM_1B_Prodhan_Upa-Prodhan-06032018_29b77844.pdf,4,17,1079,1139,caste,Nabla (SC)
Nadia,2018,nadia_FORM_1B_Prodhan_Upa-Prodhan-06032018_29b77844.pdf,4,17,1079,1139,women,.
Nadia,2018,nadia_FORM_1B_Prodhan_Upa-Prodhan-06032018_29b77844.pdf,4,18,1139,1198,caste,Fulia Township (BC)
Nadia,2018,nadia_FORM_1B_Prodhan_Upa-Prodhan-06032018_29b77844.pdf,4,18,1139,1198,women,-
Nadia,2018,nadia_FORM_1B_Prodhan_Upa-Prodhan-06032018_29b77844.pdf,4,19,1198,1257,caste,-
Nadia,2018,nadia_FORM_1B_Prodhan_Upa-Prodhan-06032018_29b77844.pdf,4,19,1198,1257,women,Baganchra
Nadia,2018,nadia_FORM_1B_Prodhan_Upa-Prodhan-06032018_29b77844.pdf,4,20,1257,1318,caste,Arbandi (SC)
Nadia,2018,nadia_FORM_1B_Prodhan_Upa-Prodhan-06032018_29b77844.pdf,4,20,1257,1318,women,Arbandi 1
Nadia,2018,nadia_FORM_1B_Prodhan_Upa-Prodhan-06032018_29b77844.pdf,4,21,1318,1377,caste,Hanskhali |
Nadia,2018,nadia_FORM_1B_Prodhan_Upa-Prodhan-06032018_29b77844.pdf,4,21,1318,1377,women,Slock
Nadia,2018,nadia_FORM_1B_Prodhan_Upa-Prodhan-06032018_29b77844.pdf,4,22,1377,1436,caste,Dakshinpara-ll (BC)
Nadia,2018,nadia_FORM_1B_Prodhan_Upa-Prodhan-06032018_29b77844.pdf,4,22,1377,1436,women,-
Nadia,2018,nadia_FORM_1B_Prodhan_Upa-Prodhan-06032018_29b77844.pdf,4,23,1436,1497,caste,Dakshinpara-I (SC)
Nadia,2018,nadia_FORM_1B_Prodhan_Upa-Prodhan-06032018_29b77844.pdf,4,23,1436,1497,women,Dakshinpara-]
Nadia,2018,nadia_FORM_1B_Prodhan_Upa-Prodhan-06032018_29b77844.pdf,4,24,1497,1558,caste,Betna Gobindapur (BC)
Nadia,2018,nadia_FORM_1B_Prodhan_Upa-Prodhan-06032018_29b77844.pdf,4,24,1497,1558,women,Betna Gobindapur
Nadia,2018,nadia_FORM_1B_Prodhan_Upa-Prodhan-06032018_29b77844.pdf,4,25,1558,1617,caste,Mayurhat-II (SC)
Nadia,2018,nadia_FORM_1B_Prodhan_Upa-Prodhan-06032018_29b77844.pdf,4,25,1558,1617,women,-
Nadia,2018,nadia_FORM_1B_Prodhan_Upa-Prodhan-06032018_29b77844.pdf,4,26,1617,1677,caste,-
Nadia,2018,nadia_FORM_1B_Prodhan_Upa-Prodhan-06032018_29b77844.pdf,4,26,1617,1677,women,Gazna
Nadia,2018,nadia_FORM_1B_Prodhan_Upa-Prodhan-06032018_29b77844.pdf,4,27,1677,1739,caste,-
Nadia,2018,nadia_FORM_1B_Prodhan_Upa-Prodhan-06032018_29b77844.pdf,4,27,1677,1739,women,Ramnagar Barachupria-!
Nadia,2018,nadia_FORM_1B_Prodhan_Upa-Prodhan-06032018_29b77844.pdf,4,28,1739,1798,caste,-
Nadia,2018,nadia_FORM_1B_Prodhan_Upa-Prodhan-06032018_29b77844.pdf,4,28,1739,1798,women,Bagula-I
Nadia,2018,nadia_FORM_1B_Prodhan_Upa-Prodhan-06032018_29b77844.pdf,4,29,1798,1858,caste,Bagula-Il (SC)
Nadia,2018,nadia_FORM_1B_Prodhan_Upa-Prodhan-06032018_29b77844.pdf,4,29,1798,1858,women,Bagula-ll
Nadia,2018,nadia_FORM_1B_Prodhan_Upa-Prodhan-06032018_29b77844.pdf,4,30,1858,1917,caste,Mamjoan (ST)
Nadia,2018,nadia_FORM_1B_Prodhan_Upa-Prodhan-06032018_29b77844.pdf,4,30,1858,1917,women,-
Nadia,2018,nadia_FORM_1B_Prodhan_Upa-Prodhan-06032018_29b77844.pdf,4,31,1917,1977,caste,Badkulla-Hi (SC)
Nadia,2018,nadia_FORM_1B_Prodhan_Upa-Prodhan-06032018_29b77844.pdf,4,31,1917,1977,women,Badkulla-!!
Nadia,2018,nadia_FORM_1B_Prodhan_Upa-Prodhan-06032018_29b77844.pdf,5,1,3,191,caste,
Nadia,2018,nadia_FORM_1B_Prodhan_Upa-Prodhan-06032018_29b77844.pdf,5,1,3,191,women,
Nadia,2018,nadia_FORM_1B_Prodhan_Upa-Prodhan-06032018_29b77844.pdf,5,2,191,237,caste,(4)
Nadia,2018,nadia_FORM_1B_Prodhan_Upa-Prodhan-06032018_29b77844.pdf,5,2,191,237,women,(5)
Nadia,2018,nadia_FORM_1B_Prodhan_Upa-Prodhan-06032018_29b77844.pdf,5,3,237,296,caste,Ranaghat-I
Nadia,2018,nadia_FORM_1B_Prodhan_Upa-Prodhan-06032018_29b77844.pdf,5,3,237,296,women,Block
Nadia,2018,nadia_FORM_1B_Prodhan_Upa-Prodhan-06032018_29b77844.pdf,5,4,296,356,caste,Barasat (SC)
Nadia,2018,nadia_FORM_1B_Prodhan_Upa-Prodhan-06032018_29b77844.pdf,5,4,296,356,women,Barasat
Nadia,2018,nadia_FORM_1B_Prodhan_Upa-Prodhan-06032018_29b77844.pdf,5,5,356,415,caste,-
Nadia,2018,nadia_FORM_1B_Prodhan_Upa-Prodhan-06032018_29b77844.pdf,5,5,356,415,women,Anulia
Nadia,2018,nadia_FORM_1B_Prodhan_Upa-Prodhan-06032018_29b77844.pdf,5,6,415,475,caste,Ramnagar-Il (SC)
Nadia,2018,nadia_FORM_1B_Prodhan_Upa-Prodhan-06032018_29b77844.pdf,5,6,415,475,women,-
Nadia,2018,nadia_FORM_1B_Prodhan_Upa-Prodhan-06032018_29b77844.pdf,5,7,475,534,caste,Nawpara Masunda(SC)
Nadia,2018,nadia_FORM_1B_Prodhan_Upa-Prodhan-06032018_29b77844.pdf,5,7,475,534,women,Nawpara Masunda
Nadia,2018,nadia_FORM_1B_Prodhan_Upa-Prodhan-06032018_29b77844.pdf,5,8,534,595,caste,Kalinarayanpur- Paharpur (BC)
Nadia,2018,nadia_FORM_1B_Prodhan_Upa-Prodhan-06032018_29b77844.pdf,5,8,534,595,women,Kalinarayanpur-Paharpur
Nadia,2018,nadia_FORM_1B_Prodhan_Upa-Prodhan-06032018_29b77844.pdf,5,9,595,655,caste,Ranaghat-{!
Nadia,2018,nadia_FORM_1B_Prodhan_Upa-Prodhan-06032018_29b77844.pdf,5,9,595,655,women,Block
Nadia,2018,nadia_FORM_1B_Prodhan_Upa-Prodhan-06032018_29b77844.pdf,5,10,655,715,caste,Duttapulia (SC)
Nadia,2018,nadia_FORM_1B_Prodhan_Upa-Prodhan-06032018_29b77844.pdf,5,10,655,715,women,Duttapulia
Nadia,2018,nadia_FORM_1B_Prodhan_Upa-Prodhan-06032018_29b77844.pdf,5,11,715,775,caste,Anismali (BC)
Nadia,2018,nadia_FORM_1B_Prodhan_Upa-Prodhan-06032018_29b77844.pdf,5,11,715,775,women,-
Nadia,2018,nadia_FORM_1B_Prodhan_Upa-Prodhan-06032018_29b77844.pdf,5,12,775,837,caste,-
Nadia,2018,nadia_FORM_1B_Prodhan_Upa-Prodhan-06032018_29b77844.pdf,5,12,775,837,women,Jugalkishore
Nadia,2018,nadia_FORM_1B_Prodhan_Upa-Prodhan-06032018_29b77844.pdf,5,13,837,896,caste,Nokari (SC)
Nadia,2018,nadia_FORM_1B_Prodhan_Upa-Prodhan-06032018_29b77844.pdf,5,13,837,896,women,Nokari
Nadia,2018,nadia_FORM_1B_Prodhan_Upa-Prodhan-06032018_29b77844.pdf,5,14,896,956,caste,Debagram (SC)
Nadia,2018,nadia_FORM_1B_Prodhan_Upa-Prodhan-06032018_29b77844.pdf,5,14,896,956,women,Debagram
Nadia,2018,nadia_FORM_1B_Prodhan_Upa-Prodhan-06032018_29b77844.pdf,5,15,956,1016,caste,Shyamnagar(BC)
Nadia,2018,nadia_FORM_1B_Prodhan_Upa-Prodhan-06032018_29b77844.pdf,5,15,956,1016,women,Shyamnagar
Nadia,2018,nadia_FORM_1B_Prodhan_Upa-Prodhan-06032018_29b77844.pdf,5,16,1016,1076,caste,Aranghata (SC)
Nadia,2018,nadia_FORM_1B_Prodhan_Upa-Prodhan-06032018_29b77844.pdf,5,16,1016,1076,women,-
Nadia,2018,nadia_FORM_1B_Prodhan_Upa-Prodhan-06032018_29b77844.pdf,5,17,1076,1135,caste,-
Nadia,2018,nadia_FORM_1B_Prodhan_Upa-Prodhan-06032018_29b77844.pdf,5,17,1076,1135,women,Baidyapur II
Nadia,2018,nadia_FORM_1B_Prodhan_Upa-Prodhan-06032018_29b77844.pdf,5,18,1135,1194,caste,-
Nadia,2018,nadia_FORM_1B_Prodhan_Upa-Prodhan-06032018_29b77844.pdf,5,18,1135,1194,women,Majhergram
Nadia,2018,nadia_FORM_1B_Prodhan_Upa-Prodhan-06032018_29b77844.pdf,5,19,1194,1254,caste,
Nadia,2018,nadia_FORM_1B_Prodhan_Upa-Prodhan-06032018_29b77844.pdf,5,19,1194,1254,women,Kamalpur
Nadia,2018,nadia_FORM_1B_Prodhan_Upa-Prodhan-06032018_29b77844.pdf,5,20,1254,1314,caste,Baidyapur-I (ST)
Nadia,2018,nadia_FORM_1B_Prodhan_Upa-Prodhan-06032018_29b77844.pdf,5,20,1254,1314,women,-
Nadia,2018,nadia_FORM_1B_Prodhan_Upa-Prodhan-06032018_29b77844.pdf,5,21,1314,1373,caste,Chakdaha |
Nadia,2018,nadia_FORM_1B_Prodhan_Upa-Prodhan-06032018_29b77844.pdf,5,21,1314,1373,women,Jock
Nadia,2018,nadia_FORM_1B_Prodhan_Upa-Prodhan-06032018_29b77844.pdf,5,22,1373,1433,caste,Chanduria-I (SC)
Nadia,2018,nadia_FORM_1B_Prodhan_Upa-Prodhan-06032018_29b77844.pdf,5,22,1373,1433,women,-
Nadia,2018,nadia_FORM_1B_Prodhan_Upa-Prodhan-06032018_29b77844.pdf,5,23,1433,1494,caste,Tatla-Il (SC)
Nadia,2018,nadia_FORM_1B_Prodhan_Upa-Prodhan-06032018_29b77844.pdf,5,23,1433,1494,women,
Nadia,2018,nadia_FORM_1B_Prodhan_Upa-Prodhan-06032018_29b77844.pdf,5,24,1494,1554,caste,Silinda-I (BC)
Nadia,2018,nadia_FORM_1B_Prodhan_Upa-Prodhan-06032018_29b77844.pdf,5,24,1494,1554,women,Silinda-I
Nadia,2018,nadia_FORM_1B_Prodhan_Upa-Prodhan-06032018_29b77844.pdf,5,25,1554,1614,caste,-
Nadia,2018,nadia_FORM_1B_Prodhan_Upa-Prodhan-06032018_29b77844.pdf,5,25,1554,1614,women,Silinda-H
Nadia,2018,nadia_FORM_1B_Prodhan_Upa-Prodhan-06032018_29b77844.pdf,5,26,1614,1674,caste,Ghetugachhi (ST)
Nadia,2018,nadia_FORM_1B_Prodhan_Upa-Prodhan-06032018_29b77844.pdf,5,26,1614,1674,women,Ghetugachh:
Nadia,2018,nadia_FORM_1B_Prodhan_Upa-Prodhan-06032018_29b77844.pdf,5,27,1674,1735,caste,Dewli (SC)
Nadia,2018,nadia_FORM_1B_Prodhan_Upa-Prodhan-06032018_29b77844.pdf,5,27,1674,1735,women,
Nadia,2018,nadia_FORM_1B_Prodhan_Upa-Prodhan-06032018_29b77844.pdf,5,28,1735,1795,caste,-
Nadia,2018,nadia_FORM_1B_Prodhan_Upa-Prodhan-06032018_29b77844.pdf,5,28,1735,1795,women,Dubra
Nadia,2018,nadia_FORM_1B_Prodhan_Upa-Prodhan-06032018_29b77844.pdf,5,29,1795,1854,caste,-
Nadia,2018,nadia_FORM_1B_Prodhan_Upa-Prodhan-06032018_29b77844.pdf,5,29,1795,1854,women,Hingnara
Nadia,2018,nadia_FORM_1B_Prodhan_Upa-Prodhan-06032018_29b77844.pdf,5,30,1854,1913,caste,Kalyani B
Nadia,2018,nadia_FORM_1B_Prodhan_Upa-Prodhan-06032018_29b77844.pdf,5,30,1854,1913,women,ock
Nadia,2018,nadia_FORM_1B_Prodhan_Upa-Prodhan-06032018_29b77844.pdf,5,31,1913,1974,caste,-
Nadia,2018,nadia_FORM_1B_Prodhan_Upa-Prodhan-06032018_29b77844.pdf,5,31,1913,1974,women,Madanpur-I
Nadia,2018,nadia_FORM_1B_Prodhan_Upa-Prodhan-06032018_29b77844.pdf,5,32,1974,2033,caste,Madanpur-II (SC)
Nadia,2018,nadia_FORM_1B_Prodhan_Upa-Prodhan-06032018_29b77844.pdf,5,32,1974,2033,women,-
Nadia,2018,nadia_FORM_1B_Prodhan_Upa-Prodhan-06032018_29b77844.pdf,5,33,2033,2091,caste,-
Nadia,2018,nadia_FORM_1B_Prodhan_Upa-Prodhan-06032018_29b77844.pdf,5,33,2033,2091,women,Sarati
Nadia,2018,nadia_FORM_1B_Prodhan_Upa-Prodhan-06032018_29b77844.pdf,5,34,2091,2150,caste,Shimurali (SC)
Nadia,2018,nadia_FORM_1B_Prodhan_Upa-Prodhan-06032018_29b77844.pdf,5,34,2091,2150,women,Shimurali
Nadia,2018,nadia_FORM_1B_Prodhan_Upa-Prodhan-06032018_29b77844.pdf,6,1,3,191,caste,
Nadia,2018,nadia_FORM_1B_Prodhan_Upa-Prodhan-06032018_29b77844.pdf,6,1,3,191,women,
Nadia,2018,nadia_FORM_1B_Prodhan_Upa-Prodhan-06032018_29b77844.pdf,6,2,191,237,caste,(4)
Nadia,2018,nadia_FORM_1B_Prodhan_Upa-Prodhan-06032018_29b77844.pdf,6,2,191,237,women,G6)
Nadia,2018,nadia_FORM_1B_Prodhan_Upa-Prodhan-06032018_29b77844.pdf,6,3,237,295,caste,Haringhata
Nadia,2018,nadia_FORM_1B_Prodhan_Upa-Prodhan-06032018_29b77844.pdf,6,3,237,295,women,Block
Nadia,2018,nadia_FORM_1B_Prodhan_Upa-Prodhan-06032018_29b77844.pdf,6,4,295,356,caste,-
Nadia,2018,nadia_FORM_1B_Prodhan_Upa-Prodhan-06032018_29b77844.pdf,6,4,295,356,women,Birohi-l
Nadia,2018,nadia_FORM_1B_Prodhan_Upa-Prodhan-06032018_29b77844.pdf,6,5,356,415,caste,Birohi-II (SC)
Nadia,2018,nadia_FORM_1B_Prodhan_Upa-Prodhan-06032018_29b77844.pdf,6,5,356,415,women,Birohi-Il
Nadia,2018,nadia_FORM_1B_Prodhan_Upa-Prodhan-06032018_29b77844.pdf,6,6,415,474,caste,Kastodanga-l (SC)
Nadia,2018,nadia_FORM_1B_Prodhan_Upa-Prodhan-06032018_29b77844.pdf,6,6,415,474,women,Kastedanga-!
Nadia,2018,nadia_FORM_1B_Prodhan_Upa-Prodhan-06032018_29b77844.pdf,6,7,474,533,caste,Fatepur (SC)
Nadia,2018,nadia_FORM_1B_Prodhan_Upa-Prodhan-06032018_29b77844.pdf,6,7,474,533,women,
Nadia,2018,nadia_FORM_1B_Prodhan_Upa-Prodhan-06032018_29b77844.pdf,6,8,533,595,caste,Mollabelia (BC)
Nadia,2018,nadia_FORM_1B_Prodhan_Upa-Prodhan-06032018_29b77844.pdf,6,8,533,595,women,-
Nadia,2018,nadia_FORM_1B_Prodhan_Upa-Prodhan-06032018_29b77844.pdf,6,9,595,654,caste,Nagarukhra-I (BC)
Nadia,2018,nadia_FORM_1B_Prodhan_Upa-Prodhan-06032018_29b77844.pdf,6,9,595,654,women,Nagarukhra-!
Malda,2013,malda_Office_Bearer_of_ZP_PS_GP_d4c3b045.pdf,7,1,4,456,all,
Malda,2013,malda_Office_Bearer_of_ZP_PS_GP_d4c3b045.pdf,7,1,4,456,caste,
Malda,2013,malda_Office_Bearer_of_ZP_PS_GP_d4c3b045.pdf,7,1,4,456,women,
Malda,2013,malda_Office_Bearer_of_ZP_PS_GP_d4c3b045.pdf,7,2,456,510,all,(1)
Malda,2013,malda_Office_Bearer_of_ZP_PS_GP_d4c3b045.pdf,7,2,456,510,caste,(4)
Malda,2013,malda_Office_Bearer_of_ZP_PS_GP_d4c3b045.pdf,7,2,456,510,women,(5)
Malda,2013,malda_Office_Bearer_of_ZP_PS_GP_d4c3b045.pdf,7,3,510,559,all,MADNABATI
Malda,2013,malda_Office_Bearer_of_ZP_PS_GP_d4c3b045.pdf,7,3,510,559,caste,MADNABATI (ST)
Malda,2013,malda_Office_Bearer_of_ZP_PS_GP_d4c3b045.pdf,7,3,510,559,women,MADNABATI (STW)
Malda,2013,malda_Office_Bearer_of_ZP_PS_GP_d4c3b045.pdf,7,4,559,606,all,GOBINDAPUR-MAHESHPUR
Malda,2013,malda_Office_Bearer_of_ZP_PS_GP_d4c3b045.pdf,7,4,559,606,caste,
Malda,2013,malda_Office_Bearer_of_ZP_PS_GP_d4c3b045.pdf,7,4,559,606,women,GOBINDAPUR-MAHESHPUR (W:
Malda,2013,malda_Office_Bearer_of_ZP_PS_GP_d4c3b045.pdf,7,5,606,654,all,BAMANGOLA
Malda,2013,malda_Office_Bearer_of_ZP_PS_GP_d4c3b045.pdf,7,5,606,654,caste,BAMANGOLA(SC)
Malda,2013,malda_Office_Bearer_of_ZP_PS_GP_d4c3b045.pdf,7,5,606,654,women,-—=—
Malda,2013,malda_Office_Bearer_of_ZP_PS_GP_d4c3b045.pdf,7,6,654,702,all,CHANDPUR
Malda,2013,malda_Office_Bearer_of_ZP_PS_GP_d4c3b045.pdf,7,6,654,702,caste,wee
Malda,2013,malda_Office_Bearer_of_ZP_PS_GP_d4c3b045.pdf,7,6,654,702,women,ware
Malda,2013,malda_Office_Bearer_of_ZP_PS_GP_d4c3b045.pdf,7,7,702,750,all,PAKUAHAT
Malda,2013,malda_Office_Bearer_of_ZP_PS_GP_d4c3b045.pdf,7,7,702,750,caste,rd
Malda,2013,malda_Office_Bearer_of_ZP_PS_GP_d4c3b045.pdf,7,7,702,750,women,PAKUAHAT(W)
Malda,2013,malda_Office_Bearer_of_ZP_PS_GP_d4c3b045.pdf,7,8,750,799,all,JAGDALA
Malda,2013,malda_Office_Bearer_of_ZP_PS_GP_d4c3b045.pdf,7,8,750,799,caste,JAGDALA (ST)
Malda,2013,malda_Office_Bearer_of_ZP_PS_GP_d4c3b045.pdf,7,8,750,799,women,JAGDALA (STW)
Malda,2013,malda_Office_Bearer_of_ZP_PS_GP_d4c3b045.pdf,7,9,799,847,all,MANGALPURA
Malda,2013,malda_Office_Bearer_of_ZP_PS_GP_d4c3b045.pdf,7,9,799,847,caste,MANGALPURA(ST)
Malda,2013,malda_Office_Bearer_of_ZP_PS_GP_d4c3b045.pdf,7,9,799,847,women,ewe
Malda,2013,malda_Office_Bearer_of_ZP_PS_GP_d4c3b045.pdf,7,10,847,895,all,AKTAIL
Malda,2013,malda_Office_Bearer_of_ZP_PS_GP_d4c3b045.pdf,7,10,847,895,caste,oocce
Malda,2013,malda_Office_Bearer_of_ZP_PS_GP_d4c3b045.pdf,7,10,847,895,women,===
Malda,2013,malda_Office_Bearer_of_ZP_PS_GP_d4c3b045.pdf,7,11,895,943,all,BAIDYAPUR
Malda,2013,malda_Office_Bearer_of_ZP_PS_GP_d4c3b045.pdf,7,11,895,943,caste,BAIDYAPUR(SC)
Malda,2013,malda_Office_Bearer_of_ZP_PS_GP_d4c3b045.pdf,7,11,895,943,women,BAIDYAPUR(SCW)
Malda,2013,malda_Office_Bearer_of_ZP_PS_GP_d4c3b045.pdf,7,12,943,992,all,JAJOIL
Malda,2013,malda_Office_Bearer_of_ZP_PS_GP_d4c3b045.pdf,7,12,943,992,caste,ed
Malda,2013,malda_Office_Bearer_of_ZP_PS_GP_d4c3b045.pdf,7,12,943,992,women,JAJOIL(W)
Malda,2013,malda_Office_Bearer_of_ZP_PS_GP_d4c3b045.pdf,7,13,992,1040,all,KANTURKA
Malda,2013,malda_Office_Bearer_of_ZP_PS_GP_d4c3b045.pdf,7,13,992,1040,caste,KANTURKA(ST)
Malda,2013,malda_Office_Bearer_of_ZP_PS_GP_d4c3b045.pdf,7,13,992,1040,women,=<o--
Malda,2013,malda_Office_Bearer_of_ZP_PS_GP_d4c3b045.pdf,7,14,1040,1089,all,HABIBPUR
Malda,2013,malda_Office_Bearer_of_ZP_PS_GP_d4c3b045.pdf,7,14,1040,1089,caste,rs
Malda,2013,malda_Office_Bearer_of_ZP_PS_GP_d4c3b045.pdf,7,14,1040,1089,women,=---
Malda,2013,malda_Office_Bearer_of_ZP_PS_GP_d4c3b045.pdf,7,15,1089,1139,all,BULBULCHANDI
Malda,2013,malda_Office_Bearer_of_ZP_PS_GP_d4c3b045.pdf,7,15,1089,1139,caste,BULBULCHANDK(ST)
Malda,2013,malda_Office_Bearer_of_ZP_PS_GP_d4c3b045.pdf,7,15,1089,1139,women,BULBULCHANDI(STW)
Malda,2013,malda_Office_Bearer_of_ZP_PS_GP_d4c3b045.pdf,7,16,1139,1187,all,DHUMPUR
Malda,2013,malda_Office_Bearer_of_ZP_PS_GP_d4c3b045.pdf,7,16,1139,1187,caste,woane
Malda,2013,malda_Office_Bearer_of_ZP_PS_GP_d4c3b045.pdf,7,16,1139,1187,women,DHUMPUR(W)
Malda,2013,malda_Office_Bearer_of_ZP_PS_GP_d4c3b045.pdf,7,17,1187,1236,all,AIHO
Malda,2013,malda_Office_Bearer_of_ZP_PS_GP_d4c3b045.pdf,7,17,1187,1236,caste,AIHO(BC)
Malda,2013,malda_Office_Bearer_of_ZP_PS_GP_d4c3b045.pdf,7,17,1187,1236,women,meee
Malda,2013,malda_Office_Bearer_of_ZP_PS_GP_d4c3b045.pdf,7,18,1236,1285,all,RISHIPUR
Malda,2013,malda_Office_Bearer_of_ZP_PS_GP_d4c3b045.pdf,7,18,1236,1285,caste,oeee
Malda,2013,malda_Office_Bearer_of_ZP_PS_GP_d4c3b045.pdf,7,18,1236,1285,women,woo
Malda,2013,malda_Office_Bearer_of_ZP_PS_GP_d4c3b045.pdf,7,19,1285,1333,all,SRIRAMPUR
Malda,2013,malda_Office_Bearer_of_ZP_PS_GP_d4c3b045.pdf,7,19,1285,1333,caste,SRIRAMPUR(SC)
Malda,2013,malda_Office_Bearer_of_ZP_PS_GP_d4c3b045.pdf,7,19,1285,1333,women,SRIRAMPUR(SCW)
Malda,2013,malda_Office_Bearer_of_ZP_PS_GP_d4c3b045.pdf,7,20,1333,1382,all,ALAL
Malda,2013,malda_Office_Bearer_of_ZP_PS_GP_d4c3b045.pdf,7,20,1333,1382,caste,ALAL (BC)
Malda,2013,malda_Office_Bearer_of_ZP_PS_GP_d4c3b045.pdf,7,20,1333,1382,women,es
Malda,2013,malda_Office_Bearer_of_ZP_PS_GP_d4c3b045.pdf,7,21,1382,1430,all,KARKACH
Malda,2013,malda_Office_Bearer_of_ZP_PS_GP_d4c3b045.pdf,7,21,1382,1430,caste,ted
Malda,2013,malda_Office_Bearer_of_ZP_PS_GP_d4c3b045.pdf,7,21,1382,1430,women,KARKACH(W)
Malda,2013,malda_Office_Bearer_of_ZP_PS_GP_d4c3b045.pdf,7,22,1430,1478,all,DEOTALA
Malda,2013,malda_Office_Bearer_of_ZP_PS_GP_d4c3b045.pdf,7,22,1430,1478,caste,DEOTALA (ST)
Malda,2013,malda_Office_Bearer_of_ZP_PS_GP_d4c3b045.pdf,7,22,1430,1478,women,
Malda,2013,malda_Office_Bearer_of_ZP_PS_GP_d4c3b045.pdf,7,23,1478,1526,all,BABUPUR
Malda,2013,malda_Office_Bearer_of_ZP_PS_GP_d4c3b045.pdf,7,23,1478,1526,caste,—-—see
Malda,2013,malda_Office_Bearer_of_ZP_PS_GP_d4c3b045.pdf,7,23,1478,1526,women,-———=
Malda,2013,malda_Office_Bearer_of_ZP_PS_GP_d4c3b045.pdf,7,24,1526,1574,all,CHAKNAGAR
Malda,2013,malda_Office_Bearer_of_ZP_PS_GP_d4c3b045.pdf,7,24,1526,1574,caste,CHAKNAGAR(SC)
Malda,2013,malda_Office_Bearer_of_ZP_PS_GP_d4c3b045.pdf,7,24,1526,1574,women,CHAKNAGAR(SCW)
Malda,2013,malda_Office_Bearer_of_ZP_PS_GP_d4c3b045.pdf,7,25,1574,1623,all,SALAIDANGA
Malda,2013,malda_Office_Bearer_of_ZP_PS_GP_d4c3b045.pdf,7,25,1574,1623,caste,SALAIDANGA(SC)
Malda,2013,malda_Office_Bearer_of_ZP_PS_GP_d4c3b045.pdf,7,25,1574,1623,women,SALAIDANGA(SCW)
Malda,2013,malda_Office_Bearer_of_ZP_PS_GP_d4c3b045.pdf,7,26,1623,1670,all,SAHAJADPUR
Malda,2013,malda_Office_Bearer_of_ZP_PS_GP_d4c3b045.pdf,7,26,1623,1670,caste,SAHAJADPUR(BC)
Malda,2013,malda_Office_Bearer_of_ZP_PS_GP_d4c3b045.pdf,7,26,1623,1670,women,wore
Malda,2013,malda_Office_Bearer_of_ZP_PS_GP_d4c3b045.pdf,7,27,1670,1717,all,GAZOLE-I
Malda,2013,malda_Office_Bearer_of_ZP_PS_GP_d4c3b045.pdf,7,27,1670,1717,caste,GAZOLE-I (SC)
Malda,2013,malda_Office_Bearer_of_ZP_PS_GP_d4c3b045.pdf,7,27,1670,1717,women,GAZOLE-I (SCW)
Malda,2013,malda_Office_Bearer_of_ZP_PS_GP_d4c3b045.pdf,7,28,1717,1764,all,GAZOLE-II
Malda,2013,malda_Office_Bearer_of_ZP_PS_GP_d4c3b045.pdf,7,28,1717,1764,caste,GAZOLE-II (ST)
Malda,2013,malda_Office_Bearer_of_ZP_PS_GP_d4c3b045.pdf,7,28,1717,1764,women,sae
Malda,2013,malda_Office_Bearer_of_ZP_PS_GP_d4c3b045.pdf,7,29,1764,1812,all,BAIRGACHHI-I]
Malda,2013,malda_Office_Bearer_of_ZP_PS_GP_d4c3b045.pdf,7,29,1764,1812,caste,-——<--
Malda,2013,malda_Office_Bearer_of_ZP_PS_GP_d4c3b045.pdf,7,29,1764,1812,women,BAIRGACHHI-II(W)
Malda,2013,malda_Office_Bearer_of_ZP_PS_GP_d4c3b045.pdf,7,30,1812,1860,all,BAIRGACHHI-I
Malda,2013,malda_Office_Bearer_of_ZP_PS_GP_d4c3b045.pdf,7,30,1812,1860,caste,BAIRGACHHI-I(BC)
Malda,2013,malda_Office_Bearer_of_ZP_PS_GP_d4c3b045.pdf,7,30,1812,1860,women,BAIRGACHHI-I(BCW)
Malda,2013,malda_Office_Bearer_of_ZP_PS_GP_d4c3b045.pdf,7,31,1860,1909,all,PANDUA
Malda,2013,malda_Office_Bearer_of_ZP_PS_GP_d4c3b045.pdf,7,31,1860,1909,caste,PANDUA(SC)
Malda,2013,malda_Office_Bearer_of_ZP_PS_GP_d4c3b045.pdf,7,31,1860,1909,women,“wae
Malda,2013,malda_Office_Bearer_of_ZP_PS_GP_d4c3b045.pdf,7,32,1909,1957,all,MAJHRA
Malda,2013,malda_Office_Bearer_of_ZP_PS_GP_d4c3b045.pdf,7,32,1909,1957,caste,
Malda,2013,malda_Office_Bearer_of_ZP_PS_GP_d4c3b045.pdf,7,32,1909,1957,women,
Malda,2013,malda_Office_Bearer_of_ZP_PS_GP_d4c3b045.pdf,8,1,3,457,all,“panchayat
Malda,2013,malda_Office_Bearer_of_ZP_PS_GP_d4c3b045.pdf,8,1,3,457,caste,
Malda,2013,malda_Office_Bearer_of_ZP_PS_GP_d4c3b045.pdf,8,1,3,457,women,
Malda,2013,malda_Office_Bearer_of_ZP_PS_GP_d4c3b045.pdf,8,2,457,510,all,(1)
Malda,2013,malda_Office_Bearer_of_ZP_PS_GP_d4c3b045.pdf,8,2,457,510,caste,(4)
Malda,2013,malda_Office_Bearer_of_ZP_PS_GP_d4c3b045.pdf,8,2,457,510,women,(5)
Malda,2013,malda_Office_Bearer_of_ZP_PS_GP_d4c3b045.pdf,8,3,510,558,all,RANIGANJ-|
Malda,2013,malda_Office_Bearer_of_ZP_PS_GP_d4c3b045.pdf,8,3,510,558,caste,RANIGANJ-I(SC)
Malda,2013,malda_Office_Bearer_of_ZP_PS_GP_d4c3b045.pdf,8,3,510,558,women,RANIGANJ-I(SCW)
Malda,2013,malda_Office_Bearer_of_ZP_PS_GP_d4c3b045.pdf,8,4,558,606,all,RANIGANJ-II
Malda,2013,malda_Office_Bearer_of_ZP_PS_GP_d4c3b045.pdf,8,4,558,606,caste,ee
Malda,2013,malda_Office_Bearer_of_ZP_PS_GP_d4c3b045.pdf,8,4,558,606,women,RANIGANJ-II(W)
Malda,2013,malda_Office_Bearer_of_ZP_PS_GP_d4c3b045.pdf,8,5,606,655,all,KUSHIDA
Malda,2013,malda_Office_Bearer_of_ZP_PS_GP_d4c3b045.pdf,8,5,606,655,caste,KUSHIDA (BC)
Malda,2013,malda_Office_Bearer_of_ZP_PS_GP_d4c3b045.pdf,8,5,606,655,women,anon
Malda,2013,malda_Office_Bearer_of_ZP_PS_GP_d4c3b045.pdf,8,6,655,703,all,BORO!
Malda,2013,malda_Office_Bearer_of_ZP_PS_GP_d4c3b045.pdf,8,6,655,703,caste,BORO! (BC)
Malda,2013,malda_Office_Bearer_of_ZP_PS_GP_d4c3b045.pdf,8,6,655,703,women,BORO! (BCW)
Malda,2013,malda_Office_Bearer_of_ZP_PS_GP_d4c3b045.pdf,8,7,703,752,all,RASHIDABAD
Malda,2013,malda_Office_Bearer_of_ZP_PS_GP_d4c3b045.pdf,8,7,703,752,caste,RASHIDABAD(SC)
Malda,2013,malda_Office_Bearer_of_ZP_PS_GP_d4c3b045.pdf,8,7,703,752,women,rr
Malda,2013,malda_Office_Bearer_of_ZP_PS_GP_d4c3b045.pdf,8,8,752,802,all,TULSHIHATTA
Malda,2013,malda_Office_Bearer_of_ZP_PS_GP_d4c3b045.pdf,8,8,752,802,caste,“ome
Malda,2013,malda_Office_Bearer_of_ZP_PS_GP_d4c3b045.pdf,8,8,752,802,women,=
Malda,2013,malda_Office_Bearer_of_ZP_PS_GP_d4c3b045.pdf,8,9,802,850,all,MAHENDRAPUR
Malda,2013,malda_Office_Bearer_of_ZP_PS_GP_d4c3b045.pdf,8,9,802,850,caste,MAHENDRAPUR(SC)
Malda,2013,malda_Office_Bearer_of_ZP_PS_GP_d4c3b045.pdf,8,9,802,850,women,rors
Malda,2013,malda_Office_Bearer_of_ZP_PS_GP_d4c3b045.pdf,8,10,850,898,all,BHINGOLE
Malda,2013,malda_Office_Bearer_of_ZP_PS_GP_d4c3b045.pdf,8,10,850,898,caste,ry
Malda,2013,malda_Office_Bearer_of_ZP_PS_GP_d4c3b045.pdf,8,10,850,898,women,BHINGOLE(W)
Malda,2013,malda_Office_Bearer_of_ZP_PS_GP_d4c3b045.pdf,8,11,898,947,all,HARISHCHANDRAPUR
Malda,2013,malda_Office_Bearer_of_ZP_PS_GP_d4c3b045.pdf,8,11,898,947,caste,HARISHCHANDRAPUR(ST)
Malda,2013,malda_Office_Bearer_of_ZP_PS_GP_d4c3b045.pdf,8,11,898,947,women,Powered
Malda,2013,malda_Office_Bearer_of_ZP_PS_GP_d4c3b045.pdf,8,12,947,995,all,MAHANANDAPUR
Malda,2013,malda_Office_Bearer_of_ZP_PS_GP_d4c3b045.pdf,8,12,947,995,caste,MAHANANDAPUR(BC)
Malda,2013,malda_Office_Bearer_of_ZP_PS_GP_d4c3b045.pdf,8,12,947,995,women,MAHANANDAPUR(BCW)
Malda,2013,malda_Office_Bearer_of_ZP_PS_GP_d4c3b045.pdf,8,13,995,1044,all,BHAGABANPUR(Ch-!)
Malda,2013,malda_Office_Bearer_of_ZP_PS_GP_d4c3b045.pdf,8,13,995,1044,caste,BHAGABANPUR(SC)
Malda,2013,malda_Office_Bearer_of_ZP_PS_GP_d4c3b045.pdf,8,13,995,1044,women,BHAGABANPUR(SCW)
Malda,2013,malda_Office_Bearer_of_ZP_PS_GP_d4c3b045.pdf,8,14,1044,1092,all,MOKDUMPUR
Malda,2013,malda_Office_Bearer_of_ZP_PS_GP_d4c3b045.pdf,8,14,1044,1092,caste,MOKDUMPUR(BC)
Malda,2013,malda_Office_Bearer_of_ZP_PS_GP_d4c3b045.pdf,8,14,1044,1092,women,oon
Malda,2013,malda_Office_Bearer_of_ZP_PS_GP_d4c3b045.pdf,8,15,1092,1140,all,ALIHANDA
Malda,2013,malda_Office_Bearer_of_ZP_PS_GP_d4c3b045.pdf,8,15,1092,1140,caste,ALIHANDA(SC)
Malda,2013,malda_Office_Bearer_of_ZP_PS_GP_d4c3b045.pdf,8,15,1092,1140,women,ALIHANDA(SCW)
Malda,2013,malda_Office_Bearer_of_ZP_PS_GP_d4c3b045.pdf,8,16,1140,1189,all,KALIGRAM
Malda,2013,malda_Office_Bearer_of_ZP_PS_GP_d4c3b045.pdf,8,16,1140,1189,caste,erry
Malda,2013,malda_Office_Bearer_of_ZP_PS_GP_d4c3b045.pdf,8,16,1140,1189,women,sone
Malda,2013,malda_Office_Bearer_of_ZP_PS_GP_d4c3b045.pdf,8,17,1189,1238,all,KHARBA
Malda,2013,malda_Office_Bearer_of_ZP_PS_GP_d4c3b045.pdf,8,17,1189,1238,caste,KHARBA(BC)
Malda,2013,malda_Office_Bearer_of_ZP_PS_GP_d4c3b045.pdf,8,17,1189,1238,women,KHARBA(BCW)
Malda,2013,malda_Office_Bearer_of_ZP_PS_GP_d4c3b045.pdf,8,18,1238,1286,all,MOTIHARPUR
Malda,2013,malda_Office_Bearer_of_ZP_PS_GP_d4c3b045.pdf,8,18,1238,1286,caste,ee
Malda,2013,malda_Office_Bearer_of_ZP_PS_GP_d4c3b045.pdf,8,18,1238,1286,women,MOTIHARPUR(W)
Malda,2013,malda_Office_Bearer_of_ZP_PS_GP_d4c3b045.pdf,8,19,1286,1334,all,CHANCHAL
Malda,2013,malda_Office_Bearer_of_ZP_PS_GP_d4c3b045.pdf,8,19,1286,1334,caste,CHANCHAL(SC)
Malda,2013,malda_Office_Bearer_of_ZP_PS_GP_d4c3b045.pdf,8,19,1286,1334,women,aves
Malda,2013,malda_Office_Bearer_of_ZP_PS_GP_d4c3b045.pdf,8,20,1334,1383,all,SADLICHAK
Malda,2013,malda_Office_Bearer_of_ZP_PS_GP_d4c3b045.pdf,8,20,1334,1383,caste,SADLICHAK(BC)
Malda,2013,malda_Office_Bearer_of_ZP_PS_GP_d4c3b045.pdf,8,20,1334,1383,women,SADLICHAK(BCW)
Malda,2013,malda_Office_Bearer_of_ZP_PS_GP_d4c3b045.pdf,8,21,1383,1432,all,SULTANNAGAR
Malda,2013,malda_Office_Bearer_of_ZP_PS_GP_d4c3b045.pdf,8,21,1383,1432,caste,SULTANNAGAR(SC)
Malda,2013,malda_Office_Bearer_of_ZP_PS_GP_d4c3b045.pdf,8,21,1383,1432,women,es
Malda,2013,malda_Office_Bearer_of_ZP_PS_GP_d4c3b045.pdf,8,22,1432,1481,all,MALIOR-|
Malda,2013,malda_Office_Bearer_of_ZP_PS_GP_d4c3b045.pdf,8,22,1432,1481,caste,mmm
Malda,2013,malda_Office_Bearer_of_ZP_PS_GP_d4c3b045.pdf,8,22,1432,1481,women,woee
Malda,2013,malda_Office_Bearer_of_ZP_PS_GP_d4c3b045.pdf,8,23,1481,1529,all,MALIOR-II
Malda,2013,malda_Office_Bearer_of_ZP_PS_GP_d4c3b045.pdf,8,23,1481,1529,caste,=—oe
Malda,2013,malda_Office_Bearer_of_ZP_PS_GP_d4c3b045.pdf,8,23,1481,1529,women,MALIOR-II(W)
Malda,2013,malda_Office_Bearer_of_ZP_PS_GP_d4c3b045.pdf,8,24,1529,1578,all,ISLAMPUR
Malda,2013,malda_Office_Bearer_of_ZP_PS_GP_d4c3b045.pdf,8,24,1529,1578,caste,ISLAMPUR(SC)
Malda,2013,malda_Office_Bearer_of_ZP_PS_GP_d4c3b045.pdf,8,24,1529,1578,women,ISLAMPUR(SCW)
Malda,2013,malda_Office_Bearer_of_ZP_PS_GP_d4c3b045.pdf,8,25,1578,1627,all,DOULATNAGAR
Malda,2013,malda_Office_Bearer_of_ZP_PS_GP_d4c3b045.pdf,8,25,1578,1627,caste,rn
Malda,2013,malda_Office_Bearer_of_ZP_PS_GP_d4c3b045.pdf,8,25,1578,1627,women,eee
Malda,2013,malda_Office_Bearer_of_ZP_PS_GP_d4c3b045.pdf,8,26,1627,1676,all,BHALUKA
Malda,2013,malda_Office_Bearer_of_ZP_PS_GP_d4c3b045.pdf,8,26,1627,1676,caste,BHALUKA(BC)
Malda,2013,malda_Office_Bearer_of_ZP_PS_GP_d4c3b045.pdf,8,26,1627,1676,women,waoe
Malda,2013,malda_Office_Bearer_of_ZP_PS_GP_d4c3b045.pdf,8,27,1676,1725,all,DOULATPUR
Malda,2013,malda_Office_Bearer_of_ZP_PS_GP_d4c3b045.pdf,8,27,1676,1725,caste,DOULATPUR(SC)
Malda,2013,malda_Office_Bearer_of_ZP_PS_GP_d4c3b045.pdf,8,27,1676,1725,women,DOULATPUR(SCW)
Malda,2013,malda_Office_Bearer_of_ZP_PS_GP_d4c3b045.pdf,8,28,1725,1772,all,MASHALDAH
Malda,2013,malda_Office_Bearer_of_ZP_PS_GP_d4c3b045.pdf,8,28,1725,1772,caste,MASHALDAH(BC)
Malda,2013,malda_Office_Bearer_of_ZP_PS_GP_d4c3b045.pdf,8,28,1725,1772,women,oonew
Malda,2013,malda_Office_Bearer_of_ZP_PS_GP_d4c3b045.pdf,8,29,1772,1822,all,BHAKRI
Malda,2013,malda_Office_Bearer_of_ZP_PS_GP_d4c3b045.pdf,8,29,1772,1822,caste,BHAKRI(SC)
Malda,2013,malda_Office_Bearer_of_ZP_PS_GP_d4c3b045.pdf,8,29,1772,1822,women,BHAKRI(SCW)
Malda,2013,malda_Office_Bearer_of_ZP_PS_GP_d4c3b045.pdf,8,30,1822,1870,all,GOURHAND
Malda,2013,malda_Office_Bearer_of_ZP_PS_GP_d4c3b045.pdf,8,30,1822,1870,caste,“moe
Malda,2013,malda_Office_Bearer_of_ZP_PS_GP_d4c3b045.pdf,8,30,1822,1870,women,GOURHAND(W)
Malda,2013,malda_Office_Bearer_of_ZP_PS_GP_d4c3b045.pdf,8,31,1870,1919,all,MALATIPUR
Malda,2013,malda_Office_Bearer_of_ZP_PS_GP_d4c3b045.pdf,8,31,1870,1919,caste,soon
Malda,2013,malda_Office_Bearer_of_ZP_PS_GP_d4c3b045.pdf,8,31,1870,1919,women,wen
Malda,2013,malda_Office_Bearer_of_ZP_PS_GP_d4c3b045.pdf,8,32,1919,1966,all,JALALPUR(Ch-II)
Malda,2013,malda_Office_Bearer_of_ZP_PS_GP_d4c3b045.pdf,8,32,1919,1966,caste,JALALPUR(BC)
Malda,2013,malda_Office_Bearer_of_ZP_PS_GP_d4c3b045.pdf,8,32,1919,1966,women,am
Malda,2013,malda_Office_Bearer_of_ZP_PS_GP_d4c3b045.pdf,8,33,1966,2015,all,CHANDRAPARA
Malda,2013,malda_Office_Bearer_of_ZP_PS_GP_d4c3b045.pdf,8,33,1966,2015,caste,——-<
Malda,2013,malda_Office_Bearer_of_ZP_PS_GP_d4c3b045.pdf,8,33,1966,2015,women,CHANDRAPARA(W)
Malda,2013,malda_Office_Bearer_of_ZP_PS_GP_d4c3b045.pdf,8,34,2015,2063,all,DHANGARA BISANPUR
Malda,2013,malda_Office_Bearer_of_ZP_PS_GP_d4c3b045.pdf,8,34,2015,2063,caste,DHANGARA BISANPUR(BC)
Malda,2013,malda_Office_Bearer_of_ZP_PS_GP_d4c3b045.pdf,8,34,2015,2063,women,DHANGARA BISANPUR(BCW)
Malda,2013,malda_Office_Bearer_of_ZP_PS_GP_d4c3b045.pdf,8,35,2063,2110,all,KSHEMPUR
Malda,2013,malda_Office_Bearer_of_ZP_PS_GP_d4c3b045.pdf,8,35,2063,2110,caste,KSHEMPUR(SC)
Malda,2013,malda_Office_Bearer_of_ZP_PS_GP_d4c3b045.pdf,8,35,2063,2110,women,=moe
Malda,2013,malda_Office_Bearer_of_ZP_PS_GP_d4c3b045.pdf,8,36,2110,2158,all,SRIPUR-I
Malda,2013,malda_Office_Bearer_of_ZP_PS_GP_d4c3b045.pdf,8,36,2110,2158,caste,saee
Malda,2013,malda_Office_Bearer_of_ZP_PS_GP_d4c3b045.pdf,8,36,2110,2158,women,ance
Malda,2013,malda_Office_Bearer_of_ZP_PS_GP_d4c3b045.pdf,8,37,2158,2207,all,SRIPUR-II
Malda,2013,malda_Office_Bearer_of_ZP_PS_GP_d4c3b045.pdf,8,37,2158,2207,caste,saoe
Malda,2013,malda_Office_Bearer_of_ZP_PS_GP_d4c3b045.pdf,8,37,2158,2207,women,SRIPUR-II(W)
Malda,2013,malda_Office_Bearer_of_ZP_PS_GP_d4c3b045.pdf,8,38,2207,2256,all,MAHARAJPUR
Malda,2013,malda_Office_Bearer_of_ZP_PS_GP_d4c3b045.pdf,8,38,2207,2256,caste,ted
Malda,2013,malda_Office_Bearer_of_ZP_PS_GP_d4c3b045.pdf,8,38,2207,2256,women,woe
Malda,2013,malda_Office_Bearer_of_ZP_PS_GP_d4c3b045.pdf,8,39,2256,2305,all,PIRGANJ
Malda,2013,malda_Office_Bearer_of_ZP_PS_GP_d4c3b045.pdf,8,39,2256,2305,caste,PIRGANJ(SC)
Malda,2013,malda_Office_Bearer_of_ZP_PS_GP_d4c3b045.pdf,8,39,2256,2305,women,PIRGANJ(SCW)
Malda,2013,malda_Office_Bearer_of_ZP_PS_GP_d4c3b045.pdf,8,40,2305,2353,all,SAMBALPUR
Malda,2013,malda_Office_Bearer_of_ZP_PS_GP_d4c3b045.pdf,8,40,2305,2353,caste,SAMBALPUR(BC)
Malda,2013,malda_Office_Bearer_of_ZP_PS_GP_d4c3b045.pdf,8,40,2305,2353,women,ene
Malda,2013,malda_Office_Bearer_of_ZP_PS_GP_d4c3b045.pdf,8,41,2353,2401,all,PARANPUR
Malda,2013,malda_Office_Bearer_of_ZP_PS_GP_d4c3b045.pdf,8,41,2353,2401,caste,re
Malda,2013,malda_Office_Bearer_of_ZP_PS_GP_d4c3b045.pdf,8,41,2353,2401,women,PARANPUR(W)
Malda,2013,malda_Office_Bearer_of_ZP_PS_GP_d4c3b045.pdf,8,42,2401,2450,all,ARAIDANGA
Malda,2013,malda_Office_Bearer_of_ZP_PS_GP_d4c3b045.pdf,8,42,2401,2450,caste,ame
Malda,2013,malda_Office_Bearer_of_ZP_PS_GP_d4c3b045.pdf,8,42,2401,2450,women,we
Malda,2013,malda_Office_Bearer_of_ZP_PS_GP_d4c3b045.pdf,8,43,2450,2498,all,PUKHURIA
Malda,2013,malda_Office_Bearer_of_ZP_PS_GP_d4c3b045.pdf,8,43,2450,2498,caste,~~-~
Malda,2013,malda_Office_Bearer_of_ZP_PS_GP_d4c3b045.pdf,8,43,2450,2498,women,PUKHURIA(W)
Malda,2013,malda_Office_Bearer_of_ZP_PS_GP_d4c3b045.pdf,8,44,2498,2547,all,MAHANANDATOLA
Malda,2013,malda_Office_Bearer_of_ZP_PS_GP_d4c3b045.pdf,8,44,2498,2547,caste,MAHANANDATOLA(BC)
Malda,2013,malda_Office_Bearer_of_ZP_PS_GP_d4c3b045.pdf,8,44,2498,2547,women,once
Malda,2013,malda_Office_Bearer_of_ZP_PS_GP_d4c3b045.pdf,8,45,2547,2595,all,BELAIMARI
Malda,2013,malda_Office_Bearer_of_ZP_PS_GP_d4c3b045.pdf,8,45,2547,2595,caste,BELAIMARI(SC)
Malda,2013,malda_Office_Bearer_of_ZP_PS_GP_d4c3b045.pdf,8,45,2547,2595,women,BELAIMARI(SCW)
Malda,2013,malda_Office_Bearer_of_ZP_PS_GP_d4c3b045.pdf,8,46,2595,2644,all,DEBIPUR
Malda,2013,malda_Office_Bearer_of_ZP_PS_GP_d4c3b045.pdf,8,46,2595,2644,caste,DEBIPUR(BC)
Malda,2013,malda_Office_Bearer_of_ZP_PS_GP_d4c3b045.pdf,8,46,2595,2644,women,waco
Malda,2013,malda_Office_Bearer_of_ZP_PS_GP_d4c3b045.pdf,8,47,2644,2693,all,KAHALA
Malda,2013,malda_Office_Bearer_of_ZP_PS_GP_d4c3b045.pdf,8,47,2644,2693,caste,KAHALA(SC)
Malda,2013,malda_Office_Bearer_of_ZP_PS_GP_d4c3b045.pdf,8,47,2644,2693,women,KAHALA(SCW)
Malda,2013,malda_Office_Bearer_of_ZP_PS_GP_d4c3b045.pdf,8,48,2693,2742,all,BAHARAL
Malda,2013,malda_Office_Bearer_of_ZP_PS_GP_d4c3b045.pdf,8,48,2693,2742,caste,oon
Malda,2013,malda_Office_Bearer_of_ZP_PS_GP_d4c3b045.pdf,8,48,2693,2742,women,=ece
Malda,2013,malda_Office_Bearer_of_ZP_PS_GP_d4c3b045.pdf,8,49,2742,2790,all,RATUA
Malda,2013,malda_Office_Bearer_of_ZP_PS_GP_d4c3b045.pdf,8,49,2742,2790,caste,ween
Malda,2013,malda_Office_Bearer_of_ZP_PS_GP_d4c3b045.pdf,8,49,2742,2790,women,RATUA(W)
Malda,2013,malda_Office_Bearer_of_ZP_PS_GP_d4c3b045.pdf,8,50,2790,2839,all,BHADO
Malda,2013,malda_Office_Bearer_of_ZP_PS_GP_d4c3b045.pdf,8,50,2790,2839,caste,<<<0
Malda,2013,malda_Office_Bearer_of_ZP_PS_GP_d4c3b045.pdf,8,50,2790,2839,women,ooum
Malda,2013,malda_Office_Bearer_of_ZP_PS_GP_d4c3b045.pdf,8,51,2839,2885,all,SAMSI
Malda,2013,malda_Office_Bearer_of_ZP_PS_GP_d4c3b045.pdf,8,51,2839,2885,caste,wwen
Malda,2013,malda_Office_Bearer_of_ZP_PS_GP_d4c3b045.pdf,8,51,2839,2885,women,SAMSI(W)
Malda,2013,malda_Office_Bearer_of_ZP_PS_GP_d4c3b045.pdf,8,52,2885,2932,all,CHANDMONI-II
Malda,2013,malda_Office_Bearer_of_ZP_PS_GP_d4c3b045.pdf,8,52,2885,2932,caste,CHANDMONI-II(SC)
Malda,2013,malda_Office_Bearer_of_ZP_PS_GP_d4c3b045.pdf,8,52,2885,2932,women,er’
Malda,2013,malda_Office_Bearer_of_ZP_PS_GP_d4c3b045.pdf,8,53,2932,2979,all,CHANDMONI-!
Malda,2013,malda_Office_Bearer_of_ZP_PS_GP_d4c3b045.pdf,8,53,2932,2979,caste,eres
Malda,2013,malda_Office_Bearer_of_ZP_PS_GP_d4c3b045.pdf,8,53,2932,2979,women,ery
Malda,2013,malda_Office_Bearer_of_ZP_PS_GP_d4c3b045.pdf,8,54,2979,3027,all,HIRANANDAPUR
Malda,2013,malda_Office_Bearer_of_ZP_PS_GP_d4c3b045.pdf,8,54,2979,3027,caste,aace
Malda,2013,malda_Office_Bearer_of_ZP_PS_GP_d4c3b045.pdf,8,54,2979,3027,women,HIRANANDAPUR(W)
Malda,2013,malda_Office_Bearer_of_ZP_PS_GP_d4c3b045.pdf,8,55,3027,3075,all,UTTAR CHANDIPUR
Malda,2013,malda_Office_Bearer_of_ZP_PS_GP_d4c3b045.pdf,8,55,3027,3075,caste,
Malda,2013,malda_Office_Bearer_of_ZP_PS_GP_d4c3b045.pdf,8,55,3027,3075,women,woee
Malda,2013,malda_Office_Bearer_of_ZP_PS_GP_d4c3b045.pdf,8,56,3075,3123,all,NAZIRPUR
Malda,2013,malda_Office_Bearer_of_ZP_PS_GP_d4c3b045.pdf,8,56,3075,3123,caste,=<a=e
Malda,2013,malda_Office_Bearer_of_ZP_PS_GP_d4c3b045.pdf,8,56,3075,3123,women,NAZIRPUR(W)
Malda,2013,malda_Office_Bearer_of_ZP_PS_GP_d4c3b045.pdf,8,57,3123,3171,all,NURPUR
Malda,2013,malda_Office_Bearer_of_ZP_PS_GP_d4c3b045.pdf,8,57,3123,3171,caste,NURPUR(SC)
Malda,2013,malda_Office_Bearer_of_ZP_PS_GP_d4c3b045.pdf,8,57,3123,3171,women,NURPUR(SCW)
Malda,2013,malda_Office_Bearer_of_ZP_PS_GP_d4c3b045.pdf,9,1,3,455,all,
Malda,2013,malda_Office_Bearer_of_ZP_PS_GP_d4c3b045.pdf,9,1,3,455,caste,
Malda,2013,malda_Office_Bearer_of_ZP_PS_GP_d4c3b045.pdf,9,1,3,455,women,
Malda,2013,malda_Office_Bearer_of_ZP_PS_GP_d4c3b045.pdf,9,2,455,509,all,(1)
Malda,2013,malda_Office_Bearer_of_ZP_PS_GP_d4c3b045.pdf,9,2,455,509,caste,(4)
Malda,2013,malda_Office_Bearer_of_ZP_PS_GP_d4c3b045.pdf,9,2,455,509,women,(5)
Malda,2013,malda_Office_Bearer_of_ZP_PS_GP_d4c3b045.pdf,9,3,509,557,all,MATHURAPUR
Malda,2013,malda_Office_Bearer_of_ZP_PS_GP_d4c3b045.pdf,9,3,509,557,caste,mone
Malda,2013,malda_Office_Bearer_of_ZP_PS_GP_d4c3b045.pdf,9,3,509,557,women,rs
Malda,2013,malda_Office_Bearer_of_ZP_PS_GP_d4c3b045.pdf,9,4,557,605,all,DAKSHIN CHANDIPUR
Malda,2013,malda_Office_Bearer_of_ZP_PS_GP_d4c3b045.pdf,9,4,557,605,caste,DAKSHIN CHANDIPUR(SC)
Malda,2013,malda_Office_Bearer_of_ZP_PS_GP_d4c3b045.pdf,9,4,557,605,women,ed
Malda,2013,malda_Office_Bearer_of_ZP_PS_GP_d4c3b045.pdf,9,5,605,653,all,MANIKCHAK
Malda,2013,malda_Office_Bearer_of_ZP_PS_GP_d4c3b045.pdf,9,5,605,653,caste,MANIKCHAK(BC)
Malda,2013,malda_Office_Bearer_of_ZP_PS_GP_d4c3b045.pdf,9,5,605,653,women,MANIKCHAK(BCW)
Malda,2013,malda_Office_Bearer_of_ZP_PS_GP_d4c3b045.pdf,9,6,653,702,all,ENAYETPUR
Malda,2013,malda_Office_Bearer_of_ZP_PS_GP_d4c3b045.pdf,9,6,653,702,caste,acon
Malda,2013,malda_Office_Bearer_of_ZP_PS_GP_d4c3b045.pdf,9,6,653,702,women,ENAYETPUR(W)
Malda,2013,malda_Office_Bearer_of_ZP_PS_GP_d4c3b045.pdf,9,7,702,750,all,CHOWK! MIRDADPUR
Malda,2013,malda_Office_Bearer_of_ZP_PS_GP_d4c3b045.pdf,9,7,702,750,caste,sac
Malda,2013,malda_Office_Bearer_of_ZP_PS_GP_d4c3b045.pdf,9,7,702,750,women,-———=
Malda,2013,malda_Office_Bearer_of_ZP_PS_GP_d4c3b045.pdf,9,8,750,799,all,DHARAMPUR
Malda,2013,malda_Office_Bearer_of_ZP_PS_GP_d4c3b045.pdf,9,8,750,799,caste,we
Malda,2013,malda_Office_Bearer_of_ZP_PS_GP_d4c3b045.pdf,9,8,750,799,women,DHARAMPUR(W)
Malda,2013,malda_Office_Bearer_of_ZP_PS_GP_d4c3b045.pdf,9,9,799,847,all,GOPALPUR
Malda,2013,malda_Office_Bearer_of_ZP_PS_GP_d4c3b045.pdf,9,9,799,847,caste,GOPALPUR(BC)
Malda,2013,malda_Office_Bearer_of_ZP_PS_GP_d4c3b045.pdf,9,9,799,847,women,ween
Malda,2013,malda_Office_Bearer_of_ZP_PS_GP_d4c3b045.pdf,9,10,847,896,all,SOVANAGAR
Malda,2013,malda_Office_Bearer_of_ZP_PS_GP_d4c3b045.pdf,9,10,847,896,caste,mone
Malda,2013,malda_Office_Bearer_of_ZP_PS_GP_d4c3b045.pdf,9,10,847,896,women,“---
Malda,2013,malda_Office_Bearer_of_ZP_PS_GP_d4c3b045.pdf,9,11,896,945,all,FULBARIA
Malda,2013,malda_Office_Bearer_of_ZP_PS_GP_d4c3b045.pdf,9,11,896,945,caste,ww
Malda,2013,malda_Office_Bearer_of_ZP_PS_GP_d4c3b045.pdf,9,11,896,945,women,FULBARIA(W)
Malda,2013,malda_Office_Bearer_of_ZP_PS_GP_d4c3b045.pdf,9,12,945,993,all,MILK!
Malda,2013,malda_Office_Bearer_of_ZP_PS_GP_d4c3b045.pdf,9,12,945,993,caste,MILKI(SC)
Malda,2013,malda_Office_Bearer_of_ZP_PS_GP_d4c3b045.pdf,9,12,945,993,women,MILKI(SCW)
Malda,2013,malda_Office_Bearer_of_ZP_PS_GP_d4c3b045.pdf,9,13,993,1042,all,NARHATTA
Malda,2013,malda_Office_Bearer_of_ZP_PS_GP_d4c3b045.pdf,9,13,993,1042,caste,-<---
Malda,2013,malda_Office_Bearer_of_ZP_PS_GP_d4c3b045.pdf,9,13,993,1042,women,--o=2
Malda,2013,malda_Office_Bearer_of_ZP_PS_GP_d4c3b045.pdf,9,14,1042,1091,all,BINODPUR
Malda,2013,malda_Office_Bearer_of_ZP_PS_GP_d4c3b045.pdf,9,14,1042,1091,caste,oor
Malda,2013,malda_Office_Bearer_of_ZP_PS_GP_d4c3b045.pdf,9,14,1042,1091,women,BINODPUR(W)
Malda,2013,malda_Office_Bearer_of_ZP_PS_GP_d4c3b045.pdf,9,15,1091,1140,all,AMRITY
Malda,2013,malda_Office_Bearer_of_ZP_PS_GP_d4c3b045.pdf,9,15,1091,1140,caste,AMRITY(BC)
Malda,2013,malda_Office_Bearer_of_ZP_PS_GP_d4c3b045.pdf,9,15,1091,1140,women,-———--
Malda,2013,malda_Office_Bearer_of_ZP_PS_GP_d4c3b045.pdf,9,16,1140,1188,all,KAZIGRAM
Malda,2013,malda_Office_Bearer_of_ZP_PS_GP_d4c3b045.pdf,9,16,1140,1188,caste,moon
Malda,2013,malda_Office_Bearer_of_ZP_PS_GP_d4c3b045.pdf,9,16,1140,1188,women,—
Malda,2013,malda_Office_Bearer_of_ZP_PS_GP_d4c3b045.pdf,9,17,1188,1236,all,KOTWALI
Malda,2013,malda_Office_Bearer_of_ZP_PS_GP_d4c3b045.pdf,9,17,1188,1236,caste,KOTWALI(SC)
Malda,2013,malda_Office_Bearer_of_ZP_PS_GP_d4c3b045.pdf,9,17,1188,1236,women,KOTWALI(SCW)
Malda,2013,malda_Office_Bearer_of_ZP_PS_GP_d4c3b045.pdf,9,18,1236,1285,all,JADUPUR-!
Malda,2013,malda_Office_Bearer_of_ZP_PS_GP_d4c3b045.pdf,9,18,1236,1285,caste,-ocn
Malda,2013,malda_Office_Bearer_of_ZP_PS_GP_d4c3b045.pdf,9,18,1236,1285,women,JADUPUR-I(W)
Malda,2013,malda_Office_Bearer_of_ZP_PS_GP_d4c3b045.pdf,9,19,1285,1333,all,JADUPUR-!!
Malda,2013,malda_Office_Bearer_of_ZP_PS_GP_d4c3b045.pdf,9,19,1285,1333,caste,JADUPUR-II(ST)
Malda,2013,malda_Office_Bearer_of_ZP_PS_GP_d4c3b045.pdf,9,19,1285,1333,women,JADUPUR-II(STW)
Malda,2013,malda_Office_Bearer_of_ZP_PS_GP_d4c3b045.pdf,9,20,1333,1381,all,MAHADIPUR
Malda,2013,malda_Office_Bearer_of_ZP_PS_GP_d4c3b045.pdf,9,20,1333,1381,caste,cone
Malda,2013,malda_Office_Bearer_of_ZP_PS_GP_d4c3b045.pdf,9,20,1333,1381,women,-—om
Malda,2013,malda_Office_Bearer_of_ZP_PS_GP_d4c3b045.pdf,9,21,1381,1430,all,MAHISHBATHANI
Malda,2013,malda_Office_Bearer_of_ZP_PS_GP_d4c3b045.pdf,9,21,1381,1430,caste,MAHISHBATHANI(BC)
Malda,2013,malda_Office_Bearer_of_ZP_PS_GP_d4c3b045.pdf,9,21,1381,1430,women,oe
Malda,2013,malda_Office_Bearer_of_ZP_PS_GP_d4c3b045.pdf,9,22,1430,1478,all,BHABUK
Malda,2013,malda_Office_Bearer_of_ZP_PS_GP_d4c3b045.pdf,9,22,1430,1478,caste,oree
Malda,2013,malda_Office_Bearer_of_ZP_PS_GP_d4c3b045.pdf,9,22,1430,1478,women,BHABUK(W)
Malda,2013,malda_Office_Bearer_of_ZP_PS_GP_d4c3b045.pdf,9,23,1478,1527,all,JATRADANGA
Malda,2013,malda_Office_Bearer_of_ZP_PS_GP_d4c3b045.pdf,9,23,1478,1527,caste,JATRADANGA(SC)
Malda,2013,malda_Office_Bearer_of_ZP_PS_GP_d4c3b045.pdf,9,23,1478,1527,women,JATRADANGA(SCW)
Malda,2013,malda_Office_Bearer_of_ZP_PS_GP_d4c3b045.pdf,9,24,1527,1576,all,MANGALBARI
Malda,2013,malda_Office_Bearer_of_ZP_PS_GP_d4c3b045.pdf,9,24,1527,1576,caste,MANGALBARI(BC)
Malda,2013,malda_Office_Bearer_of_ZP_PS_GP_d4c3b045.pdf,9,24,1527,1576,women,eres
Malda,2013,malda_Office_Bearer_of_ZP_PS_GP_d4c3b045.pdf,9,25,1576,1625,all,SAHAPUR
Malda,2013,malda_Office_Bearer_of_ZP_PS_GP_d4c3b045.pdf,9,25,1576,1625,caste,SAHAPUR(SC)
Malda,2013,malda_Office_Bearer_of_ZP_PS_GP_d4c3b045.pdf,9,25,1576,1625,women,SAHAPUR(SCW)
Malda,2013,malda_Office_Bearer_of_ZP_PS_GP_d4c3b045.pdf,9,26,1625,1673,all,MUCHIA
Malda,2013,malda_Office_Bearer_of_ZP_PS_GP_d4c3b045.pdf,9,26,1625,1673,caste,a=
Malda,2013,malda_Office_Bearer_of_ZP_PS_GP_d4c3b045.pdf,9,26,1625,1673,women,=<ce
Malda,2013,malda_Office_Bearer_of_ZP_PS_GP_d4c3b045.pdf,9,27,1673,1722,all,U PANCHANANDAPUR-|
Malda,2013,malda_Office_Bearer_of_ZP_PS_GP_d4c3b045.pdf,9,27,1673,1722,caste,mewn
Malda,2013,malda_Office_Bearer_of_ZP_PS_GP_d4c3b045.pdf,9,27,1673,1722,women,U PANCHANANDAPUR-I(W)
Malda,2013,malda_Office_Bearer_of_ZP_PS_GP_d4c3b045.pdf,9,28,1722,1770,all,U PANCHANANDAPUR.1I
Malda,2013,malda_Office_Bearer_of_ZP_PS_GP_d4c3b045.pdf,9,28,1722,1770,caste,“wee
Malda,2013,malda_Office_Bearer_of_ZP_PS_GP_d4c3b045.pdf,9,28,1722,1770,women,ween
Malda,2013,malda_Office_Bearer_of_ZP_PS_GP_d4c3b045.pdf,9,29,1770,1818,all,BANGITOLA
Malda,2013,malda_Office_Bearer_of_ZP_PS_GP_d4c3b045.pdf,9,29,1770,1818,caste,BANGITOLA(SC)
Malda,2013,malda_Office_Bearer_of_ZP_PS_GP_d4c3b045.pdf,9,29,1770,1818,women,wenn
Malda,2013,malda_Office_Bearer_of_ZP_PS_GP_d4c3b045.pdf,9,30,1818,1866,all,RATHBARI
Malda,2013,malda_Office_Bearer_of_ZP_PS_GP_d4c3b045.pdf,9,30,1818,1866,caste,RATHBARI(BC)
Malda,2013,malda_Office_Bearer_of_ZP_PS_GP_d4c3b045.pdf,9,30,1818,1866,women,RATHBARI(BCW)
Malda,2013,malda_Office_Bearer_of_ZP_PS_GP_d4c3b045.pdf,9,31,1866,1915,all,GANGAPROSAD
Malda,2013,malda_Office_Bearer_of_ZP_PS_GP_d4c3b045.pdf,9,31,1866,1915,caste,GANGAPROSAD(SC)
Malda,2013,malda_Office_Bearer_of_ZP_PS_GP_d4c3b045.pdf,9,31,1866,1915,women,eed
Malda,2013,malda_Office_Bearer_of_ZP_PS_GP_d4c3b045.pdf,9,32,1915,1964,all,UTTAR LAXMIPUR
Malda,2013,malda_Office_Bearer_of_ZP_PS_GP_d4c3b045.pdf,9,32,1915,1964,caste,UTTAR LAXMIPUR(BC)
Malda,2013,malda_Office_Bearer_of_ZP_PS_GP_d4c3b045.pdf,9,32,1915,1964,women,UTTAR LAXMIPUR(BCW)
Malda,2013,malda_Office_Bearer_of_ZP_PS_GP_d4c3b045.pdf,9,33,1964,2012,all,MOTHABARI
Malda,2013,malda_Office_Bearer_of_ZP_PS_GP_d4c3b045.pdf,9,33,1964,2012,caste,see
Malda,2013,malda_Office_Bearer_of_ZP_PS_GP_d4c3b045.pdf,9,33,1964,2012,women,MOTHABARI(W)
Malda,2013,malda_Office_Bearer_of_ZP_PS_GP_d4c3b045.pdf,9,34,2012,2061,all,HAMIDPUR
Malda,2013,malda_Office_Bearer_of_ZP_PS_GP_d4c3b045.pdf,9,34,2012,2061,caste,HAMIDPUR(BC)
Malda,2013,malda_Office_Bearer_of_ZP_PS_GP_d4c3b045.pdf,9,34,2012,2061,women,woe
Malda,2013,malda_Office_Bearer_of_ZP_PS_GP_d4c3b045.pdf,9,35,2061,2109,all,RAJNAGAR
Malda,2013,malda_Office_Bearer_of_ZP_PS_GP_d4c3b045.pdf,9,35,2061,2109,caste,rere
Malda,2013,malda_Office_Bearer_of_ZP_PS_GP_d4c3b045.pdf,9,35,2061,2109,women,weme
Malda,2013,malda_Office_Bearer_of_ZP_PS_GP_d4c3b045.pdf,9,36,2109,2156,all,ALINAGAR
Malda,2013,malda_Office_Bearer_of_ZP_PS_GP_d4c3b045.pdf,9,36,2109,2156,caste,ALINAGAR(SC)
Malda,2013,malda_Office_Bearer_of_ZP_PS_GP_d4c3b045.pdf,9,36,2109,2156,women,ALINAGAR(SCW)
Malda,2013,malda_Office_Bearer_of_ZP_PS_GP_d4c3b045.pdf,9,37,2156,2204,all,KALIACHAK-|
Malda,2013,malda_Office_Bearer_of_ZP_PS_GP_d4c3b045.pdf,9,37,2156,2204,caste,se
Malda,2013,malda_Office_Bearer_of_ZP_PS_GP_d4c3b045.pdf,9,37,2156,2204,women,KALIACHAK-I(W)
Malda,2013,malda_Office_Bearer_of_ZP_PS_GP_d4c3b045.pdf,9,38,2204,2252,all,SILAMPUR-|
Malda,2013,malda_Office_Bearer_of_ZP_PS_GP_d4c3b045.pdf,9,38,2204,2252,caste,SILAMPUR-I(SC)
Malda,2013,malda_Office_Bearer_of_ZP_PS_GP_d4c3b045.pdf,9,38,2204,2252,women,wom
Malda,2013,malda_Office_Bearer_of_ZP_PS_GP_d4c3b045.pdf,9,39,2252,2300,all,SILAMPUR-II
Malda,2013,malda_Office_Bearer_of_ZP_PS_GP_d4c3b045.pdf,9,39,2252,2300,caste,
Malda,2013,malda_Office_Bearer_of_ZP_PS_GP_d4c3b045.pdf,9,39,2252,2300,women,ores
Malda,2013,malda_Office_Bearer_of_ZP_PS_GP_d4c3b045.pdf,9,40,2300,2349,all,NAWADA JADUPUR
Malda,2013,malda_Office_Bearer_of_ZP_PS_GP_d4c3b045.pdf,9,40,2300,2349,caste,ace
Malda,2013,malda_Office_Bearer_of_ZP_PS_GP_d4c3b045.pdf,9,40,2300,2349,women,NAWADA JADUPUR(W)
Malda,2013,malda_Office_Bearer_of_ZP_PS_GP_d4c3b045.pdf,9,41,2349,2397,all,JALALPUR (Kek-l)
Malda,2013,malda_Office_Bearer_of_ZP_PS_GP_d4c3b045.pdf,9,41,2349,2397,caste,
Malda,2013,malda_Office_Bearer_of_ZP_PS_GP_d4c3b045.pdf,9,41,2349,2397,women,weer
Malda,2013,malda_Office_Bearer_of_ZP_PS_GP_d4c3b045.pdf,9,42,2397,2446,all,GAYESHBAR!I
Malda,2013,malda_Office_Bearer_of_ZP_PS_GP_d4c3b045.pdf,9,42,2397,2446,caste,GAYESHBARI(BC)
Malda,2013,malda_Office_Bearer_of_ZP_PS_GP_d4c3b045.pdf,9,42,2397,2446,women,GAYESHBARI(BCW)
Malda,2013,malda_Office_Bearer_of_ZP_PS_GP_d4c3b045.pdf,9,43,2446,2494,all,SUJAPUR
Malda,2013,malda_Office_Bearer_of_ZP_PS_GP_d4c3b045.pdf,9,43,2446,2494,caste,acce
Malda,2013,malda_Office_Bearer_of_ZP_PS_GP_d4c3b045.pdf,9,43,2446,2494,women,SUJAPUR(W)
Malda,2013,malda_Office_Bearer_of_ZP_PS_GP_d4c3b045.pdf,9,44,2494,2542,all,BAMONGRAM MOSIMPUR
Malda,2013,malda_Office_Bearer_of_ZP_PS_GP_d4c3b045.pdf,9,44,2494,2542,caste,-“we=
Malda,2013,malda_Office_Bearer_of_ZP_PS_GP_d4c3b045.pdf,9,44,2494,2542,women,ome
Malda,2013,malda_Office_Bearer_of_ZP_PS_GP_d4c3b045.pdf,9,45,2542,2591,all,KALIACHAK-I|
Malda,2013,malda_Office_Bearer_of_ZP_PS_GP_d4c3b045.pdf,9,45,2542,2591,caste,-see
Malda,2013,malda_Office_Bearer_of_ZP_PS_GP_d4c3b045.pdf,9,45,2542,2591,women,KALIACHAK-1I(W)
Malda,2013,malda_Office_Bearer_of_ZP_PS_GP_d4c3b045.pdf,9,46,2591,2639,all,JALUABADHAL
Malda,2013,malda_Office_Bearer_of_ZP_PS_GP_d4c3b045.pdf,9,46,2591,2639,caste,wee
Malda,2013,malda_Office_Bearer_of_ZP_PS_GP_d4c3b045.pdf,9,46,2591,2639,women,acon
Malda,2013,malda_Office_Bearer_of_ZP_PS_GP_d4c3b045.pdf,9,47,2639,2688,all,MOZAMPUR
Malda,2013,malda_Office_Bearer_of_ZP_PS_GP_d4c3b045.pdf,9,47,2639,2688,caste,wae
Malda,2013,malda_Office_Bearer_of_ZP_PS_GP_d4c3b045.pdf,9,47,2639,2688,women,MOZAMPUR(W)
Malda,2013,malda_Office_Bearer_of_ZP_PS_GP_d4c3b045.pdf,9,48,2688,2737,all,ALIPUR-II
Malda,2013,malda_Office_Bearer_of_ZP_PS_GP_d4c3b045.pdf,9,48,2688,2737,caste,ALIPUR-1I(BC)
Malda,2013,malda_Office_Bearer_of_ZP_PS_GP_d4c3b045.pdf,9,48,2688,2737,women,woos
Malda,2013,malda_Office_Bearer_of_ZP_PS_GP_d4c3b045.pdf,9,49,2737,2786,all,ALIPUR-I
Malda,2013,malda_Office_Bearer_of_ZP_PS_GP_d4c3b045.pdf,9,49,2737,2786,caste,“<==
Malda,2013,malda_Office_Bearer_of_ZP_PS_GP_d4c3b045.pdf,9,49,2737,2786,women,weoe
Malda,2013,malda_Office_Bearer_of_ZP_PS_GP_d4c3b045.pdf,9,50,2786,2834,all,BIRNAGAR-|
Malda,2013,malda_Office_Bearer_of_ZP_PS_GP_d4c3b045.pdf,9,50,2786,2834,caste,BIRNAGAR-I(SC)
Malda,2013,malda_Office_Bearer_of_ZP_PS_GP_d4c3b045.pdf,9,50,2786,2834,women,BIRNAGAR-I(SCW)
Malda,2013,malda_Office_Bearer_of_ZP_PS_GP_d4c3b045.pdf,9,51,2834,2881,all,BIRNAGAR-I|
Malda,2013,malda_Office_Bearer_of_ZP_PS_GP_d4c3b045.pdf,9,51,2834,2881,caste,
Malda,2013,malda_Office_Bearer_of_ZP_PS_GP_d4c3b045.pdf,9,51,2834,2881,women,BIRNAGAR-II(W)
Malda,2013,malda_Office_Bearer_of_ZP_PS_GP_d4c3b045.pdf,9,52,2881,2929,all,SAHABAJPUR
Malda,2013,malda_Office_Bearer_of_ZP_PS_GP_d4c3b045.pdf,9,52,2881,2929,caste,SAHABAJPUR(SC)
Malda,2013,malda_Office_Bearer_of_ZP_PS_GP_d4c3b045.pdf,9,52,2881,2929,women,ry
Malda,2013,malda_Office_Bearer_of_ZP_PS_GP_d4c3b045.pdf,9,53,2929,2976,all,AKANDABARIA
Malda,2013,malda_Office_Bearer_of_ZP_PS_GP_d4c3b045.pdf,9,53,2929,2976,caste,oore
Malda,2013,malda_Office_Bearer_of_ZP_PS_GP_d4c3b045.pdf,9,53,2929,2976,women,——an
Malda,2013,malda_Office_Bearer_of_ZP_PS_GP_d4c3b045.pdf,10,1,1,456,all,panchayat
Malda,2013,malda_Office_Bearer_of_ZP_PS_GP_d4c3b045.pdf,10,1,1,456,caste,
Malda,2013,malda_Office_Bearer_of_ZP_PS_GP_d4c3b045.pdf,10,1,1,456,women,
Malda,2013,malda_Office_Bearer_of_ZP_PS_GP_d4c3b045.pdf,10,2,456,508,all,(i)
Malda,2013,malda_Office_Bearer_of_ZP_PS_GP_d4c3b045.pdf,10,2,456,508,caste,(4)
Malda,2013,malda_Office_Bearer_of_ZP_PS_GP_d4c3b045.pdf,10,2,456,508,women,(5)
Malda,2013,malda_Office_Bearer_of_ZP_PS_GP_d4c3b045.pdf,10,3,508,556,all,GOLAPGANJ
Malda,2013,malda_Office_Bearer_of_ZP_PS_GP_d4c3b045.pdf,10,3,508,556,caste,GOLAPGANJ(BC)
Malda,2013,malda_Office_Bearer_of_ZP_PS_GP_d4c3b045.pdf,10,3,508,556,women,GOLAPGANJ(BCW)
Malda,2013,malda_Office_Bearer_of_ZP_PS_GP_d4c3b045.pdf,10,4,556,604,all,SAHABANCHAK
Malda,2013,malda_Office_Bearer_of_ZP_PS_GP_d4c3b045.pdf,10,4,556,604,caste,were
Malda,2013,malda_Office_Bearer_of_ZP_PS_GP_d4c3b045.pdf,10,4,556,604,women,SAHABANCHAK (VW)
Malda,2013,malda_Office_Bearer_of_ZP_PS_GP_d4c3b045.pdf,10,5,604,652,all,BEDRABAD
Malda,2013,malda_Office_Bearer_of_ZP_PS_GP_d4c3b045.pdf,10,5,604,652,caste,ween
Malda,2013,malda_Office_Bearer_of_ZP_PS_GP_d4c3b045.pdf,10,5,604,652,women,-~--
Malda,2013,malda_Office_Bearer_of_ZP_PS_GP_d4c3b045.pdf,10,6,652,701,all,LAXMIPUR
Malda,2013,malda_Office_Bearer_of_ZP_PS_GP_d4c3b045.pdf,10,6,652,701,caste,-——e
Malda,2013,malda_Office_Bearer_of_ZP_PS_GP_d4c3b045.pdf,10,6,652,701,women,LAXMIPUR(W)
Malda,2013,malda_Office_Bearer_of_ZP_PS_GP_d4c3b045.pdf,10,7,701,749,all,KRISHNAPUR
Malda,2013,malda_Office_Bearer_of_ZP_PS_GP_d4c3b045.pdf,10,7,701,749,caste,KRISHNAPUR(SC)
Malda,2013,malda_Office_Bearer_of_ZP_PS_GP_d4c3b045.pdf,10,7,701,749,women,aene
Malda,2013,malda_Office_Bearer_of_ZP_PS_GP_d4c3b045.pdf,10,8,749,798,all,BHAGABANPUR(Kck-III)
Malda,2013,malda_Office_Bearer_of_ZP_PS_GP_d4c3b045.pdf,10,8,749,798,caste,ace
Malda,2013,malda_Office_Bearer_of_ZP_PS_GP_d4c3b045.pdf,10,8,749,798,women,mone
Malda,2013,malda_Office_Bearer_of_ZP_PS_GP_d4c3b045.pdf,10,9,798,846,all,CHARIANANTAPUR
Malda,2013,malda_Office_Bearer_of_ZP_PS_GP_d4c3b045.pdf,10,9,798,846,caste,CHARIANANTAPUR(BC)
Malda,2013,malda_Office_Bearer_of_ZP_PS_GP_d4c3b045.pdf,10,9,798,846,women,=——ee
Malda,2013,malda_Office_Bearer_of_ZP_PS_GP_d4c3b045.pdf,10,10,846,894,all,KUMBHIRA
Malda,2013,malda_Office_Bearer_of_ZP_PS_GP_d4c3b045.pdf,10,10,846,894,caste,-—=-
Malda,2013,malda_Office_Bearer_of_ZP_PS_GP_d4c3b045.pdf,10,10,846,894,women,KUMBHIRA(W)
Malda,2013,malda_Office_Bearer_of_ZP_PS_GP_d4c3b045.pdf,10,11,894,943,all,BAKHRABAD
Malda,2013,malda_Office_Bearer_of_ZP_PS_GP_d4c3b045.pdf,10,11,894,943,caste,=<o=
Malda,2013,malda_Office_Bearer_of_ZP_PS_GP_d4c3b045.pdf,10,11,894,943,women,ven
Malda,2013,malda_Office_Bearer_of_ZP_PS_GP_d4c3b045.pdf,10,12,943,991,all,PARDEONAPUR SOVAPUR
Malda,2013,malda_Office_Bearer_of_ZP_PS_GP_d4c3b045.pdf,10,12,943,991,caste,—see
Malda,2013,malda_Office_Bearer_of_ZP_PS_GP_d4c3b045.pdf,10,12,943,991,women,PARDEONAPUR SOVAPUR(VY)
