file,url,landing_url,district,election_year,stage,tier,title,retrieved_at,sha256,bytes,status,pages,text_bytes
jalpaiguri_form_a_all_gp_rajganj_3_mb.pdf,https://cdn.s3waas.gov.in/s3fccb60fb512d13df5083790d64c4d5dd/uploads/2022/10/2022102078.pdf,https://jalpaiguri.gov.in/past-notices/announcements/page/11/,Jalpaiguri,2023,draft,gp_ward,FORM-A ALL GP_RAJGANJ (3 MB),2026-09-06,6ac8dcf8fc896e18c6dbda1f9312a1c5db9438334d5803bff123c549b999e9fb,2953485,downloaded,22,0
jalpaiguri_form_a_all_gp_banarhat_2_mb.pdf,https://cdn.s3waas.gov.in/s3fccb60fb512d13df5083790d64c4d5dd/uploads/2022/10/2022102048.pdf,https://jalpaiguri.gov.in/past-notices/announcements/page/11/,Jalpaiguri,2023,draft,gp_ward,FORM-A ALL GP_BANARHAT (2 MB),2026-09-06,6cb6adc734efd26995a47b9c470b69b27b71ee2b4c7f587d0f8480d81b28695d,1652706,downloaded,15,0
jalpaiguri_form_a_all_gp_mal_2_mb.pdf,https://cdn.s3waas.gov.in/s3fccb60fb512d13df5083790d64c4d5dd/uploads/2022/10/2022102070.pdf,https://jalpaiguri.gov.in/past-notices/announcements/page/11/,Jalpaiguri,2023,draft,gp_ward,FORM-A ALL GP_MAL (2 MB),2026-09-06,e5af6a062a44cb9abbbc7156e536d8e61a3bbc4dc1505d3c40b5df478cd2f3e8,2009469,downloaded,19,0
jalpaiguri_form_a_all_gp_dhupguri_2_mb.pdf,https://cdn.s3waas.gov.in/s3fccb60fb512d13df5083790d64c4d5dd/uploads/2022/10/2022102080.pdf,https://jalpaiguri.gov.in/past-notices/announcements/page/11/,Jalpaiguri,2023,draft,gp_ward,FORM-A ALL GP_DHUPGURI (2 MB),2026-09-06,5292ed724a4b15b4ef6fa6c782290d3dffd7dc2aa920c6c97f42b8585490bcac,2365128,downloaded,18,0
jalpaiguri_form_a_all_gp_sadar_3_mb.pdf,https://cdn.s3waas.gov.in/s3fccb60fb512d13df5083790d64c4d5dd/uploads/2022/10/2022102096.pdf,https://jalpaiguri.gov.in/past-notices/announcements/page/11/,Jalpaiguri,2023,draft,gp_ward,FORM-A ALL GP_SADAR (3 MB),2026-09-06,0b039d54d8a3362929e240e17d370fc1e585c5958426cae95a69da5881639b54,3003208,downloaded,28,0
jalpaiguri_form_a_all_gp_nagrakata_2_mb.pdf,https://cdn.s3waas.gov.in/s3fccb60fb512d13df5083790d64c4d5dd/uploads/2022/10/2022102014.pdf,https://jalpaiguri.gov.in/past-notices/announcements/page/11/,Jalpaiguri,2023,draft,gp_ward,FORM-A ALL GP_NAGRAKATA (2 MB),2026-09-06,5abe46f24a9f0f87931764bad967d04412698675a96bdec08d41e17e376c0cd6,1750465,downloaded,23,0
jalpaiguri_form_a_all_gp_matiali_2_mb.pdf,https://cdn.s3waas.gov.in/s3fccb60fb512d13df5083790d64c4d5dd/uploads/2022/10/2022102094.pdf,https://jalpaiguri.gov.in/past-notices/announcements/page/11/,Jalpaiguri,2023,draft,gp_ward,FORM-A ALL GP_MATIALI (2 MB),2026-09-06,b5cbc1d3becf5eb1dcd714b1e5354d7290ceb6977dfefa1a666dbfe19c3c7a13,2055978,downloaded,31,0
jalpaiguri_form_a_all_gp_maynaguri_3_mb.pdf,https://cdn.s3waas.gov.in/s3fccb60fb512d13df5083790d64c4d5dd/uploads/2022/10/2022102063.pdf,https://jalpaiguri.gov.in/past-notices/announcements/page/11/,Jalpaiguri,2023,draft,gp_ward,FORM-A ALL GP_MAYNAGURI (3 MB),2026-09-06,78f5e97a7f1f3aeaff376cd994c3c6ccd200249594bc580e7cd692562ad24768,3180780,downloaded,32,0
jalpaiguri_final_office_reservations.pdf,https://cdn.s3waas.gov.in/s3fccb60fb512d13df5083790d64c4d5dd/uploads/2022/12/2022123049.pdf,https://jalpaiguri.gov.in/past-notices/announcements/page/11/,Jalpaiguri,2023,final,gp_head;gp_deputy;block_head;block_deputy,View (4 MB),2026-09-06,9e759adbc650c67a542622d15113f4a9c55b8296a31e6714b019d6a6aa719d1e,3769102,downloaded,5,11543
birbhum_bolpur_sriniketan_form_a1_5_mb.pdf,https://cdn.s3waas.gov.in/s3fc3cf452d3da8402bebb765225ce8c0e/uploads/2022/11/2022112643.pdf,https://birbhum.gov.in/notice/district-magistrate-district-panchayat-election-officer-birbhum-2/,Birbhum,2023,final,gp_ward,Bolpur Sriniketan Form A1 (5 MB),2026-09-06,b02635e0f17d89ee7ab7fb54a295c6d1747a788d6a22a5b909dd295208c7aaaa,5564943,downloaded,15,0
birbhum_dubrajpur_form_a1_4_mb.pdf,https://cdn.s3waas.gov.in/s3fc3cf452d3da8402bebb765225ce8c0e/uploads/2022/11/2022112683.pdf,https://birbhum.gov.in/notice/district-magistrate-district-panchayat-election-officer-birbhum-2/,Birbhum,2023,final,gp_ward,Dubrajpur Form A1 (4 MB),2026-09-06,f548e9f2496967e40984522811e56c991aeebd11d52c62359c63cdbf2751b109,4568953,downloaded,10,0
birbhum_illambazar_form_a1_4_mb.pdf,https://cdn.s3waas.gov.in/s3fc3cf452d3da8402bebb765225ce8c0e/uploads/2022/11/2022112658.pdf,https://birbhum.gov.in/notice/district-magistrate-district-panchayat-election-officer-birbhum-2/,Birbhum,2023,final,gp_ward,Illambazar Form A1 (4 MB),2026-09-06,cb738c343fdccb5bc3241324e7ccf659d6efb053d2769476843eb9534c922938,4674153,downloaded,10,0
birbhum_khoyrasole_form_a1_5_mb.pdf,https://cdn.s3waas.gov.in/s3fc3cf452d3da8402bebb765225ce8c0e/uploads/2022/11/2022112664.pdf,https://birbhum.gov.in/notice/district-magistrate-district-panchayat-election-officer-birbhum-2/,Birbhum,2023,final,gp_ward,Khoyrasole Form A1 (5 MB),2026-09-06,0cc387ba3020f2a017335a1b29fa0614be4fcd1d42010f845b8c6983cc6e5edc,5003042,downloaded,11,0
birbhum_labpur_form_a1_5_mb.pdf,https://cdn.s3waas.gov.in/s3fc3cf452d3da8402bebb765225ce8c0e/uploads/2022/11/2022112680.pdf,https://birbhum.gov.in/notice/district-magistrate-district-panchayat-election-officer-birbhum-2/,Birbhum,2023,final,gp_ward,Labpur Form A1 (5 MB),2026-09-06,06e6de0bdb1c09e3230ac1c0c85236da78de6555027b49729eb1715a3ee61d78,5492690,downloaded,12,0
birbhum_mayuresawar_i_form_a1_5_mb.pdf,https://cdn.s3waas.gov.in/s3fc3cf452d3da8402bebb765225ce8c0e/uploads/2022/11/2022112612.pdf,https://birbhum.gov.in/notice/district-magistrate-district-panchayat-election-officer-birbhum-2/,Birbhum,2023,final,gp_ward,Mayuresawar-I Form A1 (5 MB),2026-09-06,15070a7eeaf012f35855a87d06b679aafda9afd773a8caa82031bdca687eb9e3,5686964,downloaded,16,0
birbhum_mayureswar_ii_form_a1_4_mb.pdf,https://cdn.s3waas.gov.in/s3fc3cf452d3da8402bebb765225ce8c0e/uploads/2022/11/2022112682.pdf,https://birbhum.gov.in/notice/district-magistrate-district-panchayat-election-officer-birbhum-2/,Birbhum,2023,final,gp_ward,Mayureswar-II Form A1 (4 MB),2026-09-06,b0077327cb698fba4e7f0d8ba70003bd31194749b149061c762acdaec51ed192,4367957,downloaded,12,0
birbhum_md_bazar_form_a1_5_mb.pdf,https://cdn.s3waas.gov.in/s3fc3cf452d3da8402bebb765225ce8c0e/uploads/2022/11/2022112698.pdf,https://birbhum.gov.in/notice/district-magistrate-district-panchayat-election-officer-birbhum-2/,Birbhum,2023,final,gp_ward,Md Bazar Form A1 (5 MB),2026-09-06,5fa1fdfcf73dedbfc5a6c621ef9f9c86fe33a0000975811b98402666c83d6245,5269195,downloaded,13,0
birbhum_murarai_i_form_a1_5_mb.pdf,https://cdn.s3waas.gov.in/s3fc3cf452d3da8402bebb765225ce8c0e/uploads/2022/11/2022112681.pdf,https://birbhum.gov.in/notice/district-magistrate-district-panchayat-election-officer-birbhum-2/,Birbhum,2023,final,gp_ward,Murarai-I Form A1 (5 MB),2026-09-06,9b197d0d8a901d7e97d13371857b4202a9e17f2ba9159db10a748dfcac5d0f27,5328571,downloaded,14,0
birbhum_murarai_ii_form_a1_6_mb.pdf,https://cdn.s3waas.gov.in/s3fc3cf452d3da8402bebb765225ce8c0e/uploads/2022/11/2022112697.pdf,https://birbhum.gov.in/notice/district-magistrate-district-panchayat-election-officer-birbhum-2/,Birbhum,2023,final,gp_ward,Murarai-II Form A1 (6 MB),2026-09-06,4440b007a39f5177529cca52afbbd43695651ed5a00b98e77b7154ec9c39a9da,6365471,downloaded,17,0
birbhum_nalhati_i_form_a1_6_mb.pdf,https://cdn.s3waas.gov.in/s3fc3cf452d3da8402bebb765225ce8c0e/uploads/2022/11/2022112670.pdf,https://birbhum.gov.in/notice/district-magistrate-district-panchayat-election-officer-birbhum-2/,Birbhum,2023,final,gp_ward,Nalhati-I Form A1 (6 MB),2026-09-06,fd1ebf4c6c4aae09268c4c00140626ec7d4d778610511dfcee504b4db34e95ac,6107339,downloaded,17,0
birbhum_nalhati_ii_form_a1_4_mb.pdf,https://cdn.s3waas.gov.in/s3fc3cf452d3da8402bebb765225ce8c0e/uploads/2022/11/2022112640.pdf,https://birbhum.gov.in/notice/district-magistrate-district-panchayat-election-officer-birbhum-2/,Birbhum,2023,final,gp_ward,Nalhati-II Form A1 (4 MB),2026-09-06,f7e2537927d0ee5eb78c9175ca45940270a993d92f03128afc8771d4d2907ad2,3913129,downloaded,11,0
birbhum_nanoor_form_a1_7_mb.pdf,https://cdn.s3waas.gov.in/s3fc3cf452d3da8402bebb765225ce8c0e/uploads/2022/11/2022112616-2.pdf,https://birbhum.gov.in/notice/district-magistrate-district-panchayat-election-officer-birbhum-2/,Birbhum,2023,final,gp_ward,Nanoor Form A1 (7 MB),2026-09-06,4a0e05e97bbc83f8741c554ec002ff3647c1e7deebb8ad91b8f62cc155e9201b,6971053,downloaded,19,0
birbhum_rajnagar_form_a1_2_mb.pdf,https://cdn.s3waas.gov.in/s3fc3cf452d3da8402bebb765225ce8c0e/uploads/2022/11/2022112616-3.pdf,https://birbhum.gov.in/notice/district-magistrate-district-panchayat-election-officer-birbhum-2/,Birbhum,2023,final,gp_ward,Rajnagar Form A1 (2 MB),2026-09-06,eb1a401dbf09128747eb0f70037f6d48e68e627fbe3705a05e70b4819da61689,2439759,downloaded,5,0
birbhum_rampurhat_i_form_a1_5_mb.pdf,https://cdn.s3waas.gov.in/s3fc3cf452d3da8402bebb765225ce8c0e/uploads/2022/11/2022112660.pdf,https://birbhum.gov.in/notice/district-magistrate-district-panchayat-election-officer-birbhum-2/,Birbhum,2023,final,gp_ward,Rampurhat-I Form-A1 (5 MB),2026-09-06,36d357d51cf4da042c08f4deaaf3c6fae9643c0a00c79fb4a0abe34ee483428e,5625554,downloaded,15,0
birbhum_rampurhat_ii_form_a1_5_mb.pdf,https://cdn.s3waas.gov.in/s3fc3cf452d3da8402bebb765225ce8c0e/uploads/2022/11/2022112654.pdf,https://birbhum.gov.in/notice/district-magistrate-district-panchayat-election-officer-birbhum-2/,Birbhum,2023,final,gp_ward,Rampurhat-II Form A1 (5 MB),2026-09-06,603f90abc87da9ce70a64cbac30a66549e67e63b865d081916a27f939d775b21,5410160,downloaded,14,0
birbhum_sainthia_form_a1_6_mb.pdf,https://cdn.s3waas.gov.in/s3fc3cf452d3da8402bebb765225ce8c0e/uploads/2022/11/2022112675.pdf,https://birbhum.gov.in/notice/district-magistrate-district-panchayat-election-officer-birbhum-2/,Birbhum,2023,final,gp_ward,Sainthia Form A1 (6 MB),2026-09-06,faf7b83821354847502782c6ea4306035effdc33e077928f2934b05d6bd42595,6647652,downloaded,16,0
birbhum_suri_1_form_a1_3_mb.pdf,https://cdn.s3waas.gov.in/s3fc3cf452d3da8402bebb765225ce8c0e/uploads/2022/11/2022112681-1.pdf,https://birbhum.gov.in/notice/district-magistrate-district-panchayat-election-officer-birbhum-2/,Birbhum,2023,final,gp_ward,Suri 1 Form A1 (3 MB),2026-09-06,5190ec489da53c0ec755491b5e1d63028e3289ab4ef1cb46df1b708cbc76bf9b,3071064,downloaded,7,0
birbhum_suri_ii_form_a1_3_mb.pdf,https://cdn.s3waas.gov.in/s3fc3cf452d3da8402bebb765225ce8c0e/uploads/2022/11/2022112696-1.pdf,https://birbhum.gov.in/notice/district-magistrate-district-panchayat-election-officer-birbhum-2/,Birbhum,2023,final,gp_ward,Suri-II Form A1 (3 MB),2026-09-06,b81b2a0ddffec8869f7f5a7b1e5e0817a7683b3cd0e2276d7d3638d4afa3c8e7,2627178,downloaded,6,0
birbhum_form_1b_prodhan_2_mb.pdf,https://cdn.s3waas.gov.in/s3fc3cf452d3da8402bebb765225ce8c0e/uploads/2022/12/2022123081.pdf,https://birbhum.gov.in/notice/district-magistrate-district-panchayat-election-officer-birbhum-3/,Birbhum,2023,final,gp_head,Form-1B Prodhan (2 MB),2026-09-06,3d2bcfd846d98b2e0b02fa2d644686bcecbe023e9014577d3349a9c877497250,1851805,downloaded,6,0
birbhum_form_1b_upa_pradhan_723_kb.pdf,https://cdn.s3waas.gov.in/s3fc3cf452d3da8402bebb765225ce8c0e/uploads/2022/12/2022123021.pdf,https://birbhum.gov.in/notice/district-magistrate-district-panchayat-election-officer-birbhum-3/,Birbhum,2023,final,gp_deputy,Form-1B Upa-Pradhan (723 KB),2026-09-06,1c238d8a73dbbc4083f4bcea8dbc3ccca1e4ded7100f7e9d88cbaf0d5eee8fef,739961,downloaded,2,0
cooch_behar_final_office_reservations.pdf,https://cdn.s3waas.gov.in/s3fbd7939d674997cdb4692d34de8633c4/uploads/2023/01/2023010217.pdf,https://coochbehar.gov.in/past-notices/announcements/page/11/,Cooch Behar,2023,final,gp_head;gp_deputy;block_head;block_deputy,Form 1B (Final) (3 MB),2026-09-06,322ba5a0cfee1abe610e3d00a16966e20ae1b72e6b113746705c81d34a2baea1,3525755,downloaded,9,0
jalpaiguri_form_a_all_gp_kranti.pdf,https://cdn.s3waas.gov.in/s3fccb60fb512d13df5083790d64c4d5dd/uploads/2022/10/2022102089.pdf,https://jalpaiguri.gov.in/notice/notice-from-office-of-the-district-magistrate-district-panchayat-election-officer-for-delimitation-of-constituencies-and-reservation-of-seats-of-kranti/,Jalpaiguri,2023,draft,gp_ward,FORM-A ALL GP_KRANTI (1 MB),2026-09-06,12ed42cbd44e08c3df61ebd2c2b9ffefa75a506a05e92c8314a8a9c5bef9ec95,1308443,downloaded,16,0
