file,url,archive_url,capture,retrieved_at,district_domain,status,bytes,sha256
nadia_Panchayat_20General_20Election_20-_20final_20book_election_202013__cf50563e.pdf,http://nadia.nic.in/Election/Panchayat%20General%20Election%20-%20final%20book(election%202013).pdf,https://web.archive.org/web/20140703205812id_/http://nadia.nic.in/Election/Panchayat%20General%20Election%20-%20final%20book(election%202013).pdf,20140703205812,2026-09-06,nadia.nic.in,downloaded,10067095,238810badd4a39a733192c9c269ae3cea0171701253e159de32ae912c1211c43
nadia_Pradhan_20_20Upa-Pradhan_025b28f9.pdf,http://nadia.nic.in/Election/Pradhan%20&%20Upa-Pradhan.pdf,https://web.archive.org/web/20140703221117id_/http://nadia.nic.in/Election/Pradhan%20&%20Upa-Pradhan.pdf,20140703221117,2026-09-06,nadia.nic.in,downloaded,3806260,79149d93b415487624be4a476a3d59c1877b9db25f6c60243caf9583bffb5339
nadia_Chanduria-I_6c2262a2.pdf,http://nadia.nic.in/PanchayatElection08/Delimitation/Chakdaha/Chanduria-I.pdf,http://web.archive.org/web/20090410075027id_/http://nadia.nic.in/PanchayatElection08/Delimitation/Chakdaha/Chanduria-I.pdf,20090410075027,2026-09-07,nadia.nic.in,downloaded,41178,0fbaa23f7a456cc3bcf3f008e94523007a718c81fb4d2116d8aa6f6fb9902ec3
nadia_Chanduria-II_61a7353a.pdf,http://nadia.nic.in/PanchayatElection08/Delimitation/Chakdaha/Chanduria-II.pdf,http://web.archive.org/web/20090410073550id_/http://nadia.nic.in/PanchayatElection08/Delimitation/Chakdaha/Chanduria-II.pdf,20090410073550,2026-09-07,nadia.nic.in,downloaded,37732,6e995525d640d1e97ca96b417f1d6c895c1b42fca753b8a98ff042276afdd851
nadia_Dewli_273789c8.pdf,http://nadia.nic.in/PanchayatElection08/Delimitation/Chakdaha/Dewli.pdf,http://web.archive.org/web/20090410072118id_/http://nadia.nic.in/PanchayatElection08/Delimitation/Chakdaha/Dewli.pdf,20090410072118,2026-09-07,nadia.nic.in,downloaded,40561,22b2bb47d74728b9eee949c8471b5bf2be6e9b65e1b458606945111e587e9ac5
nadia_Dubra_32235c0c.pdf,http://nadia.nic.in/PanchayatElection08/Delimitation/Chakdaha/Dubra.pdf,http://web.archive.org/web/20090410074102id_/http://nadia.nic.in/PanchayatElection08/Delimitation/Chakdaha/Dubra.pdf,20090410074102,2026-09-07,nadia.nic.in,downloaded,41591,637ddc11aacc65695a08b2b0e7ca10a17e6a8f0995ab4d022a9d6211e3aea8c5
nadia_Ghetugachi_1418c9e2.pdf,http://nadia.nic.in/PanchayatElection08/Delimitation/Chakdaha/Ghetugachi.pdf,http://web.archive.org/web/20090410074456id_/http://nadia.nic.in/PanchayatElection08/Delimitation/Chakdaha/Ghetugachi.pdf,20090410074456,2026-09-07,nadia.nic.in,downloaded,41863,2708c44c3e04cd6d9efa03c89c3a5e488a693ff934813967d794dd89979221c3
nadia_Hingnara_f740e87d.pdf,http://nadia.nic.in/PanchayatElection08/Delimitation/Chakdaha/Hingnara.pdf,http://web.archive.org/web/20090410074817id_/http://nadia.nic.in/PanchayatElection08/Delimitation/Chakdaha/Hingnara.pdf,20090410074817,2026-09-07,nadia.nic.in,downloaded,40979,a7f5f574319afd2ecee51408dd9e37c053bcda937f72c6b3059122a9e8f540bd
nadia_Kanchrapara_ab361d0d.pdf,http://nadia.nic.in/PanchayatElection08/Delimitation/Chakdaha/Kanchrapara.pdf,http://web.archive.org/web/20090410074031id_/http://nadia.nic.in/PanchayatElection08/Delimitation/Chakdaha/Kanchrapara.pdf,20090410074031,2026-09-07,nadia.nic.in,downloaded,41084,9ce1eb1406132084f2c4d9ddf827b1918a1c4d8bece5816bcccd0a86d8177bef
nadia_Madanpur-I_aaeda938.pdf,http://nadia.nic.in/PanchayatElection08/Delimitation/Chakdaha/Madanpur-I.pdf,http://web.archive.org/web/20090410073934id_/http://nadia.nic.in/PanchayatElection08/Delimitation/Chakdaha/Madanpur-I.pdf,20090410073934,2026-09-07,nadia.nic.in,downloaded,41223,d09edd9c0b18a50a691abbbb5861aa15854029983181f907425dd4602ea80bf2
nadia_Madanpur-II_724c533d.pdf,http://nadia.nic.in/PanchayatElection08/Delimitation/Chakdaha/Madanpur-II.pdf,http://web.archive.org/web/20090410073126id_/http://nadia.nic.in/PanchayatElection08/Delimitation/Chakdaha/Madanpur-II.pdf,20090410073126,2026-09-07,nadia.nic.in,downloaded,40623,60f6bc4b015f72b20d0ce767e41369bea54315271b8ea23b988023549a1444a3
nadia_ORDER-_20A1_d59db5cc.pdf,http://nadia.nic.in/PanchayatElection08/Delimitation/Chakdaha/ORDER-%20A1.pdf,http://web.archive.org/web/20090410073259id_/http://nadia.nic.in/PanchayatElection08/Delimitation/Chakdaha/ORDER-%20A1.pdf,20090410073259,2026-09-07,nadia.nic.in,downloaded,46486,0999ebe057007d49b3d495441cb408525e08efcd1f5101364d4df4184df14e3c
nadia_ORDER-_20B1_6ffab169.pdf,http://nadia.nic.in/PanchayatElection08/Delimitation/Chakdaha/ORDER-%20B1.pdf,http://web.archive.org/web/20090410073713id_/http://nadia.nic.in/PanchayatElection08/Delimitation/Chakdaha/ORDER-%20B1.pdf,20090410073713,2026-09-07,nadia.nic.in,downloaded,51562,845f879abccd540b8f0b77097b829e7613e6a6e4b7c113c4c090a99f2c90a09f
nadia_Rautari_845ce850.pdf,http://nadia.nic.in/PanchayatElection08/Delimitation/Chakdaha/Rautari.pdf,http://web.archive.org/web/20090410072626id_/http://nadia.nic.in/PanchayatElection08/Delimitation/Chakdaha/Rautari.pdf,20090410072626,2026-09-07,nadia.nic.in,downloaded,39351,86cc57181c15d93393988c8089bd4cf026e5687321b7857391fcc3348e03ce40
nadia_Saguna_77c14419.pdf,http://nadia.nic.in/PanchayatElection08/Delimitation/Chakdaha/Saguna.pdf,https://web.archive.org/web/20090410072102id_/http://nadia.nic.in/PanchayatElection08/Delimitation/Chakdaha/Saguna.pdf,20090410072102,2026-09-07T07:32:49.977243+00:00,nadia.nic.in,downloaded,42517,dc9a5c71b7c77e7327d075f926219623babd14379a18a724a21c7c29b5be6f49
nadia_Sarati_b6f43a10.pdf,http://nadia.nic.in/PanchayatElection08/Delimitation/Chakdaha/Sarati.pdf,http://web.archive.org/web/20090410072544id_/http://nadia.nic.in/PanchayatElection08/Delimitation/Chakdaha/Sarati.pdf,20090410072544,2026-09-07,nadia.nic.in,"HTTPConnectionPool(host='web.archive.org', port=80): Max retries exceeded with url: /web/20090410072544id_/http://nadia.nic.in/PanchayatElection08/Delimitation/Chakdaha/Sarati.pdf (Caused by NewConnectionError(""HTTPConnection(host='web.archive.org', port=80): Failed to establish a new connection: [Errno 61] Connection refused""))",,
nadia_Shimurali_b64bb528.pdf,http://nadia.nic.in/PanchayatElection08/Delimitation/Chakdaha/Shimurali.pdf,http://web.archive.org/web/20090410073328id_/http://nadia.nic.in/PanchayatElection08/Delimitation/Chakdaha/Shimurali.pdf,20090410073328,2026-09-07,nadia.nic.in,"HTTPConnectionPool(host='web.archive.org', port=80): Max retries exceeded with url: /web/20090410073328id_/http://nadia.nic.in/PanchayatElection08/Delimitation/Chakdaha/Shimurali.pdf (Caused by NewConnectionError(""HTTPConnection(host='web.archive.org', port=80): Failed to establish a new connection: [Errno 61] Connection refused""))",,
nadia_Silinda-I_7d8fc466.pdf,http://nadia.nic.in/PanchayatElection08/Delimitation/Chakdaha/Silinda-I.pdf,http://web.archive.org/web/20090410074636id_/http://nadia.nic.in/PanchayatElection08/Delimitation/Chakdaha/Silinda-I.pdf,20090410074636,2026-09-07T07:33:21.844804+00:00,nadia.nic.in,downloaded,40071,8b7ab9c412f8ee47fd244bda3f72c9298c9f60b5c58a82d00443b64466e5033d
nadia_Silinda-II_4276c2b8.pdf,http://nadia.nic.in/PanchayatElection08/Delimitation/Chakdaha/Silinda-II.pdf,http://web.archive.org/web/20090410072913id_/http://nadia.nic.in/PanchayatElection08/Delimitation/Chakdaha/Silinda-II.pdf,20090410072913,2026-09-07,nadia.nic.in,"HTTPConnectionPool(host='web.archive.org', port=80): Max retries exceeded with url: /web/20090410072913id_/http://nadia.nic.in/PanchayatElection08/Delimitation/Chakdaha/Silinda-II.pdf (Caused by NewConnectionError(""HTTPConnection(host='web.archive.org', port=80): Failed to establish a new connection: [Errno 61] Connection refused""))",,
nadia_Tatla-I_702c0ed1.pdf,http://nadia.nic.in/PanchayatElection08/Delimitation/Chakdaha/Tatla-I.pdf,http://web.archive.org/web/20090410074953id_/http://nadia.nic.in/PanchayatElection08/Delimitation/Chakdaha/Tatla-I.pdf,20090410074953,2026-09-07T07:33:47.557292+00:00,nadia.nic.in,downloaded,40895,34a6a76d72f5bcbd889ad30bb194f23a5d2cf496063a3842a300721fbd348eea
nadia_Tatla-II_93e73760.pdf,http://nadia.nic.in/PanchayatElection08/Delimitation/Chakdaha/Tatla-II.pdf,http://web.archive.org/web/20090410075015id_/http://nadia.nic.in/PanchayatElection08/Delimitation/Chakdaha/Tatla-II.pdf,20090410075015,2026-09-07T07:33:59.620720+00:00,nadia.nic.in,downloaded,39894,773c5da77f461df392ed8da2a434d7ab7538fc7062ef79680414a21bfb304c79
nadia_Form-A1_bc959e7a.pdf,http://nadia.nic.in/PanchayatElection08/Delimitation/Chapra/Form-A1.pdf,http://web.archive.org/web/20090410072532id_/http://nadia.nic.in/PanchayatElection08/Delimitation/Chapra/Form-A1.pdf,20090410072532,2026-09-07T07:34:14.876042+00:00,nadia.nic.in,downloaded,243731,71169a79a0271658d7f62250b648fa96b124745f7996b3f694112c702894a5ae
nadia_FORM-B1_175ed1dc.pdf,http://nadia.nic.in/PanchayatElection08/Delimitation/Chapra/FORM-B1.pdf,https://web.archive.org/web/20090410073114id_/http://nadia.nic.in/PanchayatElection08/Delimitation/Chapra/FORM-B1.pdf,20090410073114,2026-09-07T07:34:20.606684+00:00,nadia.nic.in,downloaded,95801,623124a3ce5a7c636c6edfbe7d1320bc09c0c2cf37d4ad3170948f13fc7adcf9
nadia_Badkulla-I_75f86c99.pdf,http://nadia.nic.in/PanchayatElection08/Delimitation/Hanskhali/Badkulla-I.pdf,https://web.archive.org/web/20090410072901id_/http://nadia.nic.in/PanchayatElection08/Delimitation/Hanskhali/Badkulla-I.pdf,20090410072901,2026-09-07T07:34:30.959969+00:00,nadia.nic.in,downloaded,42297,794536ec88fb9b84c9bb749e316a1df3ad78596ecae031028e76a5b24b79843d
nadia_Badkulla-II_70f5688a.pdf,http://nadia.nic.in/PanchayatElection08/Delimitation/Hanskhali/Badkulla-II.pdf,https://web.archive.org/web/20090410074013id_/http://nadia.nic.in/PanchayatElection08/Delimitation/Hanskhali/Badkulla-II.pdf,20090410074013,2026-09-06,nadia.nic.in,downloaded,41567,6f8772297be42efab47975930c49981d2d78c6f2ceff63454f083fd50397c555
nadia_Bagula-I_7133108e.pdf,http://nadia.nic.in/PanchayatElection08/Delimitation/Hanskhali/Bagula-I.pdf,https://web.archive.org/web/20090410074652id_/http://nadia.nic.in/PanchayatElection08/Delimitation/Hanskhali/Bagula-I.pdf,20090410074652,2026-09-07T07:34:36.594384+00:00,nadia.nic.in,downloaded,43445,1809fae5f2d6a7fe0b751d974ca23388147b970c4d8b2bc92add94044df1480d
nadia_Bagula-II_44d04588.pdf,http://nadia.nic.in/PanchayatElection08/Delimitation/Hanskhali/Bagula-II.pdf,https://web.archive.org/web/20090410072350id_/http://nadia.nic.in/PanchayatElection08/Delimitation/Hanskhali/Bagula-II.pdf,20090410072350,2026-09-07T07:34:42.266845+00:00,nadia.nic.in,downloaded,44335,428daf18e3d613a594b87ada5aab0f3c73d41e32c065552f84225fcf9e0e7de8
nadia_BetnaGobindapur_428786c3.pdf,http://nadia.nic.in/PanchayatElection08/Delimitation/Hanskhali/BetnaGobindapur.pdf,https://web.archive.org/web/20090410073247id_/http://nadia.nic.in/PanchayatElection08/Delimitation/Hanskhali/BetnaGobindapur.pdf,20090410073247,2026-09-07T07:34:47.819238+00:00,nadia.nic.in,downloaded,47578,49449f1517f69615b15d3da5b5c88e271995a84a1c1baf80e4a7272acd678490
nadia_Dakshinpara-I_1f01c697.pdf,http://nadia.nic.in/PanchayatElection08/Delimitation/Hanskhali/Dakshinpara-I.pdf,https://web.archive.org/web/20090410073337id_/http://nadia.nic.in/PanchayatElection08/Delimitation/Hanskhali/Dakshinpara-I.pdf,20090410073337,2026-09-07T07:34:53.415582+00:00,nadia.nic.in,downloaded,40826,d4c58b412c96ccd1a596d7687f2fc6785b0ad1549b29a535f087768af95baf44
nadia_Dakshinpara-II_2ab64782.pdf,http://nadia.nic.in/PanchayatElection08/Delimitation/Hanskhali/Dakshinpara-II.pdf,http://web.archive.org/web/20090410074051id_/http://nadia.nic.in/PanchayatElection08/Delimitation/Hanskhali/Dakshinpara-II.pdf,20090410074051,2026-09-07T07:35:04.076692+00:00,nadia.nic.in,downloaded,41629,21a7c150b832dd0fb312f69e55fbf255598bc7efbec1983ea8cb4528976d4b78
nadia_Form-_20B1-Order_1bb191b6.pdf,http://nadia.nic.in/PanchayatElection08/Delimitation/Hanskhali/Form-%20B1-Order.pdf,http://web.archive.org/web/20090410072743id_/http://nadia.nic.in/PanchayatElection08/Delimitation/Hanskhali/Form-%20B1-Order.pdf,20090410072743,2026-09-07,nadia.nic.in,"HTTPConnectionPool(host='web.archive.org', port=80): Max retries exceeded with url: /web/20090410072743id_/http://nadia.nic.in/PanchayatElection08/Delimitation/Hanskhali/Form-%20B1-Order.pdf (Caused by NewConnectionError(""HTTPConnection(host='web.archive.org', port=80): Failed to establish a new connection: [Errno 61] Connection refused""))",,
nadia_Form-A1-Order_045e6a68.pdf,http://nadia.nic.in/PanchayatElection08/Delimitation/Hanskhali/Form-A1-Order.pdf,https://web.archive.org/web/20090410073727id_/http://nadia.nic.in/PanchayatElection08/Delimitation/Hanskhali/Form-A1-Order.pdf,20090410073727,2026-09-07T07:35:20.324168+00:00,nadia.nic.in,downloaded,45102,982de56ef9ea8e1fcfaa1a24dfe834599c00cb11713c438d1581391edfb458d1
nadia_Form-B1-Schedule_68cd3923.pdf,http://nadia.nic.in/PanchayatElection08/Delimitation/Hanskhali/Form-B1-Schedule.pdf,http://web.archive.org/web/20090410071956id_/http://nadia.nic.in/PanchayatElection08/Delimitation/Hanskhali/Form-B1-Schedule.pdf,20090410071956,2026-09-07,nadia.nic.in,"HTTPConnectionPool(host='web.archive.org', port=80): Max retries exceeded with url: /web/20090410071956id_/http://nadia.nic.in/PanchayatElection08/Delimitation/Hanskhali/Form-B1-Schedule.pdf (Caused by NewConnectionError(""HTTPConnection(host='web.archive.org', port=80): Failed to establish a new connection: [Errno 61] Connection refused""))",,
nadia_Gazna_79f8fca5.pdf,http://nadia.nic.in/PanchayatElection08/Delimitation/Hanskhali/Gazna.pdf,https://web.archive.org/web/20090410073210id_/http://nadia.nic.in/PanchayatElection08/Delimitation/Hanskhali/Gazna.pdf,20090410073210,2026-09-07T07:35:37.062658+00:00,nadia.nic.in,downloaded,45462,c5576be1e41fa0a710c0db68b6a866522c26ce39bb70d73cdc6d0fb5fa95e285
nadia_Mamjoan_7f58bbb9.pdf,http://nadia.nic.in/PanchayatElection08/Delimitation/Hanskhali/Mamjoan.pdf,https://web.archive.org/web/20090410072432id_/http://nadia.nic.in/PanchayatElection08/Delimitation/Hanskhali/Mamjoan.pdf,20090410072432,2026-09-07T07:35:43.835068+00:00,nadia.nic.in,downloaded,46460,fd9445999f3f0a841f220753e6b329823e49de9977e1223f4ee0585e1948c2f4
nadia_Mayurhat-I_933909ea.pdf,http://nadia.nic.in/PanchayatElection08/Delimitation/Hanskhali/Mayurhat-I.pdf,http://web.archive.org/web/20090410073856id_/http://nadia.nic.in/PanchayatElection08/Delimitation/Hanskhali/Mayurhat-I.pdf,20090410073856,2026-09-07,nadia.nic.in,"HTTPConnectionPool(host='web.archive.org', port=80): Max retries exceeded with url: /web/20090410073856id_/http://nadia.nic.in/PanchayatElection08/Delimitation/Hanskhali/Mayurhat-I.pdf (Caused by NewConnectionError(""HTTPConnection(host='web.archive.org', port=80): Failed to establish a new connection: [Errno 61] Connection refused""))",,
nadia_Mayurhat-II_d9fd6980.pdf,http://nadia.nic.in/PanchayatElection08/Delimitation/Hanskhali/Mayurhat-II.pdf,https://web.archive.org/web/20090410073924id_/http://nadia.nic.in/PanchayatElection08/Delimitation/Hanskhali/Mayurhat-II.pdf,20090410073924,2026-09-07T07:35:59.565508+00:00,nadia.nic.in,downloaded,43031,8b2d9d57eb2c6d187ab72628c0eda071788ff3487c3905c1881c96abc2bf8e82
nadia_Ramnagar-I_373a0017.pdf,http://nadia.nic.in/PanchayatElection08/Delimitation/Hanskhali/Ramnagar-I.pdf,https://web.archive.org/web/20090410074942id_/http://nadia.nic.in/PanchayatElection08/Delimitation/Hanskhali/Ramnagar-I.pdf,20090410074942,2026-09-07T07:36:05.489175+00:00,nadia.nic.in,downloaded,42471,0cc9b6f465c45c66a23dc89b3e3011bf2c62af313aecfad046a1f8e01720ee5b
nadia_Ramnagar-II_c12f29ff.pdf,http://nadia.nic.in/PanchayatElection08/Delimitation/Hanskhali/Ramnagar-II.pdf,http://web.archive.org/web/20090410074800id_/http://nadia.nic.in/PanchayatElection08/Delimitation/Hanskhali/Ramnagar-II.pdf,20090410074800,2026-09-07,nadia.nic.in,"HTTPConnectionPool(host='web.archive.org', port=80): Max retries exceeded with url: /web/20090410074800id_/http://nadia.nic.in/PanchayatElection08/Delimitation/Hanskhali/Ramnagar-II.pdf (Caused by NewConnectionError(""HTTPConnection(host='web.archive.org', port=80): Failed to establish a new connection: [Errno 61] Connection refused""))",,
nadia_BIROHI-I_3e158079.pdf,http://nadia.nic.in/PanchayatElection08/Delimitation/Haringhata/BIROHI-I.pdf,https://web.archive.org/web/20090410074332id_/http://nadia.nic.in/PanchayatElection08/Delimitation/Haringhata/BIROHI-I.pdf,20090410074332,2026-09-06,nadia.nic.in,downloaded,71143,49611057b2633562f9db4083175d3508cb25554c6b6571edfd862459e99324f5
nadia_BIROHI-II_ae6e8535.pdf,http://nadia.nic.in/PanchayatElection08/Delimitation/Haringhata/BIROHI-II.pdf,https://web.archive.org/web/20090410074602id_/http://nadia.nic.in/PanchayatElection08/Delimitation/Haringhata/BIROHI-II.pdf,20090410074602,2026-09-07T07:36:21.270818+00:00,nadia.nic.in,downloaded,78207,21659cc8a653c77a18b55818cdc7f4e4a7c07fe9b5e224c6be463b438d6cd7af
nadia_Fatepur_59ae9e3a.pdf,http://nadia.nic.in/PanchayatElection08/Delimitation/Haringhata/Fatepur.pdf,https://web.archive.org/web/20090410074126id_/http://nadia.nic.in/PanchayatElection08/Delimitation/Haringhata/Fatepur.pdf,20090410074126,2026-09-07T07:36:26.997291+00:00,nadia.nic.in,downloaded,77533,629833cb10626518b3911f794680be2c12ccb4a8bc6c60fb80efa7d2fd9d1405
nadia_Form-B1_81f7918c.pdf,http://nadia.nic.in/PanchayatElection08/Delimitation/Haringhata/Form-B1.pdf,https://web.archive.org/web/20090410074203id_/http://nadia.nic.in/PanchayatElection08/Delimitation/Haringhata/Form-B1.pdf,20090410074203,2026-09-07T07:36:32.707019+00:00,nadia.nic.in,downloaded,81451,3687ac2e52cee62ff915df4d33658c9f145feaaf006f90e301f87d020303d326
nadia_Haringhata-I_ef14eb12.pdf,http://nadia.nic.in/PanchayatElection08/Delimitation/Haringhata/Haringhata-I.pdf,http://web.archive.org/web/20090410072240id_/http://nadia.nic.in/PanchayatElection08/Delimitation/Haringhata/Haringhata-I.pdf,20090410072240,2026-09-07T07:36:43.806327+00:00,nadia.nic.in,downloaded,77375,ff77cedad3a1144dad6095d2227e7c2da72143fcfcc060b483f22d12c4aa75bf
nadia_Haringhata-II_076006f3.pdf,http://nadia.nic.in/PanchayatElection08/Delimitation/Haringhata/Haringhata-II.pdf,https://web.archive.org/web/20090410073959id_/http://nadia.nic.in/PanchayatElection08/Delimitation/Haringhata/Haringhata-II.pdf,20090410073959,2026-09-07T07:36:49.674499+00:00,nadia.nic.in,downloaded,73551,69151e4e94cf9ef191128800c935d719b1f328297f149f9249896d29dff2949d
nadia_Kastodanga-I_4fb90568.pdf,http://nadia.nic.in/PanchayatElection08/Delimitation/Haringhata/Kastodanga-I.pdf,http://web.archive.org/web/20090410075509id_/http://nadia.nic.in/PanchayatElection08/Delimitation/Haringhata/Kastodanga-I.pdf,20090410075509,2026-09-07,nadia.nic.in,"HTTPConnectionPool(host='web.archive.org', port=80): Max retries exceeded with url: /web/20090410075509id_/http://nadia.nic.in/PanchayatElection08/Delimitation/Haringhata/Kastodanga-I.pdf (Caused by NewConnectionError(""HTTPConnection(host='web.archive.org', port=80): Failed to establish a new connection: [Errno 61] Connection refused""))",,
nadia_KASTODANGA-II_c816b1ed.pdf,http://nadia.nic.in/PanchayatElection08/Delimitation/Haringhata/KASTODANGA-II.pdf,http://web.archive.org/web/20090410075149id_/http://nadia.nic.in/PanchayatElection08/Delimitation/Haringhata/KASTODANGA-II.pdf,20090410075149,2026-09-07,nadia.nic.in,"HTTPConnectionPool(host='web.archive.org', port=80): Max retries exceeded with url: /web/20090410075149id_/http://nadia.nic.in/PanchayatElection08/Delimitation/Haringhata/KASTODANGA-II.pdf (Caused by NewConnectionError(""HTTPConnection(host='web.archive.org', port=80): Failed to establish a new connection: [Errno 61] Connection refused""))",,
nadia_Mollabelia_c3c9ef15.pdf,http://nadia.nic.in/PanchayatElection08/Delimitation/Haringhata/Mollabelia.pdf,http://web.archive.org/web/20090410075441id_/http://nadia.nic.in/PanchayatElection08/Delimitation/Haringhata/Mollabelia.pdf,20090410075441,2026-09-07,nadia.nic.in,"HTTPConnectionPool(host='web.archive.org', port=80): Max retries exceeded with url: /web/20090410075441id_/http://nadia.nic.in/PanchayatElection08/Delimitation/Haringhata/Mollabelia.pdf (Caused by NewConnectionError(""HTTPConnection(host='web.archive.org', port=80): Failed to establish a new connection: [Errno 61] Connection refused""))",,
nadia_Nagarukhra-I_70b54b9c.pdf,http://nadia.nic.in/PanchayatElection08/Delimitation/Haringhata/Nagarukhra-I.pdf,https://web.archive.org/web/20090410074139id_/http://nadia.nic.in/PanchayatElection08/Delimitation/Haringhata/Nagarukhra-I.pdf,20090410074139,2026-09-06,nadia.nic.in,downloaded,74002,c685f17d97b978b45d02e02cead572879939fe4ef74229de5590cf7de0f24463
nadia_Nagtarukhra-II_d9223344.pdf,http://nadia.nic.in/PanchayatElection08/Delimitation/Haringhata/Nagtarukhra-II.pdf,http://web.archive.org/web/20090410074918id_/http://nadia.nic.in/PanchayatElection08/Delimitation/Haringhata/Nagtarukhra-II.pdf,20090410074918,2026-09-07,nadia.nic.in,"HTTPConnectionPool(host='web.archive.org', port=80): Max retries exceeded with url: /web/20090410074918id_/http://nadia.nic.in/PanchayatElection08/Delimitation/Haringhata/Nagtarukhra-II.pdf (Caused by NewConnectionError(""HTTPConnection(host='web.archive.org', port=80): Failed to establish a new connection: [Errno 61] Connection refused""))",,
nadia_Form-A1_c596bf47.pdf,http://nadia.nic.in/PanchayatElection08/Delimitation/Kaliganj/Form-A1.pdf,http://web.archive.org/web/20090410075039id_/http://nadia.nic.in/PanchayatElection08/Delimitation/Kaliganj/Form-A1.pdf,20090410075039,2026-09-07,nadia.nic.in,"HTTPConnectionPool(host='web.archive.org', port=80): Max retries exceeded with url: /web/20090410075039id_/http://nadia.nic.in/PanchayatElection08/Delimitation/Kaliganj/Form-A1.pdf (Caused by NewConnectionError(""HTTPConnection(host='web.archive.org', port=80): Failed to establish a new connection: [Errno 61] Connection refused""))",,
nadia_Form-B1_3b3350d2.pdf,http://nadia.nic.in/PanchayatElection08/Delimitation/Kaliganj/Form-B1.pdf,https://web.archive.org/web/20090410072007id_/http://nadia.nic.in/PanchayatElection08/Delimitation/Kaliganj/Form-B1.pdf,20090410072007,2026-09-07T07:37:46.659739+00:00,nadia.nic.in,downloaded,56203,10ba4df134e50b5a13dd275fe6500abbfed193ca8bb20287190492cacd172dd6
nadia_Order-A1_0a1f6fa4.pdf,http://nadia.nic.in/PanchayatElection08/Delimitation/Kaliganj/Order-A1.pdf,http://web.archive.org/web/20090410071928id_/http://nadia.nic.in/PanchayatElection08/Delimitation/Kaliganj/Order-A1.pdf,20090410071928,2026-09-07,nadia.nic.in,"HTTPConnectionPool(host='web.archive.org', port=80): Max retries exceeded with url: /web/20090410071928id_/http://nadia.nic.in/PanchayatElection08/Delimitation/Kaliganj/Order-A1.pdf (Caused by NewConnectionError(""HTTPConnection(host='web.archive.org', port=80): Failed to establish a new connection: [Errno 61] Connection refused""))",,
nadia_Order-B1_a4fac3f9.pdf,http://nadia.nic.in/PanchayatElection08/Delimitation/Kaliganj/Order-B1.pdf,http://web.archive.org/web/20090410072713id_/http://nadia.nic.in/PanchayatElection08/Delimitation/Kaliganj/Order-B1.pdf,20090410072713,2026-09-07,nadia.nic.in,"HTTPConnectionPool(host='web.archive.org', port=80): Max retries exceeded with url: /web/20090410072713id_/http://nadia.nic.in/PanchayatElection08/Delimitation/Kaliganj/Order-B1.pdf (Caused by NewConnectionError(""HTTPConnection(host='web.archive.org', port=80): Failed to establish a new connection: [Errno 61] Connection refused""))",,
nadia_Harekrishnapur_14c1cd77.pdf,http://nadia.nic.in/PanchayatElection08/Delimitation/Karimpur-I/Harekrishnapur.pdf,https://web.archive.org/web/20090410073911id_/http://nadia.nic.in/PanchayatElection08/Delimitation/Karimpur-I/Harekrishnapur.pdf,20090410073911,2026-09-07T07:38:13.615415+00:00,nadia.nic.in,downloaded,90592,7701874f166475797c0bf184abf52a92400f743c25af3779de2df2f38e70ff27
nadia_Hogalbaria_86171ab6.pdf,http://nadia.nic.in/PanchayatElection08/Delimitation/Karimpur-I/Hogalbaria.pdf,http://web.archive.org/web/20090410073656id_/http://nadia.nic.in/PanchayatElection08/Delimitation/Karimpur-I/Hogalbaria.pdf,20090410073656,2026-09-07,nadia.nic.in,"HTTPConnectionPool(host='web.archive.org', port=80): Max retries exceeded with url: /web/20090410073656id_/http://nadia.nic.in/PanchayatElection08/Delimitation/Karimpur-I/Hogalbaria.pdf (Caused by NewConnectionError(""HTTPConnection(host='web.archive.org', port=80): Failed to establish a new connection: [Errno 61] Connection refused""))",,
nadia_Jamsherpur_6a11d54f.pdf,http://nadia.nic.in/PanchayatElection08/Delimitation/Karimpur-I/Jamsherpur.pdf,https://web.archive.org/web/20090410072416id_/http://nadia.nic.in/PanchayatElection08/Delimitation/Karimpur-I/Jamsherpur.pdf,20090410072416,2026-09-07T07:38:30.401109+00:00,nadia.nic.in,downloaded,91476,35e66cbf9a77a8530cd5ee393d1b74aae1849b724ffe93a69c94d6f03aadec72
nadia_Karimpur-I_0d2827c6.pdf,http://nadia.nic.in/PanchayatElection08/Delimitation/Karimpur-I/Karimpur-I.pdf,https://web.archive.org/web/20090410072929id_/http://nadia.nic.in/PanchayatElection08/Delimitation/Karimpur-I/Karimpur-I.pdf,20090410072929,2026-09-06,nadia.nic.in,downloaded,88091,8d63f561ba866e95548a8742a9de1cd86bad2d4c0507add278a990c2321005f4
nadia_Karimpur-II_86bd8352.pdf,http://nadia.nic.in/PanchayatElection08/Delimitation/Karimpur-I/Karimpur-II.pdf,http://web.archive.org/web/20090410073017id_/http://nadia.nic.in/PanchayatElection08/Delimitation/Karimpur-I/Karimpur-II.pdf,20090410073017,2026-09-07T07:38:41.042097+00:00,nadia.nic.in,downloaded,87212,06c438f1dd52737cd3dd7cb8a410051897fa008871c627ce21bc0bddacf32902
nadia_Madhugari_3d0c3f7f.pdf,http://nadia.nic.in/PanchayatElection08/Delimitation/Karimpur-I/Madhugari.pdf,http://web.archive.org/web/20090410074840id_/http://nadia.nic.in/PanchayatElection08/Delimitation/Karimpur-I/Madhugari.pdf,20090410074840,2026-09-07,nadia.nic.in,"HTTPConnectionPool(host='web.archive.org', port=80): Max retries exceeded with url: /web/20090410074840id_/http://nadia.nic.in/PanchayatElection08/Delimitation/Karimpur-I/Madhugari.pdf (Caused by NewConnectionError(""HTTPConnection(host='web.archive.org', port=80): Failed to establish a new connection: [Errno 61] Connection refused""))",,
nadia_ORDER-A1_cbbf8640.pdf,http://nadia.nic.in/PanchayatElection08/Delimitation/Karimpur-I/ORDER-A1.pdf,http://web.archive.org/web/20090410073234id_/http://nadia.nic.in/PanchayatElection08/Delimitation/Karimpur-I/ORDER-A1.pdf,20090410073234,2026-09-07,nadia.nic.in,downloaded,59480,674c7cabc4a4bdbbc6854e033fa7f1bf33352ec9689e1befea8ba491e3b0eb5e
nadia_ORDER_3c53400c.pdf,http://nadia.nic.in/PanchayatElection08/Delimitation/Karimpur-I/ORDER.pdf,https://web.archive.org/web/20090410073620id_/http://nadia.nic.in/PanchayatElection08/Delimitation/Karimpur-I/ORDER.pdf,20090410073620,2026-09-07T07:38:57.920015+00:00,nadia.nic.in,downloaded,59281,87a4d3febb9b466b9c2bc72a7d79b7716ec09872ff3b335fba4619f5574b10c9
nadia_Pipulberia_311fb789.pdf,http://nadia.nic.in/PanchayatElection08/Delimitation/Karimpur-I/Pipulberia.pdf,http://web.archive.org/web/20090410075115id_/http://nadia.nic.in/PanchayatElection08/Delimitation/Karimpur-I/Pipulberia.pdf,20090410075115,2026-09-07,nadia.nic.in,"HTTPConnectionPool(host='web.archive.org', port=80): Max retries exceeded with url: /web/20090410075115id_/http://nadia.nic.in/PanchayatElection08/Delimitation/Karimpur-I/Pipulberia.pdf (Caused by NewConnectionError(""HTTPConnection(host='web.archive.org', port=80): Failed to establish a new connection: [Errno 61] Connection refused""))",,
nadia_Shikarpur_43495071.pdf,http://nadia.nic.in/PanchayatElection08/Delimitation/Karimpur-I/Shikarpur.pdf,https://web.archive.org/web/20090410075342id_/http://nadia.nic.in/PanchayatElection08/Delimitation/Karimpur-I/Shikarpur.pdf,20090410075342,2026-09-07T07:39:14.111071+00:00,nadia.nic.in,downloaded,91026,554c4d2bac5b52f2122227164a589097051f1c84abd6209e90c2abaea99fd9e7
nadia_Dh-I_241ce14e.pdf,http://nadia.nic.in/PanchayatElection08/Delimitation/Karimpur-II/Dh-I.pdf,http://web.archive.org/web/20090410073751id_/http://nadia.nic.in/PanchayatElection08/Delimitation/Karimpur-II/Dh-I.pdf,20090410073751,2026-09-07,nadia.nic.in,"HTTPConnectionPool(host='web.archive.org', port=80): Max retries exceeded with url: /web/20090410073751id_/http://nadia.nic.in/PanchayatElection08/Delimitation/Karimpur-II/Dh-I.pdf (Caused by NewConnectionError(""HTTPConnection(host='web.archive.org', port=80): Failed to establish a new connection: [Errno 61] Connection refused""))",,
nadia_Dh-II_caeeb1b6.pdf,http://nadia.nic.in/PanchayatElection08/Delimitation/Karimpur-II/Dh-II.pdf,https://web.archive.org/web/20090410072306id_/http://nadia.nic.in/PanchayatElection08/Delimitation/Karimpur-II/Dh-II.pdf,20090410072306,2026-09-06,nadia.nic.in,downloaded,71726,7e975d0b13e5d3411333e6ffce17cb92e20edde68e47d1db8e3f09d45d9895f0
nadia_Digh_50a98dda.pdf,http://nadia.nic.in/PanchayatElection08/Delimitation/Karimpur-II/Digh.pdf,http://web.archive.org/web/20090410074153id_/http://nadia.nic.in/PanchayatElection08/Delimitation/Karimpur-II/Digh.pdf,20090410074153,2026-09-07T07:39:34.938513+00:00,nadia.nic.in,downloaded,72981,233b187b68983d81217b65fba76de2d582badf9cd99128583347f545c3d5074d
nadia_Muru_2ec52bfa.pdf,http://nadia.nic.in/PanchayatElection08/Delimitation/Karimpur-II/Muru.pdf,http://web.archive.org/web/20090410074618id_/http://nadia.nic.in/PanchayatElection08/Delimitation/Karimpur-II/Muru.pdf,20090410074618,2026-09-07T07:39:45.529221+00:00,nadia.nic.in,downloaded,68027,45fa5bc552f71ff9de30793a29c76f30cffb6efcf81d3a3d9cc8f687756e188e
nadia_Nand_810c5005.pdf,http://nadia.nic.in/PanchayatElection08/Delimitation/Karimpur-II/Nand.pdf,http://web.archive.org/web/20090410075609id_/http://nadia.nic.in/PanchayatElection08/Delimitation/Karimpur-II/Nand.pdf,20090410075609,2026-09-07T07:39:56.892957+00:00,nadia.nic.in,downloaded,73632,0f1db5454b0061e6358b7f25348c986eaa2944e12aa99df6d4e44165f3643ac2
nadia_Nara-I_8b24736b.pdf,http://nadia.nic.in/PanchayatElection08/Delimitation/Karimpur-II/Nara-I.pdf,https://web.archive.org/web/20090410075558id_/http://nadia.nic.in/PanchayatElection08/Delimitation/Karimpur-II/Nara-I.pdf,20090410075558,2026-09-07T07:40:02.559729+00:00,nadia.nic.in,downloaded,70848,ba7273c42279c52ac89fd76a70795cc7c55ba090cf536e5882e0ab34051c6618
nadia_Nara-II_cdd1cab4.pdf,http://nadia.nic.in/PanchayatElection08/Delimitation/Karimpur-II/Nara-II.pdf,http://web.archive.org/web/20090410074854id_/http://nadia.nic.in/PanchayatElection08/Delimitation/Karimpur-II/Nara-II.pdf,20090410074854,2026-09-07T07:40:14.050670+00:00,nadia.nic.in,downloaded,69877,89a28401c7c0aed0d750457307b31e0bc1a6482750b1ddd9b7d716bc5ed97a10
nadia_Nati-I_80756371.pdf,http://nadia.nic.in/PanchayatElection08/Delimitation/Karimpur-II/Nati-I.pdf,https://web.archive.org/web/20090410073406id_/http://nadia.nic.in/PanchayatElection08/Delimitation/Karimpur-II/Nati-I.pdf,20090410073406,2026-09-07T07:40:21.363445+00:00,nadia.nic.in,downloaded,71100,62a01bd5357717e134a584dc75e13e50004ee72eeecffc3ec378c86c98b1cb9c
nadia_Nati-II_84283aee.pdf,http://nadia.nic.in/PanchayatElection08/Delimitation/Karimpur-II/Nati-II.pdf,http://web.archive.org/web/20090410072517id_/http://nadia.nic.in/PanchayatElection08/Delimitation/Karimpur-II/Nati-II.pdf,20090410072517,2026-09-07T07:40:32.873710+00:00,nadia.nic.in,downloaded,71737,b1f8693e2d947d6779d2490d97857346ba6a1b8cab0e0c562ea3d94373eb5f7d
nadia_Order_20A1_3950681b.pdf,http://nadia.nic.in/PanchayatElection08/Delimitation/Karimpur-II/Order%20A1.pdf,https://web.archive.org/web/20090410073821id_/http://nadia.nic.in/PanchayatElection08/Delimitation/Karimpur-II/Order%20A1.pdf,20090410073821,2026-09-07T07:40:38.583228+00:00,nadia.nic.in,downloaded,59845,2ccf8ebe5684fc8a44aea5792dac38d0a27d0454fd53ab4df0a3142e4ee9ea86
nadia_Order_20B1_8556a244.pdf,http://nadia.nic.in/PanchayatElection08/Delimitation/Karimpur-II/Order%20B1.pdf,http://web.archive.org/web/20090410074718id_/http://nadia.nic.in/PanchayatElection08/Delimitation/Karimpur-II/Order%20B1.pdf,20090410074718,2026-09-07,nadia.nic.in,"HTTPConnectionPool(host='web.archive.org', port=80): Max retries exceeded with url: /web/20090410074718id_/http://nadia.nic.in/PanchayatElection08/Delimitation/Karimpur-II/Order%20B1.pdf (Caused by NewConnectionError(""HTTPConnection(host='web.archive.org', port=80): Failed to establish a new connection: [Errno 61] Connection refused""))",,
nadia_Raha_3f3eef56.pdf,http://nadia.nic.in/PanchayatElection08/Delimitation/Karimpur-II/Raha.pdf,https://web.archive.org/web/20090410074734id_/http://nadia.nic.in/PanchayatElection08/Delimitation/Karimpur-II/Raha.pdf,20090410074734,2026-09-07T07:40:55.073946+00:00,nadia.nic.in,downloaded,72207,fec88af52b6f8e98a609ff9af2a85a280e61cefed722c00dfdf1a9df99cc3c12
nadia_FormABTGP_bbf62a34.pdf,http://nadia.nic.in/PanchayatElection08/Delimitation/Krishnaganj/FormABTGP.pdf,http://web.archive.org/web/20090410075004id_/http://nadia.nic.in/PanchayatElection08/Delimitation/Krishnaganj/FormABTGP.pdf,20090410075004,2026-09-07T07:41:08.427473+00:00,nadia.nic.in,downloaded,45939,57aefe792049dc5b74455d1123acaa2fc674d97fb6809b125f44f37bf6fe7646
nadia_FormAGOBGP_d6401c99.pdf,http://nadia.nic.in/PanchayatElection08/Delimitation/Krishnaganj/FormAGOBGP.pdf,http://web.archive.org/web/20090410072730id_/http://nadia.nic.in/PanchayatElection08/Delimitation/Krishnaganj/FormAGOBGP.pdf,20090410072730,2026-09-07T07:41:19.007962+00:00,nadia.nic.in,downloaded,45478,0ac887d43e52ae60f17d1a063a67e30479d7e69b289656296db87646602de254
nadia_FormAJOYGP_808c9836.pdf,http://nadia.nic.in/PanchayatElection08/Delimitation/Krishnaganj/FormAJOYGP.pdf,https://web.archive.org/web/20090410072254id_/http://nadia.nic.in/PanchayatElection08/Delimitation/Krishnaganj/FormAJOYGP.pdf,20090410072254,2026-09-07T07:41:25.141497+00:00,nadia.nic.in,downloaded,49571,32b5eac6ab339b307facc5e059ab2d2de05b97bb9af6fea7798e1626026d24f9
nadia_FormAKNJGP_d68f1ead.pdf,http://nadia.nic.in/PanchayatElection08/Delimitation/Krishnaganj/FormAKNJGP.pdf,https://web.archive.org/web/20090410072850id_/http://nadia.nic.in/PanchayatElection08/Delimitation/Krishnaganj/FormAKNJGP.pdf,20090410072850,2026-09-07T07:41:31.794682+00:00,nadia.nic.in,downloaded,50296,332c1e127c8e4a81fdee9a66e93e67a55384c9329989bf6d8cec7f4a4db59f40
nadia_FormAMBGP_637807a4.pdf,http://nadia.nic.in/PanchayatElection08/Delimitation/Krishnaganj/FormAMBGP.pdf,https://web.archive.org/web/20090410073159id_/http://nadia.nic.in/PanchayatElection08/Delimitation/Krishnaganj/FormAMBGP.pdf,20090410073159,2026-09-07T07:41:37.318902+00:00,nadia.nic.in,downloaded,50131,6e413a97c84f20c3cf9751aa92ea29883c980bc3fb8bae6dcaf2ad694fb459bb
nadia_FormASHIBGP_e587eac1.pdf,http://nadia.nic.in/PanchayatElection08/Delimitation/Krishnaganj/FormASHIBGP.pdf,http://web.archive.org/web/20090410073003id_/http://nadia.nic.in/PanchayatElection08/Delimitation/Krishnaganj/FormASHIBGP.pdf,20090410073003,2026-09-07T07:41:49.072864+00:00,nadia.nic.in,downloaded,45183,2316bd70e37d0e5b45f7ec20fd493fc15b5be28812f8f20d3cb7d7c5ce62e731
nadia_FormATMGP_e1dd3845.pdf,http://nadia.nic.in/PanchayatElection08/Delimitation/Krishnaganj/FormATMGP.pdf,http://web.archive.org/web/20090410072130id_/http://nadia.nic.in/PanchayatElection08/Delimitation/Krishnaganj/FormATMGP.pdf,20090410072130,2026-09-07T07:41:59.791824+00:00,nadia.nic.in,downloaded,49529,c4d339c74818803804f4ab0d6afbb84cc135f5ca02a8181bcb699def61f8ef86
nadia_FormB1_f7386ca2.pdf,http://nadia.nic.in/PanchayatElection08/Delimitation/Krishnaganj/FormB1.pdf,https://web.archive.org/web/20090410074426id_/http://nadia.nic.in/PanchayatElection08/Delimitation/Krishnaganj/FormB1.pdf,20090410074426,2026-09-06,nadia.nic.in,downloaded,81663,e89b88243e09bf76fa9e0c5921c5088246e62001cb6a3d61de7c2549eb315cf4
nadia_Order-A1_792c42df.pdf,http://nadia.nic.in/PanchayatElection08/Delimitation/Krishnaganj/Order-A1.pdf,http://web.archive.org/web/20090410073050id_/http://nadia.nic.in/PanchayatElection08/Delimitation/Krishnaganj/Order-A1.pdf,20090410073050,2026-09-07,nadia.nic.in,"HTTPConnectionPool(host='web.archive.org', port=80): Max retries exceeded with url: /web/20090410073050id_/http://nadia.nic.in/PanchayatElection08/Delimitation/Krishnaganj/Order-A1.pdf (Caused by NewConnectionError(""HTTPConnection(host='web.archive.org', port=80): Failed to establish a new connection: [Errno 61] Connection refused""))",,
nadia_Order-B1_87526c06.pdf,http://nadia.nic.in/PanchayatElection08/Delimitation/Krishnaganj/Order-B1.pdf,https://web.archive.org/web/20090410072612id_/http://nadia.nic.in/PanchayatElection08/Delimitation/Krishnaganj/Order-B1.pdf,20090410072612,2026-09-06,nadia.nic.in,downloaded,74015,d38eb9dc2e5577b0d1651410f5d7565acd2a61f5f58cebebc75e3126d0ca4734
nadia_Form-A1_c16eed1b.pdf,http://nadia.nic.in/PanchayatElection08/Delimitation/Krishnagar-I/Form-A1.pdf,https://web.archive.org/web/20090410073945id_/http://nadia.nic.in/PanchayatElection08/Delimitation/Krishnagar-I/Form-A1.pdf,20090410073945,2026-09-07T07:42:15.518783+00:00,nadia.nic.in,downloaded,160946,7a19d0120c13e46a304d1b393ae6445b065ace66675fa08a7a3f4e6c45178130
nadia_Form-B1_f87519e4.pdf,http://nadia.nic.in/PanchayatElection08/Delimitation/Krishnagar-I/Form-B1.pdf,http://web.archive.org/web/20090410074040id_/http://nadia.nic.in/PanchayatElection08/Delimitation/Krishnagar-I/Form-B1.pdf,20090410074040,2026-09-07,nadia.nic.in,"HTTPConnectionPool(host='web.archive.org', port=80): Max retries exceeded with url: /web/20090410074040id_/http://nadia.nic.in/PanchayatElection08/Delimitation/Krishnagar-I/Form-B1.pdf (Caused by NewConnectionError(""HTTPConnection(host='web.archive.org', port=80): Failed to establish a new connection: [Errno 61] Connection refused""))",,
nadia_FORM-A_Belpukur_161bcf81.pdf,http://nadia.nic.in/PanchayatElection08/Delimitation/Krishnagar-II/FORM-A_Belpukur.pdf,http://web.archive.org/web/20090410074526id_/http://nadia.nic.in/PanchayatElection08/Delimitation/Krishnagar-II/FORM-A_Belpukur.pdf,20090410074526,2026-09-07T07:42:37.195644+00:00,nadia.nic.in,downloaded,79459,b3d00c8ccb5fd59e694f9fe5ff4ee297f5aebb1650a861c2a4d70d24d7563fd5
nadia_FORM-A_Dhubulia-I_7f4056af.pdf,http://nadia.nic.in/PanchayatElection08/Delimitation/Krishnagar-II/FORM-A_Dhubulia-I.pdf,https://web.archive.org/web/20090410075453id_/http://nadia.nic.in/PanchayatElection08/Delimitation/Krishnagar-II/FORM-A_Dhubulia-I.pdf,20090410075453,2026-09-06,nadia.nic.in,downloaded,80642,2170abe160fa902e8021e93bd4c4394c67be197132487be8252fd190da32287a
nadia_FORM-A_Dhubulia-II_128ab232.pdf,http://nadia.nic.in/PanchayatElection08/Delimitation/Krishnagar-II/FORM-A_Dhubulia-II.pdf,https://web.archive.org/web/20090410074343id_/http://nadia.nic.in/PanchayatElection08/Delimitation/Krishnagar-II/FORM-A_Dhubulia-II.pdf,20090410074343,2026-09-07T07:42:43.344690+00:00,nadia.nic.in,downloaded,78079,3c522396c697c5819f284f28c055bbe957e3bcac3646e00b537e3b504e0c2375
nadia_FORM-A_Nawpara-I_09c10d0a.pdf,http://nadia.nic.in/PanchayatElection08/Delimitation/Krishnagar-II/FORM-A_Nawpara-I.pdf,https://web.archive.org/web/20090410073834id_/http://nadia.nic.in/PanchayatElection08/Delimitation/Krishnagar-II/FORM-A_Nawpara-I.pdf,20090410073834,2026-09-07T07:42:49.924878+00:00,nadia.nic.in,downloaded,80599,2238be788015349cceb11c9fe300c58a663bb6353cc36f1f82e63f0f06932344
nadia_FORM-A_Nawpara-II_550f8e44.pdf,http://nadia.nic.in/PanchayatElection08/Delimitation/Krishnagar-II/FORM-A_Nawpara-II.pdf,https://web.archive.org/web/20090410075417id_/http://nadia.nic.in/PanchayatElection08/Delimitation/Krishnagar-II/FORM-A_Nawpara-II.pdf,20090410075417,2026-09-06,nadia.nic.in,downloaded,76939,33dae8eeab176b345fcb0809dc63e86d02d85778e4a983e14c3e62cb42cc0731
nadia_FORM-A_Sadhanpara-I_291a8549.pdf,http://nadia.nic.in/PanchayatElection08/Delimitation/Krishnagar-II/FORM-A_Sadhanpara-I.pdf,https://web.archive.org/web/20090410073449id_/http://nadia.nic.in/PanchayatElection08/Delimitation/Krishnagar-II/FORM-A_Sadhanpara-I.pdf,20090410073449,2026-09-07T07:42:56.984696+00:00,nadia.nic.in,downloaded,77628,36a2ee601f0f0cd4b3351d2fcaa0773090c34d8917ef5bd24b77d397184a867c
nadia_FORM-A_Sadhanpara-II_0939c266.pdf,http://nadia.nic.in/PanchayatElection08/Delimitation/Krishnagar-II/FORM-A_Sadhanpara-II.pdf,https://web.archive.org/web/20090410075315id_/http://nadia.nic.in/PanchayatElection08/Delimitation/Krishnagar-II/FORM-A_Sadhanpara-II.pdf,20090410075315,2026-09-07T07:43:07.170850+00:00,nadia.nic.in,downloaded,77322,0b581aeb108ebc6d713581072f6858ec756540b9cd522a3ed0fd21e797aee7fe
nadia_FORM-B_7da5a866.pdf,http://nadia.nic.in/PanchayatElection08/Delimitation/Krishnagar-II/FORM-B.pdf,http://web.archive.org/web/20090410075228id_/http://nadia.nic.in/PanchayatElection08/Delimitation/Krishnagar-II/FORM-B.pdf,20090410075228,2026-09-07,nadia.nic.in,"HTTPConnectionPool(host='web.archive.org', port=80): Max retries exceeded with url: /web/20090410075228id_/http://nadia.nic.in/PanchayatElection08/Delimitation/Krishnagar-II/FORM-B.pdf (Caused by NewConnectionError(""HTTPConnection(host='web.archive.org', port=80): Failed to establish a new connection: [Errno 61] Connection refused""))",,
nadia_Form_20A1_37b1730e.pdf,http://nadia.nic.in/PanchayatElection08/Delimitation/Nabadwip/Form%20A1.pdf,https://web.archive.org/web/20090410072027id_/http://nadia.nic.in/PanchayatElection08/Delimitation/Nabadwip/Form%20A1.pdf,20090410072027,2026-09-06,nadia.nic.in,downloaded,209159,e5a749cd04b80ada822983e5805c8b76ac97eb083739de0842a618e6f93ce3e6
nadia_Form-B1_38a4fa5d.pdf,http://nadia.nic.in/PanchayatElection08/Delimitation/Nabadwip/Form-B1.pdf,http://web.archive.org/web/20090410075523id_/http://nadia.nic.in/PanchayatElection08/Delimitation/Nabadwip/Form-B1.pdf,20090410075523,2026-09-07T07:43:28.202636+00:00,nadia.nic.in,downloaded,80555,f5d695f7b04ca4044944bdad5eed7593989a04e43c0909f1eaf86f59ea22e979
nadia_Bethuadahari-I_9c297286.pdf,http://nadia.nic.in/PanchayatElection08/Delimitation/Nakashipara/Bethuadahari-I.pdf,https://web.archive.org/web/20090410074414id_/http://nadia.nic.in/PanchayatElection08/Delimitation/Nakashipara/Bethuadahari-I.pdf,20090410074414,2026-09-07T07:43:33.932693+00:00,nadia.nic.in,downloaded,49032,3e795d2394bc78fa9f13ceffa2ed347ef3df3120c7cf7bd2e3d4b9fff77035f9
nadia_Bethuadahari-II_1022ffa7.pdf,http://nadia.nic.in/PanchayatElection08/Delimitation/Nakashipara/Bethuadahari-II.pdf,https://web.archive.org/web/20090410074828id_/http://nadia.nic.in/PanchayatElection08/Delimitation/Nakashipara/Bethuadahari-II.pdf,20090410074828,2026-09-06,nadia.nic.in,downloaded,49647,626562ef989c347f967741a1bfb9d55826f8ffac5281c42550c88045666558c8
nadia_Bikrampur_07c43b86.pdf,http://nadia.nic.in/PanchayatElection08/Delimitation/Nakashipara/Bikrampur.pdf,https://web.archive.org/web/20090410075619id_/http://nadia.nic.in/PanchayatElection08/Delimitation/Nakashipara/Bikrampur.pdf,20090410075619,2026-09-06,nadia.nic.in,downloaded,51232,56b7e42df7cec0867cd2f71c0b850cf33cc3996bb23a9b4d30eb9314cf65bd67
nadia_Bilkumari_d559629b.pdf,http://nadia.nic.in/PanchayatElection08/Delimitation/Nakashipara/Bilkumari.pdf,https://web.archive.org/web/20090410075252id_/http://nadia.nic.in/PanchayatElection08/Delimitation/Nakashipara/Bilkumari.pdf,20090410075252,2026-09-07T07:43:40.589198+00:00,nadia.nic.in,downloaded,48425,266f366123f471b5e70ebe41f4ab1d585ae5c0150f9f202130101b4c3f0efe6a
nadia_Billwagram_2f0531ce.pdf,http://nadia.nic.in/PanchayatElection08/Delimitation/Nakashipara/Billwagram.pdf,https://web.archive.org/web/20090410075138id_/http://nadia.nic.in/PanchayatElection08/Delimitation/Nakashipara/Billwagram.pdf,20090410075138,2026-09-06,nadia.nic.in,downloaded,50533,305f95e9f35246d8c0aa71e2be8e84ce3bddf79aea54da96e70b8d933e04bb46
nadia_Birpur-I_fc8073f4.pdf,http://nadia.nic.in/PanchayatElection08/Delimitation/Nakashipara/Birpur-I.pdf,http://web.archive.org/web/20090410075200id_/http://nadia.nic.in/PanchayatElection08/Delimitation/Nakashipara/Birpur-I.pdf,20090410075200,2026-09-07T07:43:51.500480+00:00,nadia.nic.in,downloaded,45749,6c38fd544633d8d4c0ad089b3cf368a116b520cfb1735e9dfef36ce1b78c4d80
nadia_Birpur-II_2b726376.pdf,http://nadia.nic.in/PanchayatElection08/Delimitation/Nakashipara/Birpur-II.pdf,http://web.archive.org/web/20090410074250id_/http://nadia.nic.in/PanchayatElection08/Delimitation/Nakashipara/Birpur-II.pdf,20090410074250,2026-09-07,nadia.nic.in,"HTTPConnectionPool(host='web.archive.org', port=80): Max retries exceeded with url: /web/20090410074250id_/http://nadia.nic.in/PanchayatElection08/Delimitation/Nakashipara/Birpur-II.pdf (Caused by NewConnectionError(""HTTPConnection(host='web.archive.org', port=80): Failed to establish a new connection: [Errno 61] Connection refused""))",,
nadia_Dhananjoypur_9961a614.pdf,http://nadia.nic.in/PanchayatElection08/Delimitation/Nakashipara/Dhananjoypur.pdf,https://web.archive.org/web/20090410073137id_/http://nadia.nic.in/PanchayatElection08/Delimitation/Nakashipara/Dhananjoypur.pdf,20090410073137,2026-09-07T07:44:07.240305+00:00,nadia.nic.in,downloaded,50158,635f1f07483a730926a10e3ddda48a8a03d6fa2277aea5931c1b57ccecf8b7a8
nadia_Dharmada_46870934.pdf,http://nadia.nic.in/PanchayatElection08/Delimitation/Nakashipara/Dharmada.pdf,https://web.archive.org/web/20090410074513id_/http://nadia.nic.in/PanchayatElection08/Delimitation/Nakashipara/Dharmada.pdf,20090410074513,2026-09-07T07:44:12.962663+00:00,nadia.nic.in,downloaded,52199,2678a8a36a1761bd50457dd7e1c73a66eaf98e199dfd76191ef176a06a805cbf
nadia_Dogachhia_ebe0c6ed.pdf,http://nadia.nic.in/PanchayatElection08/Delimitation/Nakashipara/Dogachhia.pdf,https://web.archive.org/web/20090410072806id_/http://nadia.nic.in/PanchayatElection08/Delimitation/Nakashipara/Dogachhia.pdf,20090410072806,2026-09-07T07:44:19.351248+00:00,nadia.nic.in,downloaded,51728,9d663481a09f5ce7c5303300efc0d1474391ddeb1f9d5497052d53afab4b296f
nadia_Form-B1_c07fd23e.pdf,http://nadia.nic.in/PanchayatElection08/Delimitation/Nakashipara/Form-B1.pdf,http://web.archive.org/web/20090410075213id_/http://nadia.nic.in/PanchayatElection08/Delimitation/Nakashipara/Form-B1.pdf,20090410075213,2026-09-07T07:44:30.393782+00:00,nadia.nic.in,downloaded,46819,7316ffebdf8fbccdfde1cefcd0a93073e10048d03d3cccdda7a21c25fc04d036
nadia_Haranagar_0dd258bf.pdf,http://nadia.nic.in/PanchayatElection08/Delimitation/Nakashipara/Haranagar.pdf,http://web.archive.org/web/20090410073028id_/http://nadia.nic.in/PanchayatElection08/Delimitation/Nakashipara/Haranagar.pdf,20090410073028,2026-09-07T07:44:41.295669+00:00,nadia.nic.in,downloaded,47347,38402adb2abd6c386fd8782ccc16a57fe3b04eb73febdee8dabbf63103156d29
nadia_Majhergram_25ee0055.pdf,http://nadia.nic.in/PanchayatElection08/Delimitation/Nakashipara/Majhergram.pdf,http://web.archive.org/web/20090410074316id_/http://nadia.nic.in/PanchayatElection08/Delimitation/Nakashipara/Majhergram.pdf,20090410074316,2026-09-07,nadia.nic.in,downloaded,49250,f54f6b4c32f711d152b5163d3bc836aec450e5a7f29b2b7b2a6cc6b41c194e03
nadia_Muragachha_8aaae523.pdf,http://nadia.nic.in/PanchayatElection08/Delimitation/Nakashipara/Muragachha.pdf,http://web.archive.org/web/20090410074905id_/http://nadia.nic.in/PanchayatElection08/Delimitation/Nakashipara/Muragachha.pdf,20090410074905,2026-09-07,nadia.nic.in,"HTTPConnectionPool(host='web.archive.org', port=80): Max retries exceeded with url: /web/20090410074905id_/http://nadia.nic.in/PanchayatElection08/Delimitation/Nakashipara/Muragachha.pdf (Caused by NewConnectionError(""HTTPConnection(host='web.archive.org', port=80): Failed to establish a new connection: [Errno 61] Connection refused""))",,
nadia_NakashiparaGP_60d11eab.pdf,http://nadia.nic.in/PanchayatElection08/Delimitation/Nakashipara/NakashiparaGP.pdf,https://web.archive.org/web/20090410074240id_/http://nadia.nic.in/PanchayatElection08/Delimitation/Nakashipara/NakashiparaGP.pdf,20090410074240,2026-09-07T07:44:58.451150+00:00,nadia.nic.in,downloaded,49149,560818d6ed50b02c0ba275d0ff35aaf7adc2b0e5da4348eb8c3d40dea5c4c38e
nadia_Order-B1_336eee9f.pdf,http://nadia.nic.in/PanchayatElection08/Delimitation/Nakashipara/Order-B1.pdf,http://web.archive.org/web/20090410072145id_/http://nadia.nic.in/PanchayatElection08/Delimitation/Nakashipara/Order-B1.pdf,20090410072145,2026-09-07T07:45:09.702174+00:00,nadia.nic.in,downloaded,71959,bd46d0a286778d9e7841830b3152cd7f8b6cda2894c018f9411866daeebda075
nadia_OrderA1_7df1ac2f.pdf,http://nadia.nic.in/PanchayatElection08/Delimitation/Nakashipara/OrderA1.pdf,https://web.archive.org/web/20090410073502id_/http://nadia.nic.in/PanchayatElection08/Delimitation/Nakashipara/OrderA1.pdf,20090410073502,2026-09-07T07:45:16.532194+00:00,nadia.nic.in,downloaded,59548,f3c74ab20929eaccb055cf9a58028b5b925b8d005341e2744e19c4bf2a89f7b6
nadia_Patikabari_50152de2.pdf,http://nadia.nic.in/PanchayatElection08/Delimitation/Nakashipara/Patikabari.pdf,http://web.archive.org/web/20090410072947id_/http://nadia.nic.in/PanchayatElection08/Delimitation/Nakashipara/Patikabari.pdf,20090410072947,2026-09-07T07:45:27.740965+00:00,nadia.nic.in,downloaded,49168,e70ce1d0ec98f7c0aa1b025f2cbe3dd154c6bf4d15a02c45ee5f8c38db0ae6c9
nadia_Anulia_96fda9db.pdf,http://nadia.nic.in/PanchayatElection08/Delimitation/Ranaghat-I/Anulia.pdf,https://web.archive.org/web/20090410073606id_/http://nadia.nic.in/PanchayatElection08/Delimitation/Ranaghat-I/Anulia.pdf,20090410073606,2026-09-06,nadia.nic.in,downloaded,77797,995c7814db06c229d51b8f771b83a2a2b3b2c638d7bd9cc9429a5f22d79a0485
nadia_Barasat_0ccb3c74.pdf,http://nadia.nic.in/PanchayatElection08/Delimitation/Ranaghat-I/Barasat.pdf,http://web.archive.org/web/20090410072640id_/http://nadia.nic.in/PanchayatElection08/Delimitation/Ranaghat-I/Barasat.pdf,20090410072640,2026-09-07,nadia.nic.in,downloaded,77589,af42a1a57b46963ad9994bcd963ca94622c5abb56f1be2773351570fbf458071
nadia_FORM-A1_4727e380.pdf,http://nadia.nic.in/PanchayatElection08/Delimitation/Ranaghat-I/FORM-A1.pdf,https://web.archive.org/web/20090410075407id_/http://nadia.nic.in/PanchayatElection08/Delimitation/Ranaghat-I/FORM-A1.pdf,20090410075407,2026-09-07T07:45:33.378884+00:00,nadia.nic.in,downloaded,56224,6b5ab1bd5af1b64c226411b99306a941dc659b5f9c6ec9962caa64c5d7247b7d
nadia_Form-B1_c7646eff.pdf,http://nadia.nic.in/PanchayatElection08/Delimitation/Ranaghat-I/Form-B1.pdf,https://web.archive.org/web/20090410075429id_/http://nadia.nic.in/PanchayatElection08/Delimitation/Ranaghat-I/Form-B1.pdf,20090410075429,2026-09-07T07:45:41.850109+00:00,nadia.nic.in,downloaded,50412,202099fe23fb07f5e4fc0afba9002eb6682801f2c2b1224a45c5cc3a838bfb75
nadia_Habibpur_c262795e.pdf,http://nadia.nic.in/PanchayatElection08/Delimitation/Ranaghat-I/Habibpur.pdf,https://web.archive.org/web/20090410075304id_/http://nadia.nic.in/PanchayatElection08/Delimitation/Ranaghat-I/Habibpur.pdf,20090410075304,2026-09-07T07:45:47.982089+00:00,nadia.nic.in,downloaded,76149,327d8b8ca6b1bc5b04523f1267948b830d308013aaa2d6fc87bd9ee4d4429db5
nadia_Khisma_451238f0.pdf,http://nadia.nic.in/PanchayatElection08/Delimitation/Ranaghat-I/Khisma.pdf,http://web.archive.org/web/20090410074403id_/http://nadia.nic.in/PanchayatElection08/Delimitation/Ranaghat-I/Khisma.pdf,20090410074403,2026-09-07,nadia.nic.in,"HTTPConnectionPool(host='web.archive.org', port=80): Max retries exceeded with url: /web/20090410074403id_/http://nadia.nic.in/PanchayatElection08/Delimitation/Ranaghat-I/Khisma.pdf (Caused by NewConnectionError(""HTTPConnection(host='web.archive.org', port=80): Failed to establish a new connection: [Errno 61] Connection refused""))",,
nadia_KPGP_e9818929.pdf,http://nadia.nic.in/PanchayatElection08/Delimitation/Ranaghat-I/KPGP.pdf,http://web.archive.org/web/20090410072704id_/http://nadia.nic.in/PanchayatElection08/Delimitation/Ranaghat-I/KPGP.pdf,20090410072704,2026-09-07,nadia.nic.in,"HTTPConnectionPool(host='web.archive.org', port=80): Max retries exceeded with url: /web/20090410072704id_/http://nadia.nic.in/PanchayatElection08/Delimitation/Ranaghat-I/KPGP.pdf (Caused by NewConnectionError(""HTTPConnection(host='web.archive.org', port=80): Failed to establish a new connection: [Errno 61] Connection refused""))",,
nadia_Nawpara-MSD_e494d690.pdf,http://nadia.nic.in/PanchayatElection08/Delimitation/Ranaghat-I/Nawpara-MSD.pdf,http://web.archive.org/web/20090410072502id_/http://nadia.nic.in/PanchayatElection08/Delimitation/Ranaghat-I/Nawpara-MSD.pdf,20090410072502,2026-09-07,nadia.nic.in,"HTTPConnectionPool(host='web.archive.org', port=80): Max retries exceeded with url: /web/20090410072502id_/http://nadia.nic.in/PanchayatElection08/Delimitation/Ranaghat-I/Nawpara-MSD.pdf (Caused by NewConnectionError(""HTTPConnection(host='web.archive.org', port=80): Failed to establish a new connection: [Errno 61] Connection refused""))",,
nadia_Payradanga_0af226ef.pdf,http://nadia.nic.in/PanchayatElection08/Delimitation/Ranaghat-I/Payradanga.pdf,https://web.archive.org/web/20090410072318id_/http://nadia.nic.in/PanchayatElection08/Delimitation/Ranaghat-I/Payradanga.pdf,20090410072318,2026-09-07T07:46:24.959091+00:00,nadia.nic.in,downloaded,75658,ccbaa055b105c8d43d7bfd352e1a9416b3a782c1842621189df001324624cf05
nadia_Ramnagar-I_27a1c6cd.pdf,http://nadia.nic.in/PanchayatElection08/Delimitation/Ranaghat-I/Ramnagar-I.pdf,https://web.archive.org/web/20090410072449id_/http://nadia.nic.in/PanchayatElection08/Delimitation/Ranaghat-I/Ramnagar-I.pdf,20090410072449,2026-09-07T07:46:30.870923+00:00,nadia.nic.in,downloaded,74355,26fcdcfb2cc1375539ca9f4f582e4f95d9c012fb731611d8d8fbbe55d60c7997
nadia_Ramnagar-II_de95b7b3.pdf,http://nadia.nic.in/PanchayatElection08/Delimitation/Ranaghat-I/Ramnagar-II.pdf,http://web.archive.org/web/20090410072332id_/http://nadia.nic.in/PanchayatElection08/Delimitation/Ranaghat-I/Ramnagar-II.pdf,20090410072332,2026-09-07T07:46:44.118638+00:00,nadia.nic.in,downloaded,56304,a2d109f3242c4cbafc5028a6734465a07809d0f52adb67b940db2073ffc4001b
nadia_ScheduleB1_ea11276a.pdf,http://nadia.nic.in/PanchayatElection08/Delimitation/Ranaghat-I/ScheduleB1.pdf,https://web.archive.org/web/20090410075126id_/http://nadia.nic.in/PanchayatElection08/Delimitation/Ranaghat-I/ScheduleB1.pdf,20090410075126,2026-09-07T07:46:49.817792+00:00,nadia.nic.in,downloaded,74102,2b8c24da0e5d1df68ed8163b88827ac3680f2e68411fa2b0a314519e2f507d84
nadia_Tarapur_d8d660c2.pdf,http://nadia.nic.in/PanchayatElection08/Delimitation/Ranaghat-I/Tarapur.pdf,https://web.archive.org/web/20090410075329id_/http://nadia.nic.in/PanchayatElection08/Delimitation/Ranaghat-I/Tarapur.pdf,20090410075329,2026-09-06,nadia.nic.in,downloaded,72399,a400cbf6201e85a51890710a810aec406aa7065854836c13591cd05bc883ead8
nadia_Anismali_78392ea1.pdf,http://nadia.nic.in/PanchayatElection08/Delimitation/Ranaghat-II/Anismali.pdf,https://web.archive.org/web/20090410073517id_/http://nadia.nic.in/PanchayatElection08/Delimitation/Ranaghat-II/Anismali.pdf,20090410073517,2026-09-07T07:46:55.591130+00:00,nadia.nic.in,downloaded,38836,92fc19b4f40618e0981365a144a1139c4f7132665bc3e29a6e83cd069293f537
nadia_Aranghata_3845e376.pdf,http://nadia.nic.in/PanchayatElection08/Delimitation/Ranaghat-II/Aranghata.pdf,http://web.archive.org/web/20090410074545id_/http://nadia.nic.in/PanchayatElection08/Delimitation/Ranaghat-II/Aranghata.pdf,20090410074545,2026-09-07,nadia.nic.in,"HTTPConnectionPool(host='web.archive.org', port=80): Max retries exceeded with url: /web/20090410074545id_/http://nadia.nic.in/PanchayatElection08/Delimitation/Ranaghat-II/Aranghata.pdf (Caused by NewConnectionError(""HTTPConnection(host='web.archive.org', port=80): Failed to establish a new connection: [Errno 61] Connection refused""))",,
nadia_Bahirgachhi_32f30d2c.pdf,http://nadia.nic.in/PanchayatElection08/Delimitation/Ranaghat-II/Bahirgachhi.pdf,https://web.archive.org/web/20090410073632id_/http://nadia.nic.in/PanchayatElection08/Delimitation/Ranaghat-II/Bahirgachhi.pdf,20090410073632,2026-09-07T07:47:11.619771+00:00,nadia.nic.in,downloaded,39091,fee517313a3b152870853067d8e2c5b7615591d850a5661c46a106e172aa5a0b
nadia_Baidyapur-I_1fae5b52.pdf,http://nadia.nic.in/PanchayatElection08/Delimitation/Ranaghat-II/Baidyapur-I.pdf,http://web.archive.org/web/20090410073146id_/http://nadia.nic.in/PanchayatElection08/Delimitation/Ranaghat-II/Baidyapur-I.pdf,20090410073146,2026-09-07T07:47:22.329143+00:00,nadia.nic.in,downloaded,38942,9cc37a5481a4bc0e6a992d83cb7f57ad737c8045515cae8fccc990233bf4e3ad
nadia_Baidyapur-II_e86ebeb3.pdf,http://nadia.nic.in/PanchayatElection08/Delimitation/Ranaghat-II/Baidyapur-II.pdf,https://web.archive.org/web/20090410072230id_/http://nadia.nic.in/PanchayatElection08/Delimitation/Ranaghat-II/Baidyapur-II.pdf,20090410072230,2026-09-07T07:47:28.434637+00:00,nadia.nic.in,downloaded,39008,14036bd8770da7a605a6546e6d6b434cec3e60f22d0ddc9fe1b481174fe5672b
nadia_Debagram_ca21d926.pdf,http://nadia.nic.in/PanchayatElection08/Delimitation/Ranaghat-II/Debagram.pdf,http://web.archive.org/web/20090410073739id_/http://nadia.nic.in/PanchayatElection08/Delimitation/Ranaghat-II/Debagram.pdf,20090410073739,2026-09-07T07:47:39.030261+00:00,nadia.nic.in,downloaded,39601,4ba8911f307359abee66736d8cbf0f38f22bd9acbf6ab92e383c8f2657cb4d7a
nadia_Duttapulia_ca44390b.pdf,http://nadia.nic.in/PanchayatElection08/Delimitation/Ranaghat-II/Duttapulia.pdf,https://web.archive.org/web/20090410072052id_/http://nadia.nic.in/PanchayatElection08/Delimitation/Ranaghat-II/Duttapulia.pdf,20090410072052,2026-09-07T07:47:47.422901+00:00,nadia.nic.in,downloaded,40706,c7600efc0b6d37af596235dd31aee062dbffe0ebfbfb84447c8d9f9f85635f05
nadia_Jugalkishore_ad648d2e.pdf,http://nadia.nic.in/PanchayatElection08/Delimitation/Ranaghat-II/Jugalkishore.pdf,https://web.archive.org/web/20090410073352id_/http://nadia.nic.in/PanchayatElection08/Delimitation/Ranaghat-II/Jugalkishore.pdf,20090410073352,2026-09-06,nadia.nic.in,downloaded,38978,8e753c41d5bf8a06a9a91cceb9e3c828411920154357f8f5c2b3f4fe8ee5f778
nadia_Kamalpur_6444cbc2.pdf,http://nadia.nic.in/PanchayatElection08/Delimitation/Ranaghat-II/Kamalpur.pdf,https://web.archive.org/web/20090410075052id_/http://nadia.nic.in/PanchayatElection08/Delimitation/Ranaghat-II/Kamalpur.pdf,20090410075052,2026-09-07T07:47:53.434896+00:00,nadia.nic.in,downloaded,39426,1878c34342752182347d44dff75fd0e9ceb21d16b53beed7f026366082520439
nadia_Majhergram_9d390213.pdf,http://nadia.nic.in/PanchayatElection08/Delimitation/Ranaghat-II/Majhergram.pdf,https://web.archive.org/web/20090410073644id_/http://nadia.nic.in/PanchayatElection08/Delimitation/Ranaghat-II/Majhergram.pdf,20090410073644,2026-09-07T07:48:00.619830+00:00,nadia.nic.in,downloaded,39417,c1047b0288b2b1e2cebde05ed89787a221a5f820d6add576db11667acf310796
nadia_Nokari_7d8a2a12.pdf,http://nadia.nic.in/PanchayatElection08/Delimitation/Ranaghat-II/Nokari.pdf,https://web.archive.org/web/20090410072753id_/http://nadia.nic.in/PanchayatElection08/Delimitation/Ranaghat-II/Nokari.pdf,20090410072753,2026-09-06,nadia.nic.in,downloaded,38907,d952474e6435348f19cfd9984385af4d848e4a41a5cc9e81e7dc01ca42473f31
nadia_R-Hijuli-I_cdaddaad.pdf,http://nadia.nic.in/PanchayatElection08/Delimitation/Ranaghat-II/R-Hijuli-I.pdf,https://web.archive.org/web/20090410074115id_/http://nadia.nic.in/PanchayatElection08/Delimitation/Ranaghat-II/R-Hijuli-I.pdf,20090410074115,2026-09-06,nadia.nic.in,downloaded,39077,cb81edf6eddf091071c83332da85ee4afd0047a8049f9da9c09c93f6827cde0b
nadia_R-HIjuli-II_f1e36aa3.pdf,http://nadia.nic.in/PanchayatElection08/Delimitation/Ranaghat-II/R-HIjuli-II.pdf,http://web.archive.org/web/20090410072202id_/http://nadia.nic.in/PanchayatElection08/Delimitation/Ranaghat-II/R-HIjuli-II.pdf,20090410072202,2026-09-07T07:48:11.837945+00:00,nadia.nic.in,downloaded,38030,fb971c8efc16fc1f46557f3b940200b7cddbe25b156a64b8b017002f48e185ff
nadia_Shyamnagar_6ec2319a.pdf,http://nadia.nic.in/PanchayatElection08/Delimitation/Ranaghat-II/Shyamnagar.pdf,http://web.archive.org/web/20090410074707id_/http://nadia.nic.in/PanchayatElection08/Delimitation/Ranaghat-II/Shyamnagar.pdf,20090410074707,2026-09-07T07:48:22.252743+00:00,nadia.nic.in,downloaded,38948,b83bf95c6400d00af4f957800a2c8084a02aba7d15dad047f1f72b60ca66b319
nadia_ORDER_A1_89e10d5b.pdf,http://nadia.nic.in/PanchayatElection08/Delimitation/Santipur/ORDER_A1.pdf,https://web.archive.org/web/20090410073318id_/http://nadia.nic.in/PanchayatElection08/Delimitation/Santipur/ORDER_A1.pdf,20090410073318,2026-09-07T07:48:27.978623+00:00,nadia.nic.in,downloaded,51570,42ccb061bd5af5f6b48cb252cefd97901261cf5f4cc1865bfdcfc331058c11d2
nadia_ORDER_B1_cd327206.pdf,http://nadia.nic.in/PanchayatElection08/Delimitation/Santipur/ORDER_B1.pdf,http://web.archive.org/web/20090410072839id_/http://nadia.nic.in/PanchayatElection08/Delimitation/Santipur/ORDER_B1.pdf,20090410072839,2026-09-07T07:48:39.046439+00:00,nadia.nic.in,downloaded,46240,877d45ec4752a4a2fed8a9e7a030a21071e3fef412c04c937ebb8bafa2e7278a
nadia_Schedule-A1_72e4ab9c.pdf,http://nadia.nic.in/PanchayatElection08/Delimitation/Santipur/Schedule-A1.pdf,https://web.archive.org/web/20090410072651id_/http://nadia.nic.in/PanchayatElection08/Delimitation/Santipur/Schedule-A1.pdf,20090410072651,2026-09-07T07:48:44.641772+00:00,nadia.nic.in,downloaded,191835,369cbe36fc9ffd771126a5e71171b210664c8a9925fc28ea267b2677e139ee13
nadia_Schedule-B1_83189d27.pdf,http://nadia.nic.in/PanchayatElection08/Delimitation/Santipur/Schedule-B1.pdf,http://web.archive.org/web/20090410072816id_/http://nadia.nic.in/PanchayatElection08/Delimitation/Santipur/Schedule-B1.pdf,20090410072816,2026-09-07T07:48:55.945476+00:00,nadia.nic.in,downloaded,76476,a042a305b5b4ffbeaf05aa781d2105e562807af63f70f9e34a44c00263f4d300
nadia_Betai-I_646cd5d0.pdf,http://nadia.nic.in/PanchayatElection08/Delimitation/Tehatta-I/Betai-I.pdf,https://web.archive.org/web/20090410073428id_/http://nadia.nic.in/PanchayatElection08/Delimitation/Tehatta-I/Betai-I.pdf,20090410073428,2026-09-07T07:49:01.411100+00:00,nadia.nic.in,downloaded,38175,5a55fd96a4f41c475e10dadc105d96056d9f6a9888d8b3dce9892d97e2bb65eb
nadia_Betai-II_c3a98bcd.pdf,http://nadia.nic.in/PanchayatElection08/Delimitation/Tehatta-I/Betai-II.pdf,https://web.archive.org/web/20090410073534id_/http://nadia.nic.in/PanchayatElection08/Delimitation/Tehatta-I/Betai-II.pdf,20090410073534,2026-09-07T07:49:07.163726+00:00,nadia.nic.in,downloaded,37370,60878684c5f53a6d1a85d81c5cd3080dc30258d917a289b75070b42f1cc66812
nadia_Chanderghat_c1e11ea3.pdf,http://nadia.nic.in/PanchayatElection08/Delimitation/Tehatta-I/Chanderghat.pdf,https://web.archive.org/web/20090410073103id_/http://nadia.nic.in/PanchayatElection08/Delimitation/Tehatta-I/Chanderghat.pdf,20090410073103,2026-09-06,nadia.nic.in,downloaded,37085,40c23f9259fa83244c08b68ff7c7ba57a5bddfafc5632b4caf608aeabcd1c8c6
nadia_Chhitka_8ef41e1e.pdf,http://nadia.nic.in/PanchayatElection08/Delimitation/Tehatta-I/Chhitka.pdf,http://web.archive.org/web/20090410075354id_/http://nadia.nic.in/PanchayatElection08/Delimitation/Tehatta-I/Chhitka.pdf,20090410075354,2026-09-07T07:49:19.951861+00:00,nadia.nic.in,downloaded,41245,78e19c196a80da5cb3a709a0d8b98bce096d26755a40109d28a907f377089593
nadia_Kanainagar_42eb2ed1.pdf,http://nadia.nic.in/PanchayatElection08/Delimitation/Tehatta-I/Kanainagar.pdf,https://web.archive.org/web/20090410073804id_/http://nadia.nic.in/PanchayatElection08/Delimitation/Tehatta-I/Kanainagar.pdf,20090410073804,2026-09-07T07:49:26.678400+00:00,nadia.nic.in,downloaded,39687,d6deba152707b2177983cbefad8dc94a641b809db18ba4fe1b7b188d7d3568c3
nadia_Natna_1ae6f7bd.pdf,http://nadia.nic.in/PanchayatElection08/Delimitation/Tehatta-I/Natna.pdf,http://web.archive.org/web/20090410073039id_/http://nadia.nic.in/PanchayatElection08/Delimitation/Tehatta-I/Natna.pdf,20090410073039,2026-09-07T07:49:37.418593+00:00,nadia.nic.in,downloaded,38111,d931888ec948c2df4550ca16261c33b8c72c5e257ca27d3a07dc080fe4fb522c
nadia_Order_20A1_3d01c8a0.pdf,http://nadia.nic.in/PanchayatElection08/Delimitation/Tehatta-I/Order%20A1.pdf,https://web.archive.org/web/20090410075634id_/http://nadia.nic.in/PanchayatElection08/Delimitation/Tehatta-I/Order%20A1.pdf,20090410075634,2026-09-06,nadia.nic.in,downloaded,58924,3958b53374c9b8faa5dd3eb5b2ac26d2a75eb989242d3a6d7c03fc7c5e3b02f3
nadia_Order_20B1_55cae479.pdf,http://nadia.nic.in/PanchayatElection08/Delimitation/Tehatta-I/Order%20B1.pdf,https://web.archive.org/web/20090410074439id_/http://nadia.nic.in/PanchayatElection08/Delimitation/Tehatta-I/Order%20B1.pdf,20090410074439,2026-09-07T07:49:43.186540+00:00,nadia.nic.in,downloaded,72254,7beb7250477a8a4bf342861b0a7e47709cd0d573fa4be9899f7c358c0a379e65
nadia_PanchayatSamity_2781e82c.pdf,http://nadia.nic.in/PanchayatElection08/Delimitation/Tehatta-I/PanchayatSamity.pdf,http://web.archive.org/web/20090410073845id_/http://nadia.nic.in/PanchayatElection08/Delimitation/Tehatta-I/PanchayatSamity.pdf,20090410073845,2026-09-07T07:49:54.578677+00:00,nadia.nic.in,downloaded,48212,58f0bfbe020acc035d55e3df2ae279a7db6e3086ec3dfdd5aefb6c60a641fdea
nadia_Patharghata-I_88e201b1.pdf,http://nadia.nic.in/PanchayatElection08/Delimitation/Tehatta-I/Patharghata-I.pdf,http://web.archive.org/web/20090410074228id_/http://nadia.nic.in/PanchayatElection08/Delimitation/Tehatta-I/Patharghata-I.pdf,20090410074228,2026-09-07,nadia.nic.in,downloaded,36019,0b26755f32d3bd6efca1251ba47d224ca1f33a8ac76cc25dad7e4841b9652270
nadia_Patharghata-II_0e8021f1.pdf,http://nadia.nic.in/PanchayatElection08/Delimitation/Tehatta-I/Patharghata-II.pdf,https://web.archive.org/web/20090410072042id_/http://nadia.nic.in/PanchayatElection08/Delimitation/Tehatta-I/Patharghata-II.pdf,20090410072042,2026-09-06,nadia.nic.in,downloaded,37850,57af08e3978d3ea9bb58b4dbfd47154dab921629fa0b3dc68bd88dff99685b1b
nadia_Raghunathpur_76aa3d98.pdf,http://nadia.nic.in/PanchayatElection08/Delimitation/Tehatta-I/Raghunathpur.pdf,http://web.archive.org/web/20090410072405id_/http://nadia.nic.in/PanchayatElection08/Delimitation/Tehatta-I/Raghunathpur.pdf,20090410072405,2026-09-07T07:50:05.549503+00:00,nadia.nic.in,downloaded,37981,cb151b3ec1b54ece333862a681b3c6f9e7ca2f038fb0fdef5423dfcd9b5e08a1
nadia_Shyamnagar_01ae09b5.pdf,http://nadia.nic.in/PanchayatElection08/Delimitation/Tehatta-I/Shyamnagar.pdf,http://web.archive.org/web/20090410074217id_/http://nadia.nic.in/PanchayatElection08/Delimitation/Tehatta-I/Shyamnagar.pdf,20090410074217,2026-09-07,nadia.nic.in,downloaded,38974,64c3f7ae34d4eb25fd19c10e830bf8ffbb9be4d04f95ba14ce1d64f30cf84939
nadia_Tehatta_d0cc01dc.pdf,http://nadia.nic.in/PanchayatElection08/Delimitation/Tehatta-I/Tehatta.pdf,http://web.archive.org/web/20090410075536id_/http://nadia.nic.in/PanchayatElection08/Delimitation/Tehatta-I/Tehatta.pdf,20090410075536,2026-09-07,nadia.nic.in,downloaded,38093,e83f6349be62f5e8315abdc7622a948d994393383ee377e3a825808e141a4cbc
nadia_FORM-B1_24cd840f.pdf,http://nadia.nic.in/PanchayatElection08/Delimitation/Tehatta-II/FORM-B1.pdf,http://web.archive.org/web/20090410073223id_/http://nadia.nic.in/PanchayatElection08/Delimitation/Tehatta-II/FORM-B1.pdf,20090410073223,2026-09-07,nadia.nic.in,downloaded,44178,db5041a10ee61253da26951396b9c09054bf2b580018d17b73a6f4e5503e8a4e
nadia_FORMA-BARNIA_1dc50808.pdf,http://nadia.nic.in/PanchayatElection08/Delimitation/Tehatta-II/FORMA-BARNIA.pdf,http://web.archive.org/web/20090410075102id_/http://nadia.nic.in/PanchayatElection08/Delimitation/Tehatta-II/FORMA-BARNIA.pdf,20090410075102,2026-09-07,nadia.nic.in,downloaded,47789,9b8df947f54cf14b8d5e82ba7c6faa7ed510f532fa1658c829254fc1a03fcac4
nadia_FormA-GOPINATHPUR_f6ebf3a9.pdf,http://nadia.nic.in/PanchayatElection08/Delimitation/Tehatta-II/FormA-GOPINATHPUR.pdf,http://web.archive.org/web/20090410075547id_/http://nadia.nic.in/PanchayatElection08/Delimitation/Tehatta-II/FormA-GOPINATHPUR.pdf,20090410075547,2026-09-07,nadia.nic.in,downloaded,46870,565d2a2ba006bd9cdec0f1a9e309515eccb698ff2506e9b5e33da8dd5f503d85
nadia_FORMA-HANSPUKURIA_def437c4.pdf,http://nadia.nic.in/PanchayatElection08/Delimitation/Tehatta-II/FORMA-HANSPUKURIA.pdf,http://web.archive.org/web/20090410072829id_/http://nadia.nic.in/PanchayatElection08/Delimitation/Tehatta-II/FORMA-HANSPUKURIA.pdf,20090410072829,2026-09-07,nadia.nic.in,downloaded,47577,c026c892a062afa8bc50c1f44512c83c4a677df8e7c10953e3144171b6bc659f
nadia_FORMA-PALASHIPARA_980e8c8c.pdf,http://nadia.nic.in/PanchayatElection08/Delimitation/Tehatta-II/FORMA-PALASHIPARA.pdf,http://web.archive.org/web/20090410071943id_/http://nadia.nic.in/PanchayatElection08/Delimitation/Tehatta-II/FORMA-PALASHIPARA.pdf,20090410071943,2026-09-07,nadia.nic.in,downloaded,50325,52046c8af6e3cbd8bf33e3d589eef24d23f27140f0ce6107a94d48d025f59aa5
nadia_FORMA-PALSUNDA-I_60ce942a.pdf,http://nadia.nic.in/PanchayatElection08/Delimitation/Tehatta-II/FORMA-PALSUNDA-I.pdf,https://web.archive.org/web/20090410074931id_/http://nadia.nic.in/PanchayatElection08/Delimitation/Tehatta-II/FORMA-PALSUNDA-I.pdf,20090410074931,2026-09-06,nadia.nic.in,downloaded,44782,97900fea0ac486e7cb4f73cd08fed4fc4b243c8e601143d2eacf81241c37c3f6
nadia_FORMA-palsunda-II_f39c35b3.pdf,http://nadia.nic.in/PanchayatElection08/Delimitation/Tehatta-II/FORMA-palsunda-II.pdf,http://web.archive.org/web/20090410074747id_/http://nadia.nic.in/PanchayatElection08/Delimitation/Tehatta-II/FORMA-palsunda-II.pdf,20090410074747,2026-09-07,nadia.nic.in,downloaded,45597,1da8291e9ca16f2d733b78358f288cdad36f571c10531adf5636910100766f73
nadia_FORMA-SAHEBNAGAR_63bf3341.pdf,http://nadia.nic.in/PanchayatElection08/Delimitation/Tehatta-II/FORMA-SAHEBNAGAR.pdf,http://web.archive.org/web/20090410075240id_/http://nadia.nic.in/PanchayatElection08/Delimitation/Tehatta-II/FORMA-SAHEBNAGAR.pdf,20090410075240,2026-09-07,nadia.nic.in,downloaded,50508,1dad5bfe02f59da575c63336a601e42c40ebff2482b9237f7cc93bf7b96d0c05
nadia_Order-A1_40c0337b.pdf,http://nadia.nic.in/PanchayatElection08/Delimitation/Tehatta-II/Order-A1.pdf,http://web.archive.org/web/20090410072557id_/http://nadia.nic.in/PanchayatElection08/Delimitation/Tehatta-II/Order-A1.pdf,20090410072557,2026-09-07,nadia.nic.in,downloaded,60032,a053032d669b1217c45ff7b13237fb884a3c879022285f940dae4093430fbace
nadia_Order-B1_b72de417.pdf,http://nadia.nic.in/PanchayatElection08/Delimitation/Tehatta-II/Order-B1.pdf,http://web.archive.org/web/20090410074302id_/http://nadia.nic.in/PanchayatElection08/Delimitation/Tehatta-II/Order-B1.pdf,20090410074302,2026-09-07,nadia.nic.in,downloaded,76873,72ec4fd39164e00b40221f99b53ae06953572e2ac5602cc9327fc979538fe3d4
coochbehar_FormACOB1_521a5f82.pdf,http://coochbehar.nic.in:80/PanchayatElection2018/FormACOB1.pdf,http://web.archive.org/web/20180403132643id_/http://coochbehar.nic.in:80/PanchayatElection2018/FormACOB1.pdf,20180403132643,2026-09-07,coochbehar.nic.in,downloaded,262602,8db07ee59dedcb67080b617e46804f6a10f4e7958a4ba9ea940e8c2ebed105b7
coochbehar_FormACOB2_97d57c3b.pdf,http://coochbehar.nic.in:80/PanchayatElection2018/FormACOB2.pdf,http://web.archive.org/web/20180403132647id_/http://coochbehar.nic.in:80/PanchayatElection2018/FormACOB2.pdf,20180403132647,2026-09-07,coochbehar.nic.in,downloaded,772628,9ad7c5ef82ff484a9cd992a4443572f48bd534d17ac69aed7436ddd451adf80b
coochbehar_FormADHT1_d5ee1d8b.pdf,http://coochbehar.nic.in:80/PanchayatElection2018/FormADHT1.pdf,http://web.archive.org/web/20180403132653id_/http://coochbehar.nic.in:80/PanchayatElection2018/FormADHT1.pdf,20180403132653,2026-09-07,coochbehar.nic.in,downloaded,448597,51432df183127099c76e9ec10096c6b2bc1fe32fa593a7e30fc0f1e499cdbeff
coochbehar_FormADHT2_1cde43a9.pdf,http://coochbehar.nic.in:80/PanchayatElection2018/FormADHT2.pdf,http://web.archive.org/web/20180403132856id_/http://coochbehar.nic.in:80/PanchayatElection2018/FormADHT2.pdf,20180403132856,2026-09-07,coochbehar.nic.in,downloaded,165365,1e7d46f761b8c7f96722aaaf8f05024668ef711e3410d16f5b1398853529cec9
coochbehar_FormAHLD_11814a4c.pdf,http://coochbehar.nic.in:80/PanchayatElection2018/FormAHLD.pdf,http://web.archive.org/web/20180403132657id_/http://coochbehar.nic.in:80/PanchayatElection2018/FormAHLD.pdf,20180403132657,2026-09-07,coochbehar.nic.in,downloaded,672101,322dc67452dd45e56c29ff2c3cccda261d7dc9e249953a222382152572c5e816
coochbehar_FormAMKG_df37960f.pdf,http://coochbehar.nic.in:80/PanchayatElection2018/FormAMKG.pdf,https://web.archive.org/web/20180403132702id_/http://coochbehar.nic.in/PanchayatElection2018/FormAMKG.pdf,20180403132702,2026-09-07,coochbehar.nic.in,downloaded,167073,260c92b19330c502965235c0c499166be83561afac8c25f0a604078f89e0acbb
coochbehar_FormAMTB1_a8f9d10f.pdf,http://coochbehar.nic.in:80/PanchayatElection2018/FormAMTB1.pdf,https://web.archive.org/web/20180403132708id_/http://coochbehar.nic.in/PanchayatElection2018/FormAMTB1.pdf,20180403132708,2026-09-07,coochbehar.nic.in,downloaded,586479,6b9a81d854f091d10b65a91bc9fa94a194d1738b7d350ca922cf1f2bf002f61d
coochbehar_FormAMTB2_7ab2f256.pdf,http://coochbehar.nic.in:80/PanchayatElection2018/FormAMTB2.pdf,https://web.archive.org/web/20180403132902id_/http://coochbehar.nic.in/PanchayatElection2018/FormAMTB2.pdf,20180403132902,2026-09-07,coochbehar.nic.in,downloaded,285776,67e4bb03d66351d13588444fcfce63de5529162f79061376acdcc66f152527be
coochbehar_FormASitai_04f4d948.pdf,http://coochbehar.nic.in:80/PanchayatElection2018/FormASitai.pdf,https://web.archive.org/web/20180403132908id_/http://coochbehar.nic.in/PanchayatElection2018/FormASitai.pdf,20180403132908,2026-09-07,coochbehar.nic.in,downloaded,679408,ae19f4dc5dba4c457410819518c121a5aec1992ba6d99388d9aa98cdba9d6d37
coochbehar_FormASLK_1e04d64c.pdf,http://coochbehar.nic.in:80/PanchayatElection2018/FormASLK.pdf,https://web.archive.org/web/20180403132712id_/http://coochbehar.nic.in/PanchayatElection2018/FormASLK.pdf,20180403132712,2026-09-07,coochbehar.nic.in,downloaded,172314,69e956c460d14bfbe957a8209d869610fffbd70736f1810f50734968bc669bd7
coochbehar_FormATFG1_ed110f26.pdf,http://coochbehar.nic.in:80/PanchayatElection2018/FormATFG1.pdf,https://web.archive.org/web/20180403132717id_/http://coochbehar.nic.in/PanchayatElection2018/FormATFG1.pdf,20180403132717,2026-09-07,coochbehar.nic.in,downloaded,213206,afc0fdd4502936e9861d2df42d581ba5cfc13250cae443c7ba50861b9f2c957f
coochbehar_FormATFG2_372686b0.pdf,http://coochbehar.nic.in:80/PanchayatElection2018/FormATFG2.pdf,https://web.archive.org/web/20180403132723id_/http://coochbehar.nic.in/PanchayatElection2018/FormATFG2.pdf,20180403132723,2026-09-07,coochbehar.nic.in,downloaded,314305,3db16d0964230d72e3e93bb9c014a31de56a1816429cdbacede59105ddaf0f1d
coochbehar_FormBCOB1_6d5aedcd.pdf,http://coochbehar.nic.in:80/PanchayatElection2018/FormBCOB1.pdf,https://web.archive.org/web/20180403132728id_/http://coochbehar.nic.in/PanchayatElection2018/FormBCOB1.pdf,20180403132728,2026-09-07,coochbehar.nic.in,downloaded,358097,7ad8f4b1d88effc2ab1ec8f56bdf23a7b96d2d14f8691dddb6d4a13f294c7e15
coochbehar_FormBCOB2_dcb6371b.pdf,http://coochbehar.nic.in:80/PanchayatElection2018/FormBCOB2.pdf,https://web.archive.org/web/20180403132912id_/http://coochbehar.nic.in/PanchayatElection2018/FormBCOB2.pdf,20180403132912,2026-09-07,coochbehar.nic.in,downloaded,517903,959b10bf3293cd4904556db000ee8d1fdb7043ec7acf2513331bb26c44ac49a9
coochbehar_FormBDHT1_73ad0791.pdf,http://coochbehar.nic.in:80/PanchayatElection2018/FormBDHT1.pdf,https://web.archive.org/web/20180403132917id_/http://coochbehar.nic.in/PanchayatElection2018/FormBDHT1.pdf,20180403132917,2026-09-07,coochbehar.nic.in,downloaded,176354,bc9ff0f153074cadd6d02b2f73f4bdd0f4d84c2c4bfbece64cda23dcc82d5b2b
coochbehar_FormBDHT2_12a8d5c9.pdf,http://coochbehar.nic.in:80/PanchayatElection2018/FormBDHT2.pdf,https://web.archive.org/web/20180403132921id_/http://coochbehar.nic.in/PanchayatElection2018/FormBDHT2.pdf,20180403132921,2026-09-07,coochbehar.nic.in,downloaded,76498,474d41a821254f4c61c48dc3d4bb482f4f6834011d44e5818531f95c4303013c
coochbehar_FormBHLD_86668c52.pdf,http://coochbehar.nic.in:80/PanchayatElection2018/FormBHLD.pdf,https://web.archive.org/web/20180403132927id_/http://coochbehar.nic.in/PanchayatElection2018/FormBHLD.pdf,20180403132927,2026-09-07,coochbehar.nic.in,downloaded,126816,6ef443e83c85ece9eed5c46ac452a90b901e195cb6332c4fe9a86a4a35a72088
coochbehar_FormBMKG_22ccf1ed.pdf,http://coochbehar.nic.in:80/PanchayatElection2018/FormBMKG.pdf,https://web.archive.org/web/20180403132933id_/http://coochbehar.nic.in/PanchayatElection2018/FormBMKG.pdf,20180403132933,2026-09-07,coochbehar.nic.in,downloaded,49855,ca3d59494ad072850b4d1da51d0b772b25f731c8109431e33c6d069978cb2de3
coochbehar_FormBMTB1_e6cdd7ad.pdf,http://coochbehar.nic.in:80/PanchayatElection2018/FormBMTB1.pdf,https://web.archive.org/web/20180403132937id_/http://coochbehar.nic.in/PanchayatElection2018/FormBMTB1.pdf,20180403132937,2026-09-07,coochbehar.nic.in,downloaded,60648,739fa06b3cf56237039b4ef5dbbb5b851a5d1df602a1858f3e866e529c79df85
coochbehar_FormBMTB2_9bb48a39.pdf,http://coochbehar.nic.in:80/PanchayatElection2018/FormBMTB2.pdf,https://web.archive.org/web/20180403132733id_/http://coochbehar.nic.in/PanchayatElection2018/FormBMTB2.pdf,20180403132733,2026-09-07,coochbehar.nic.in,downloaded,53616,8c34e22257a4393b7f33f275ee3af0ba981b840ceac90b318e4a967211bad7a1
coochbehar_FormBSitai_0eda5b25.pdf,http://coochbehar.nic.in:80/PanchayatElection2018/FormBSitai.pdf,https://web.archive.org/web/20180403132744id_/http://coochbehar.nic.in/PanchayatElection2018/FormBSitai.pdf,20180403132744,2026-09-07,coochbehar.nic.in,downloaded,147701,68ca8d2e993415d0b1c0fcd72930fb2f68721fa113f1cbc24842d0015ac64c3f
coochbehar_FormBSLK_4200cdad.pdf,http://coochbehar.nic.in:80/PanchayatElection2018/FormBSLK.pdf,https://web.archive.org/web/20180403132737id_/http://coochbehar.nic.in/PanchayatElection2018/FormBSLK.pdf,20180403132737,2026-09-07,coochbehar.nic.in,downloaded,257160,3f3a690cd0aeb7b2b7880489a8bf6ce25d0f3811f6195b467ed8b63174f18e3d
coochbehar_FormBTFG1_3be72cef.pdf,http://coochbehar.nic.in:80/PanchayatElection2018/FormBTFG1.pdf,https://web.archive.org/web/20180403132750id_/http://coochbehar.nic.in/PanchayatElection2018/FormBTFG1.pdf,20180403132750,2026-09-07,coochbehar.nic.in,downloaded,420071,03a43d88e6a1545e035b50a97acbfa62383bfab88ffad8832fcea06aa82d8e14
coochbehar_FormBTFG2_ffc2ecd6.pdf,http://coochbehar.nic.in:80/PanchayatElection2018/FormBTFG2.pdf,https://web.archive.org/web/20180403133041id_/http://coochbehar.nic.in/PanchayatElection2018/FormBTFG2.pdf,20180403133041,2026-09-07,coochbehar.nic.in,downloaded,162850,85c0a1559afec3fc1f1b25c5483e4c7a34d706724e435e1d85c0c40f1ca31e2e
coochbehar_GP_Result170518_5bf9951d.pdf,http://coochbehar.nic.in/PanchayatElection2018/GP_Result170518.pdf,https://web.archive.org/web/20220619005645id_/http://coochbehar.nic.in/PanchayatElection2018/GP_Result170518.pdf,20220619005645,2026-09-07T07:50:11.934453+00:00,coochbehar.nic.in,downloaded,105721,9084e88feda8537a1d991cad2f8ce735e4a26c8710fd6817ae84dbe6ec6e76ce
coochbehar_PS_Result170518_a318f84f.pdf,http://coochbehar.nic.in/PanchayatElection2018/PS_Result170518.pdf,https://web.archive.org/web/20220619010758id_/http://coochbehar.nic.in/PanchayatElection2018/PS_Result170518.pdf,20220619010758,2026-09-07T07:50:22.174118+00:00,coochbehar.nic.in,downloaded,105502,244123b2defca821890e0fcdfe22f850878651807cbbf76e6c714214ea1fc0fb
coochbehar_ZP_Result170518_8d55d0b7.pdf,http://coochbehar.nic.in/PanchayatElection2018/ZP_Result170518.pdf,https://web.archive.org/web/20220619021437id_/http://coochbehar.nic.in/PanchayatElection2018/ZP_Result170518.pdf,20220619021437,2026-09-07T07:50:28.523759+00:00,coochbehar.nic.in,downloaded,104443,70735151967b0d420a8c7508a9c22bfe2f9be3ba0042fac510a4d073b363017f
alipurduar_AT_A_GLANCE_a5fb489b.pdf,http://alipurduar.gov.in:80/PanchayatGeneralElection2018/AT_A_GLANCE.pdf,http://web.archive.org/web/20180412191627id_/http://alipurduar.gov.in:80/PanchayatGeneralElection2018/AT_A_GLANCE.pdf,20180412191627,2026-09-07,alipurduar.gov.in,downloaded,37326,b49d17531e69ad192a9c0cd0548b6126fb64a2741a68444e72d663840f066501
alipurduar_CONSTITUENCY_5fe98655.pdf,http://alipurduar.gov.in:80/PanchayatGeneralElection2018/CONSTITUENCY.pdf,https://web.archive.org/web/20180412191631id_/http://alipurduar.gov.in/PanchayatGeneralElection2018/CONSTITUENCY.pdf,20180412191631,2026-09-07,alipurduar.gov.in,downloaded,335724,fd2063117af535c39b67f049573eb3ff1a8fcea3df4ba8c56deb6f6979cdba59
alipurduar_ContestingCandidate_786d71d9.pdf,http://alipurduar.gov.in/PanchayatGeneralElection2018/ContestingCandidate.pdf,http://web.archive.org/web/20220703131818id_/http://alipurduar.gov.in/PanchayatGeneralElection2018/ContestingCandidate.pdf,20220703131818,2026-09-07T07:50:42.340356+00:00,alipurduar.gov.in,downloaded,87438,a437b52f4a809130e0a936420da7dd7e0c4e10ce794126732b11ef54cccd3265
alipurduar_finalnomination23042018_c98e1aad.pdf,http://alipurduar.gov.in/PanchayatGeneralElection2018/finalnomination23042018.pdf,http://web.archive.org/web/20220703131830id_/http://alipurduar.gov.in/PanchayatGeneralElection2018/finalnomination23042018.pdf,20220703131830,2026-09-07T07:50:53.769059+00:00,alipurduar.gov.in,downloaded,552261,40d7fe1809b78a570ac7d2892ab462b6181fa6f36cc0a4e0952574b3ff12db58
alipurduar_FinalResultofPGE2018_7d2b9a8f.zip,http://alipurduar.gov.in/PanchayatGeneralElection2018/FinalResultofPGE2018.zip,http://web.archive.org/web/20220703131738id_/http://alipurduar.gov.in/PanchayatGeneralElection2018/FinalResultofPGE2018.zip,20220703131738,2026-09-07,alipurduar.gov.in,downloaded,42966509,b1be3f46beb4ba85e3768c9fa45c06c272587f09d07351dd4f7bb3fd69a62ca4
alipurduar_OfficeBearer_a3ef850d.pdf,http://alipurduar.gov.in:80/PanchayatGeneralElection2018/OfficeBearer.pdf,https://web.archive.org/web/20180412195129id_/http://alipurduar.gov.in/PanchayatGeneralElection2018/OfficeBearer.pdf,20180412195129,2026-09-07,alipurduar.gov.in,downloaded,6046395,0e5a4e266527973820c56229f712cc7f093670ef61179177f61face3369fa734
alipurduar_Reort_20on_20Single_20or_20No_20valid_20Nominations25042018_a6c525a7.pdf,http://alipurduar.gov.in/PanchayatGeneralElection2018/Reort%20on%20Single%20or%20No%20valid%20Nominations25042018.pdf,https://web.archive.org/web/20220703131838id_/http://alipurduar.gov.in/PanchayatGeneralElection2018/Reort%20on%20Single%20or%20No%20valid%20Nominations25042018.pdf,20220703131838,2026-09-07T07:50:59.999685+00:00,alipurduar.gov.in,downloaded,152031,6033e8192d72e9570c4e8d2db3250f3be58c46ad6394d82bb4284b13af5e537c
alipurduar_ReportonSingleNIL_ValidNominations_5e34b1f4.pdf,http://alipurduar.gov.in/PanchayatGeneralElection2018/ReportonSingleNIL_ValidNominations.pdf,https://web.archive.org/web/20220703131841id_/http://alipurduar.gov.in/PanchayatGeneralElection2018/ReportonSingleNIL_ValidNominations.pdf,20220703131841,2026-09-07T07:51:06.283397+00:00,alipurduar.gov.in,downloaded,147659,666b011e1453bd19b6b2a341a82c2497bd1521811464381758e10de2636556f0
alipurduar_SeatReservation_6ec10e5a.pdf,http://alipurduar.gov.in/PanchayatGeneralElection2018/SeatReservation.pdf,https://web.archive.org/web/20220703131903id_/http://alipurduar.gov.in/PanchayatGeneralElection2018/SeatReservation.pdf,20220703131903,2026-09-07,alipurduar.gov.in,downloaded,14485572,a17cf038a2e41d4afebf1724f19c90656dfc4eec40eccece3a3d3ced00ba795f
alipurduar_TotalUncontestedSeats_398a668c.pdf,http://alipurduar.gov.in/PanchayatGeneralElection2018/TotalUncontestedSeats.pdf,https://web.archive.org/web/20220703131823id_/http://alipurduar.gov.in/PanchayatGeneralElection2018/TotalUncontestedSeats.pdf,20220703131823,2026-09-07T07:51:12.082676+00:00,alipurduar.gov.in,downloaded,66776,f18b8e40f352bbc5cc47c5ed94edbfe99aa7d9ae2ae9fd9c5b30f8e6c1c65067
alipurduar_WithdrawalReport28042018_a3ac0d4f.pdf,http://alipurduar.gov.in/PanchayatGeneralElection2018/WithdrawalReport28042018.pdf,https://web.archive.org/web/20220703131826id_/http://alipurduar.gov.in/PanchayatGeneralElection2018/WithdrawalReport28042018.pdf,20220703131826,2026-09-07T07:51:18.527305+00:00,alipurduar.gov.in,downloaded,109122,ba5cf1446850e70efdd1f0e47480a24b70dfdddc6aa5da7b818b3dd9cb017b7b
s24pgs_1680-SEC-Gazette_Notification-Delimitation_reservation-South24Pgs_44754cc1.pdf,http://s24pgs.gov.in:80/s24p/pelec2018/1680-SEC-Gazette_Notification-Delimitation_reservation-South24Pgs.pdf,http://web.archive.org/web/20180417015435id_/http://s24pgs.gov.in/s24p/pelec2018/1680-SEC-Gazette_Notification-Delimitation_reservation-South24Pgs.pdf,20180417015435,2026-09-07,s24pgs.gov.in,downloaded,1824057,739fee6fff3de5ebc440f87ceb40e70e13abda3859653a8c30822d5bdf41b9d9
s24pgs_267-SEC-Form1D-Sabhadhipati_ReservationFO_834b6a56.pdf,http://s24pgs.gov.in:80/s24p/pelec2018/267-SEC-Form1D-Sabhadhipati_ReservationFO.pdf,http://web.archive.org/web/20180508182127id_/http://s24pgs.gov.in/s24p/pelec2018/267-SEC-Form1D-Sabhadhipati_ReservationFO.pdf,20180508182127,2026-09-07,s24pgs.gov.in,downloaded,471420,08d7b1fb879fc3799edbf725f8b7023e9f9c8e203b04e44de7d3d44c6954abbb
s24pgs_642_Form-1B_Pradhan_1_e6a3bc68.pdf,http://s24pgs.gov.in:80/s24p/pelec2018/642_Form-1B_Pradhan_1.pdf,https://web.archive.org/web/20180508055743id_/http://s24pgs.gov.in/s24p/pelec2018/642_Form-1B_Pradhan_1.pdf,20180508055743,2026-09-07,s24pgs.gov.in,downloaded,4105662,6fa2911868350033e421c3ec257144a9618feb0fe27c07c5116d6763be056973
s24pgs_643_Form-1B_Upa-Pradhan_1_752bf64d.pdf,http://s24pgs.gov.in:80/s24p/pelec2018/643_Form-1B_Upa-Pradhan_1.pdf,https://web.archive.org/web/20180508184043id_/http://s24pgs.gov.in/s24p/pelec2018/643_Form-1B_Upa-Pradhan_1.pdf,20180508184043,2026-09-07,s24pgs.gov.in,downloaded,2162854,2270d40b82f79fb05c96fc7a6b75205d2387407f6364ab0670604be7e2209c33
s24pgs_Form-1A_Pradhan_1_2ca5b798.pdf,http://s24pgs.gov.in:80/s24p/pelec2018/Form-1A_Pradhan_1.pdf,http://web.archive.org/web/20180508184050id_/http://s24pgs.gov.in/s24p/pelec2018/Form-1A_Pradhan_1.pdf,20180508184050,2026-09-07,s24pgs.gov.in,downloaded,4058799,aa876d838a4cb51d18cacb6c9c144e01856ecc6e8886c8be08b9bcae4b73ae2b
s24pgs_Form-1A_Upa_Pradhan_1_50f5d7f2.pdf,http://s24pgs.gov.in:80/s24p/pelec2018/Form-1A_Upa_Pradhan_1.pdf,http://web.archive.org/web/20180508182139id_/http://s24pgs.gov.in/s24p/pelec2018/Form-1A_Upa_Pradhan_1.pdf,20180508182139,2026-09-07,s24pgs.gov.in,downloaded,2184136,38b4d02632b217adabd34f14c77445628d402221452990726e41e8cc743c68ba
