output,rows,columns,unit,schema,review_status_counts
data/wb/derived/alipurduar_2018/archive_cells.parquet,10287,13,see_output_schema,"row_id: string
source_path: string
source_page: int64
source_sha256: string
tier: string
record_kind: string
source_column: int64
source_bbox: string
dpi: int64
rotation_clockwise: int64
deskew_degrees: double
cell_readings_raw: string
review_status: string","{""source_cells_pending_semantic_review"": 10287}"
data/wb/derived/alipurduar_2018/consolidated_party_counts.parquet,741,20,see_output_schema,"row_id: string
state: string
district: string
year: int64
tier: string
record_kind: string
block: string
row_label_raw: string
is_printed_total_row: bool
party: string
declared_elected: int64
source_path: string
source_page: int64
source_sha256: string
source_bbox: string
header_bbox: string
header_cell_raw: string
count_cell_raw: string
review_status: string
quality_flags: string","{""needs_review"": 741}"
data/wb/derived/alipurduar_2018/gp_candidates.parquet,2803,10,candidate,"seat_row_id: string
candidate_row_id: string
candidate_name: string
party: string
votes: int64
source_path: string
source_page: int64
source_sha256: string
source_bbox: string
quality_flags: string",
data/wb/derived/alipurduar_2018/gp_seats.parquet,984,31,seat_or_seat_reading,"row_id: string
state: string
year: int64
district: string
block: string
tier: string
serial_printed: int64
seat_id_printed: string
seat_id_readings: string
seat_no: int64
seat_no_basis: string
source_path: string
source_page: int64
source_sha256: string
source_bbox: string
gram_panchayat: string
reservation_raw: string
electors: int64
votes_polled: int64
votes_rejected: int64
winner_name: string
winner_party: string
gram_panchayat_printed: string
gram_panchayat_basis: string
reservation: string
caste_reservation: string
woman_reserved: int64
candidate_count: int64
candidate_votes_sum: int64
quality_flags: string
review_status: string","{""needs_review"": 966, ""automated_checks_passed"": 18}"
data/wb/derived/alipurduar_2018/ps_candidates.parquet,624,11,candidate,"seat_row_id: string
candidate_row_id: string
candidate_name: string
party: string
votes: int64
source_path: string
source_page: int64
source_sha256: string
source_bbox: string
quality_flags: string
tier: string",
data/wb/derived/alipurduar_2018/ps_seats.parquet,187,32,seat_or_seat_reading,"row_id: string
state: string
year: int64
district: string
block: string
tier: string
serial_printed: int64
seat_id_printed: string
seat_id_readings: string
seat_no: int64
seat_no_basis: string
source_path: string
source_page: int64
source_sha256: string
source_bbox: string
gram_panchayat: null
reservation_raw: string
electors: int64
votes_polled: int64
votes_rejected: int64
winner_name: string
winner_party: string
gram_panchayat_printed: null
gram_panchayat_basis: string
reservation: string
caste_reservation: string
woman_reserved: int64
geographic_label_raw: string
candidate_count: int64
candidate_votes_sum: int64
quality_flags: string
review_status: string","{""needs_review"": 177, ""automated_checks_passed"": 10}"
data/wb/derived/alipurduar_2018/zp_candidates.parquet,152,11,candidate,"seat_row_id: string
candidate_row_id: string
candidate_name: string
party: string
votes: int64
source_path: string
source_page: int64
source_sha256: string
source_bbox: string
quality_flags: string
tier: string",
data/wb/derived/alipurduar_2018/zp_seats.parquet,39,32,seat_or_seat_reading,"row_id: string
state: string
year: int64
district: string
block: string
tier: string
serial_printed: int64
seat_id_printed: string
seat_id_readings: string
seat_no: int64
seat_no_basis: string
source_path: string
source_page: int64
source_sha256: string
source_bbox: string
gram_panchayat: null
reservation_raw: string
electors: int64
votes_polled: int64
votes_rejected: int64
winner_name: string
winner_party: string
gram_panchayat_printed: null
gram_panchayat_basis: string
reservation: string
caste_reservation: string
woman_reserved: int64
geographic_label_raw: null
candidate_count: int64
candidate_votes_sum: int64
quality_flags: string
review_status: string","{""needs_review"": 38, ""automated_checks_passed"": 1}"
data/wb/derived/alipurduar_offices/office_reservations.parquet,72,26,source_office_row,"row_id: string
state: string
district: string
year: int64
tier: string
office: string
local_body_name: string
gram_panchayat: string
block: string
name_printed: string
caste_mark_printed: string
women_mark_printed: string
caste_reservation: string
woman_reserved: int64
reservation: string
office_universe_printed: int64
source_list_scope: string
source_path: string
source_sha256: string
source_page: int64
source_bbox: string
source_coordinate_system: string
embedded_ocr_raw: string
review_status: string
review_method: string
quality_flags: string","{""visually_transcribed"": 72}"
data/wb/derived/ancillary/candidate_reports.parquet,22,18,see_output_schema,"record_kind: string
tier: string
report_date_raw: string
row_role: string
reader_line_id: string
raw_text: string
source_bbox: string
bbox_coordinate_system: string
raw_words: string
state: string
district: string
year: int64
source_path: string
source_sha256: string
source_page: int64
counts_json: string
quality_flags: string
review_status: string","{""needs_review"": 22}"
data/wb/derived/ancillary/polling_infrastructure.parquet,7,26,see_output_schema,"state: string
district: string
year: int64
record_kind: string
block_printed: string
row_role: string
main_polling_stations: int64
polling_stations_over_1250_excluding_1400: int64
polling_stations_over_1400_divided_into_two: int64
sectors: int64
single_premises: int64
double_premises: int64
triple_premises: int64
quadruple_premises: int64
total_premises: int64
total_polling_stations: int64
total_electors: int64
source_path: string
source_sha256: string
source_page: int64
source_table: int64
source_row: int64
source_table_bbox: string
raw_cells: string
quality_flags: string
review_status: string","{""source_controls_passed"": 7}"
data/wb/derived/ancillary/reference_lines.parquet,386,12,see_output_schema,"source_path: string
source_sha256: string
source_page: int64
district: string
year: string
record_kind: string
review_status: string
reader_line_id: string
raw_text: string
source_bbox: string
bbox_coordinate_system: string
raw_words: string","{""not_an_electoral_observation"": 386}"
data/wb/derived/ancillary/single_valid_nominations.parquet,56,17,see_output_schema,"state: string
district: string
year: int64
record_kind: string
tier: string
constituency_raw: string
no_valid_nomination_column_raw: string
source_path: string
source_sha256: string
source_page: int64
quality_flags: string
review_status: string
reader_line_id: string
raw_text: string
source_bbox: string
bbox_coordinate_system: string
raw_words: string","{""needs_review"": 56}"
data/wb/derived/bardhaman_2003/block_controls.parquet,31,17,see_output_schema,"seats_total: int64
seats_uncontested: int64
seats_election_held: int64
contesting_candidates: int64
CPI(M): int64
CPI: int64
AIFB: int64
RSP: int64
INC: int64
AITC: int64
BJP: int64
CPI(ML): int64
NCP: int64
IND: int64
name: string
source_html_row: int64
issues: string",
data/wb/derived/bardhaman_2003/gp_party_counts.parquet,277,26,see_output_schema,"seats_total: int64
seats_uncontested: int64
seats_election_held: int64
contesting_candidates: int64
CPI(M): int64
CPI: int64
AIFB: int64
RSP: int64
INC: int64
AITC: int64
BJP: int64
CPI(ML): int64
NCP: int64
IND: int64
source_html_row: int64
state: string
year: int64
district: string
block_code: string
block: string
gram_panchayat: string
source_url: string
source_path: string
source_sha256: string
issues: string
review_status: string","{""source_controls_passed"": 271, ""needs_review"": 6}"
data/wb/derived/base_drafts/page_review.parquet,181,11,see_output_schema,"source_path: large_string
source_sha256: large_string
source_page: int64
stage: large_string
ocr_path: large_string
ocr_sha256: large_string
parsed_rows: int64
status: large_string
header_edges_300dpi: list<element: double>
  child 0, element: double
raw_ocr: large_string
unreadable_member_counts: list<element: list<element: string>>
  child 0, element: list<element: string>
      child 0, element: string
-- schema metadata --
pandas: '{""index_columns"": [], ""column_indexes"": [], ""columns"": [{""name"":' + 1427",
data/wb/derived/base_drafts/records.parquet,787,25,see_output_schema,"record_id: large_string
state: large_string
year: int64
district: large_string
block: large_string
seat_no: int64
seat_id_printed: large_string
tier: large_string
stage: large_string
caste_reservation: large_string
women_reserved: bool
winner_gender: null
reservation_raw: large_string
legacy_caste_reading: large_string
legacy_woman_reading: int64
absence_policy: large_string
source_path: large_string
source_sha256: large_string
source_page: int64
source_bbox: list<element: double>
  child 0, element: double
bbox_units: large_string
ocr_path: large_string
ocr_sha256: large_string
raw_ocr: large_string
quality_flags: large_string
-- schema metadata --
pandas: '{""index_columns"": [], ""column_indexes"": [], ""columns"": [{""name"":' + 3048",
data/wb/derived/base_drafts/sources.parquet,39,10,see_output_schema,"source_path: large_string
source_sha256: large_string
district: large_string
stage: large_string
pages: int64
cached_pages: int64
parsed_rows: int64
seat_number_holes: list<element: null>
  child 0, element: null
duplicate_seat_numbers: list<element: null>
  child 0, element: null
output: large_string
-- schema metadata --
pandas: '{""index_columns"": [], ""column_indexes"": [], ""columns"": [{""name"":' + 1292",
data/wb/derived/birbhum_reservations/cross_source_audit.parquet,227,60,see_output_schema,"source_cd: large_string
source_gp_id_cd: large_string
district_cd: large_string
block_raw_cd: large_string
gp_raw_cd: large_string
office_cd: large_string
reported_period_cd: large_string
source_file_cd: large_string
source_sha256_cd: large_string
raw_women_cd: int64
reserved_women_cd: bool
raw_sc_cd: int64
reserved_sc_cd: bool
raw_st_cd: int64
reserved_st_cd: bool
election_year_cd: int64
year_evidence_cd: large_string
flags_cd: large_string
eligible_within_source_strict_cd: bool
name_key: large_string
raw_AA0_2b_cd: int64
raw_year_cd: int64
raw_year_2_cd: int64
raw_year_888_cd: int64
raw_prev_year_cd: int64
raw_prev_year_888_1_cd: int64
raw_prev_year_888_2_cd: int64
raw_comments_cd: large_string
source_beaman: large_string
source_gp_id_beaman: large_string
district_beaman: large_string
block_raw_beaman: large_string
gp_raw_beaman: large_string
office_beaman: large_string
reported_period_beaman: large_string
source_file_beaman: large_string
source_sha256_beaman: large_string
raw_women_beaman: int64
reserved_women_beaman: bool
raw_sc_beaman: int64
reserved_sc_beaman: bool
raw_st_beaman: int64
reserved_st_beaman: bool
election_year_beaman: int64
year_evidence_beaman: large_string
flags_beaman: large_string
eligible_within_source_strict_beaman: bool
raw_AA0_2b_beaman: int64
raw_year_beaman: int64
raw_year_2_beaman: int64
raw_year_888_beaman: int64
raw_prev_year_beaman: int64
raw_prev_year_888_1_beaman: int64
raw_prev_year_888_2_beaman: int64
raw_comments_beaman: large_string
name_match: dictionary<values=string, indices=int8, ordered=0>
conflict_women: bool
conflict_sc: bool
conflict_st: bool
any_conflict: bool
-- schema metadata --
pandas: '{""index_columns"": [], ""column_indexes"": [], ""columns"": [{""name"":' + 7836",
data/wb/derived/birbhum_reservations/observations.parquet,496,30,see_output_schema,"source: large_string
source_gp_id: large_string
district: large_string
block_raw: large_string
gp_raw: large_string
office: large_string
reported_period: large_string
source_file: large_string
source_sha256: large_string
raw_women: int64
reserved_women: bool
raw_sc: int64
reserved_sc: bool
raw_st: int64
reserved_st: bool
election_year: int64
year_evidence: large_string
flags: large_string
eligible_within_source_strict: bool
name_key: large_string
raw_AA0_2b: int64
raw_year: int64
raw_year_2: int64
raw_year_888: int64
raw_prev_year: int64
raw_prev_year_888_1: int64
raw_prev_year_888_2: int64
raw_comments: large_string
cross_source_conflict: bool
eligible_after_exact_name_audit: bool
-- schema metadata --
pandas: '{""index_columns"": [], ""column_indexes"": [], ""columns"": [{""name"":' + 3728",
data/wb/derived/hooghly_2003/gp_party_counts.parquet,210,24,see_output_schema,"state: string
year: int64
district: string
block: string
gram_panchayat: string
seats_contested_printed: int64
seats_declared_printed: int64
party_counts_sum: int64
declared_minus_party_counts: int64
party_counts_cover_declared: bool
AIFB: int64
AITC: int64
BJP: int64
BSP: int64
CPI: int64
CPI(M): int64
INC: int64
MFB: int64
RSP: int64
OTHERS: int64
source_html_row: int64
source_path: string
source_sha256: string
source_url: string",
data/wb/derived/nadia_2008/gp_seats.parquet,1919,24,seat_or_seat_reading,"row_id: string
record_kind: string
stage: string
state: string
district: string
year: int64
block_printed: string
gram_panchayat: string
seat_no: int64
constituency_area_raw: string
allocated_raw: string
raw_cells: string
caste_raw: string
women_raw: string
caste_reservation: string
woman_reserved: int64
source_path: string
source_sha256: string
source_page: int64
source_table: int64
source_row: int64
source_table_bbox: string
quality_flags: string
review_status: string","{""source_controls_passed"": 1210, ""needs_review"": 709}"
data/wb/derived/nadia_2013_handbook/office_reservations.parquet,374,30,source_office_row,"row_id: string
source_path: string
source_sha256: string
source_page: int64
source_table: int64
source_table_row: int64
source_bbox: string
source_coordinate_system: string
raw_cells: string
state: string
district: string
year: int64
tier: string
office: string
source_gp_serial: int64
source_gp_key: string
gram_panchayat: string
local_body_name: string
block: null
name_raw: string
reservation_code_raw: string
reservation: string
caste_reservation: string
woman_reserved: int64
source_list_scope: string
review_status: string
quality_flags: string
visual_review_path: string
visual_review_sha256: string
visual_review_method: string","{""full_source_visual_review_single_assistant"": 374}"
data/wb/derived/nadia_2013_handbook/source_table_rows.parquet,627,10,see_output_schema,"row_id: string
source_path: string
source_sha256: string
source_page: int64
source_table: int64
source_table_row: int64
source_bbox: string
source_coordinate_system: string
raw_cells: string
cell_bboxes: string",
data/wb/derived/nadia_2013_handbook/ward_aggregates.parquet,187,33,see_output_schema,"row_id: string
source_path: string
source_sha256: string
source_page: int64
source_table: int64
source_table_row: int64
source_bbox: string
source_coordinate_system: string
raw_cells: string
state: string
district: string
year: int64
tier: string
gram_panchayat: string
block: null
assembly_parts_raw: string
electors_2012: int64
constituencies_2008: int64
seats_2008: int64
single_seated_constituencies_2013: int64
double_seated_constituencies_2013: int64
constituencies_2013: int64
seats_2013: int64
st_nonwomen_seats: int64
sc_nonwomen_seats: int64
obc_nonwomen_seats: int64
st_women_seats: int64
sc_women_seats: int64
obc_women_seats: int64
women_other_seats: int64
source_list_scope: string
review_status: string
quality_flags: string","{""native_extracted_review_stage"": 187}"
data/wb/derived/office_native/cell_review.parquet,1982,40,see_output_schema,"state: string
district: string
block: string
election_year: int64
tier: string
stage: string
source_path: string
source_sha256: string
source_page: int64
source_column: int64
table_row: int64
source_bbox: string
bbox_units: string
native_reading: string
heading: bool
crop_path: string
cache_path: string
row_id: string
raw_reading: string
second_reading: string
crop_sha256: string
ocr_min_confidence: double
office_name_reading: string
gram_panchayat_reading: string
caste_reservation: string
woman_reserved: bool
category: string
quality_flags: string
review_status: string
review_note: string
record_kind: string
block_review_status: string
review_method: string
name_ambiguous: bool
candidate_name_readings: null
evidence_references: string
qwen_raw_reading: string
qwen_review_cache: string
qwen_agrees_with_current_reading: bool
qwen_disagreement_adjudication: string","{""visually_reviewed_single_reader"": 1974, ""visually_reviewed_two_agents"": 8}"
data/wb/derived/office_native/control_reconciliation.parquet,40,16,see_output_schema,"district: string
election_year: int64
tier: string
stage: string
printed_office_universe: int64
source_path: string
source_sha256: string
source_page: int64
category: string
printed_count: int64
parsed_positive_mentions: int64
difference: int64
visually_reviewed_mentions: int64
control_status: string
independent_visual_enumeration: string
independent_visual_enumeration_sha256: string",
data/wb/derived/office_native/mentions.parquet,1197,40,positive_office_mention,"state: string
district: string
block: string
election_year: int64
tier: string
stage: string
source_path: string
source_sha256: string
source_page: int64
source_column: int64
table_row: int64
source_bbox: string
bbox_units: string
native_reading: string
heading: bool
crop_path: string
cache_path: string
row_id: string
raw_reading: string
second_reading: string
crop_sha256: string
ocr_min_confidence: double
office_name_reading: string
gram_panchayat_reading: string
caste_reservation: string
woman_reserved: bool
category: string
quality_flags: string
review_status: string
review_note: string
record_kind: string
block_review_status: string
review_method: string
name_ambiguous: bool
candidate_name_readings: null
evidence_references: string
qwen_raw_reading: string
qwen_review_cache: string
qwen_agrees_with_current_reading: bool
qwen_disagreement_adjudication: string","{""visually_reviewed_single_reader"": 1193, ""visually_reviewed_two_agents"": 4}"
data/wb/derived/office_native/page_audit.parquet,81,6,see_output_schema,"source_path: string
source_sha256: string
source_page: int64
cells: int64
status: string
error: null",
data/wb/derived/office_scans/mentions.parquet,941,34,positive_office_mention,"source_file: string
sha256: string
source_url: string
archive_url: string
district: string
election_year: int64
stage: string
page: int64
table_row: int64
tier: string
axis: string
bbox: string
bbox_coordinate_system: string
crop_path: string
cache_path: string
table_y_fraction: double
raw_reading: string
second_reading: string
name: string
category: string
min_confidence: double
quality_flags: string
review_status: string
women_reserved: bool
caste_category: string
block: string
winner_gender: null
reviewed_reading: string
review_note: string
visual_reference_sample_id: int64
visual_reference_evidence: string
visual_name_ambiguous: bool
record_id: string
name_review_status: string","{""pending_cell_review"": 780, ""visually_corrected"": 59, ""visually_read_ambiguous_exact_name"": 1, ""visually_transcribed"": 101}"
data/wb/derived/reference_tables/aggregates.parquet,387,17,see_output_schema,"source_path: string
source_sha256: string
source_page: int64
source_table: int64
source_row: int64
source_table_bbox: string
raw_cells: string
state: string
district: string
year: int64
block_printed: string
record_kind: string
tier: string
counts_json: string
quality_flags: string
review_status: string
selection_basis_printed: string","{""native_fields_parsed"": 306, ""needs_review"": 77, ""visual_source_checked"": 4}"
data/wb/derived/reference_tables/native_table_rows.parquet,3128,12,see_output_schema,"source_path: string
source_sha256: string
source_page: int64
source_table: int64
source_row: int64
source_table_bbox: string
raw_cells: string
district: string
reference_kind: string
document_reference_year: int64
record_kind: string
review_status: string","{""raw_reference_extraction"": 3128}"
data/wb/derived/ward_schedules/constituency_crosswalk.parquet,945,20,see_output_schema,"state: string
district: string
year: int64
record_kind: string
gram_panchayat: string
gp_constituency_raw: string
seat_no: int64
assembly_part_raw: string
polling_station_raw: string
ps_constituency_raw: string
zp_constituency_raw: string
source_path: string
source_sha256: string
source_page: int64
source_table: int64
source_row: int64
source_table_bbox: string
raw_cells: string
quality_flags: string
review_status: string","{""native_fields_parsed"": 835, ""needs_review"": 110}"
data/wb/derived/ward_schedules/gp_seats.parquet,8196,28,seat_or_seat_reading,"row_id: string
state: string
district: string
year: int64
stage: string
record_kind: string
block_printed: string
gram_panchayat: string
constituency_area_raw: string
seat_no: int64
allocated_raw: string
caste_raw: string
women_raw: string
caste_reservation: string
woman_reserved: int64
raw_cells: string
source_path: string
source_sha256: string
source_page: int64
source_table: int64
source_row: int64
source_table_bbox: string
bbox_coordinate_system: string
bbox_rotation_degrees: int64
quality_flags: string
review_status: string
printed_totals_raw: string
render_rotation_clockwise_degrees: int64","{""needs_review"": 7051, ""source_controls_passed"": 1145}"
data/wb/derived/ward_schedules/other_tier_seats.parquet,928,25,seat_or_seat_reading,"row_id: string
state: string
district: string
year: int64
stage: string
record_kind: string
local_body_printed: string
constituency_area_raw: string
seat_no: int64
seat_no_raw: string
caste_raw: string
women_raw: string
caste_reservation: string
woman_reserved: int64
source_path: string
source_sha256: string
source_page: int64
source_table: int64
source_row: int64
source_table_bbox: string
raw_cells: string
quality_flags: string
review_status: string
bbox_coordinate_system: string
render_rotation_clockwise_degrees: int64","{""native_fields_parsed"": 270, ""needs_review"": 658}"
