level	page_num	block_num	par_num	line_num	word_num	left	top	width	height	conf	text
1	1	0	0	0	0	0	0	2481	3508	-1	
2	1	1	0	0	0	0	0	404	84	-1	
3	1	1	1	0	0	0	0	404	84	-1	
4	1	1	1	1	0	0	0	404	84	-1	
5	1	1	1	1	1	0	0	404	84	95.000000	 
2	1	2	0	0	0	117	54	2074	32	-1	
3	1	2	1	0	0	117	54	2074	32	-1	
4	1	2	1	1	0	117	54	2074	32	-1	
5	1	2	1	1	1	117	54	2074	32	95.000000	 
2	1	3	0	0	0	187	84	217	65	-1	
3	1	3	1	0	0	187	84	217	65	-1	
4	1	3	1	1	0	187	84	217	65	-1	
5	1	3	1	1	1	187	84	217	65	95.000000	 
2	1	4	0	0	0	1900	0	581	127	-1	
3	1	4	1	0	0	1900	0	581	127	-1	
4	1	4	1	1	0	1900	0	581	127	-1	
5	1	4	1	1	1	1900	0	581	127	95.000000	 
2	1	5	0	0	0	2196	70	41	50	-1	
3	1	5	1	0	0	2196	70	41	50	-1	
4	1	5	1	1	0	2196	70	41	50	-1	
5	1	5	1	1	1	2196	70	41	50	96.386681	(3)
2	1	6	0	0	0	119	122	2198	36	-1	
3	1	6	1	0	0	119	122	2198	36	-1	
4	1	6	1	1	0	119	122	2198	36	-1	
5	1	6	1	1	1	119	122	2198	36	95.000000	 
2	1	7	0	0	0	0	84	140	320	-1	
3	1	7	1	0	0	0	84	140	320	-1	
4	1	7	1	1	0	0	84	140	320	-1	
5	1	7	1	1	1	0	84	140	320	95.000000	 
2	1	8	0	0	0	1900	127	581	887	-1	
3	1	8	1	0	0	1900	127	581	887	-1	
4	1	8	1	1	0	1900	127	581	37	-1	
5	1	8	1	1	1	1900	127	157	37	95.000000	 
5	1	8	1	1	2	2320	127	161	37	95.000000	 
4	1	8	1	2	0	2321	164	159	38	-1	
5	1	8	1	2	1	2321	164	159	38	95.000000	  
4	1	8	1	3	0	2321	202	159	37	-1	
5	1	8	1	3	1	2321	202	159	37	95.000000	  
4	1	8	1	4	0	2322	239	158	37	-1	
5	1	8	1	4	1	2322	239	158	37	95.000000	  
4	1	8	1	5	0	2323	276	157	38	-1	
5	1	8	1	5	1	2323	276	157	38	95.000000	  
4	1	8	1	6	0	2323	314	157	38	-1	
5	1	8	1	6	1	2323	314	157	38	95.000000	  
4	1	8	1	7	0	2323	352	158	36	-1	
5	1	8	1	7	1	2323	352	158	36	95.000000	  
4	1	8	1	8	0	2348	388	133	28	-1	
5	1	8	1	8	1	2348	388	133	28	95.000000	 
4	1	8	1	9	0	2348	416	133	37	-1	
5	1	8	1	9	1	2348	416	133	37	95.000000	 
4	1	8	1	10	0	2348	453	133	36	-1	
5	1	8	1	10	1	2348	453	133	36	95.000000	 
4	1	8	1	11	0	2325	489	156	525	-1	
5	1	8	1	11	1	2325	489	156	525	95.000000	  
2	1	9	0	0	0	2471	668	10	357	-1	
3	1	9	1	0	0	2471	668	10	357	-1	
4	1	9	1	1	0	2471	668	10	357	-1	
5	1	9	1	1	1	2471	668	10	357	95.000000	 
2	1	10	0	0	0	2475	1016	6	38	-1	
3	1	10	1	0	0	2475	1016	6	38	-1	
4	1	10	1	1	0	2475	1016	6	38	-1	
5	1	10	1	1	1	2475	1016	6	38	95.000000	 
2	1	11	0	0	0	1250	1480	1138	21	-1	
3	1	11	1	0	0	1250	1480	1138	21	-1	
4	1	11	1	1	0	1250	1480	1138	21	-1	
5	1	11	1	1	1	1250	1480	1138	21	95.000000	 
2	1	12	0	0	0	140	90	2202	3079	-1	
3	1	12	1	0	0	140	90	2202	3079	-1	
4	1	12	1	1	0	140	90	1652	54	-1	
5	1	12	1	1	1	140	107	26	32	55.239662	1)
5	1	12	1	1	2	523	102	58	42	83.646606	_(2)
5	1	12	1	1	3	940	100	38	31	96.376579	(3)
5	1	12	1	1	4	1262	96	38	33	34.185921	(4)
5	1	12	1	1	5	1754	90	38	32	94.318260	(2)
4	1	12	1	2	0	150	145	2170	50	-1	
5	1	12	1	2	1	150	166	42	24	77.105324	42.
5	1	12	1	2	2	240	164	290	31	47.608448	M.Shanmugapuram
5	1	12	1	2	3	934	153	115	41	96.452766	General
5	1	12	1	2	4	1276	155	42	25	65.997841	26,
5	1	12	1	2	5	1367	151	251	32	53.074600	Kattunaikkanpatti
5	1	12	1	2	6	2057	146	116	25	96.268616	General
5	1	12	1	2	7	2188	145	132	36	96.432533	(Women)
4	1	12	1	3	0	150	182	2171	50	-1	
5	1	12	1	3	1	150	203	42	25	61.904350	43.
5	1	12	1	3	2	239	201	116	25	61.904350	Vembar
5	1	12	1	3	3	368	199	84	26	96.490799	South
5	1	12	1	3	4	934	190	115	42	96.712402	General
5	1	12	1	3	5	1277	193	41	24	90.005302	27.
5	1	12	1	3	6	1367	189	166	34	16.972370	-Nagampaitti
5	1	12	1	3	7	2057	182	116	26	96.797760	General
5	1	12	1	3	8	2189	182	132	36	96.453941	(Women)
4	1	12	1	4	0	150	219	2182	51	-1	
5	1	12	1	4	1	150	240	43	24	56.085594	44.
5	1	12	1	4	2	240	237	181	33	60.463364	Guruvarpatti
5	1	12	1	4	3	934	228	115	40	96.889244	General
5	1	12	1	4	4	1277	230	42	25	72.634613	28.
5	1	12	1	4	5	1367	227	271	31	72.634613	Kumareddiapuram
5	1	12	1	4	6	2058	220	116	26	95.917610	General
5	1	12	1	4	7	2189	219	143	35	75.853012	(Women).
4	1	12	1	5	0	150	254	2192	52	-1	
5	1	12	1	5	1	150	278	43	24	50.906456	45.
5	1	12	1	5	2	240	274	283	32	35.161209	Vilvammmarathupatti
5	1	12	1	5	3	935	265	114	41	96.516418	General
5	1	12	1	5	4	1277	267	42	25	60.907993	29.
5	1	12	1	5	5	1366	263	397	31	78.378708	Therkkuveerapandiapuram
5	1	12	1	5	6	2058	257	116	25	96.371262	General
5	1	12	1	5	7	2189	254	133	36	43.347626	(Women),
5	1	12	1	5	8	2340	256	2	2	0.000000	”
4	1	12	1	6	0	151	293	2172	53	-1	
5	1	12	1	6	1	151	314	42	25	75.934311	46.
5	1	12	1	6	2	242	312	221	32	46.742073	Sakkanapuram
5	1	12	1	6	3	936	303	114	43	96.267960	General
5	1	12	1	6	4	1277	305	43	25	63.286102	30.
5	1	12	1	6	5	1367	302	172	27	63.286102	Ottanatham
5	1	12	1	6	6	2058	294	117	25	96.395439	General
5	1	12	1	6	7	2190	293	133	34	96.059273	(Women)
4	1	12	1	7	0	151	330	2172	51	-1	
5	1	12	1	7	1	151	351	43	25	53.259544	47,
5	1	12	1	7	2	240	349	258	32	62.903839	Thalaikattupuram
5	1	12	1	7	3	936	340	115	41	96.509483	General
5	1	12	1	7	4	1278	342	42	25	63.327507	31.
5	1	12	1	7	5	1369	339	281	31	69.428314	P.Duraisamypuram
5	1	12	1	7	6	2058	330	117	27	95.128723	General
5	1	12	1	7	7	2190	330	133	32	96.523483	(Women)
4	1	12	1	8	0	152	368	2171	51	-1	
5	1	12	1	8	1	152	389	43	25	79.049355	48.
5	1	12	1	8	2	243	386	256	33	79.049355	Periyasamipuram
5	1	12	1	8	3	936	377	115	40	96.280579	General
5	1	12	1	8	4	1278	380	42	25	89.796257	32.
5	1	12	1	8	5	1369	376	219	27	83.199829	Keelamudiman
5	1	12	1	8	6	2059	368	117	25	96.498100	General
5	1	12	1	8	7	2190	368	133	32	96.282120	(Women)
4	1	12	1	9	0	152	404	2172	50	-1	
5	1	12	1	9	1	152	425	42	25	81.308830	49.
5	1	12	1	9	2	243	423	187	27	76.248970	Ramanoothu
5	1	12	1	9	3	937	414	114	40	96.583900	General
5	1	12	1	9	4	1278	416	43	25	84.111153	33.
5	1	12	1	9	5	1369	413	263	33	84.111153	Melapandiapuram
5	1	12	1	9	6	2059	404	117	26	95.647560	General
5	1	12	1	9	7	2190	404	134	33	95.647560	(Women)
4	1	12	1	10	0	153	441	2171	52	-1	
5	1	12	1	10	1	153	464	42	25	57.283775	50.
5	1	12	1	10	2	244	461	177	26	65.455780	Putiankulam
5	1	12	1	10	3	937	452	115	41	96.283073	General
5	1	12	1	10	4	1271	449	50	30	56.933235	‘34.
5	1	12	1	10	5	1369	451	233	31	57.084427	S.Kailasapuram
5	1	12	1	10	6	2060	442	116	26	96.177109	General
5	1	12	1	10	7	2191	441	133	32	96.568581	(Women)
4	1	12	1	11	0	153	478	2172	52	-1	
5	1	12	1	11	1	153	500	43	25	51.050941	51.
5	1	12	1	11	2	244	497	198	33	69.303284	Perilovanpatti
5	1	12	1	11	3	937	488	115	40	96.558952	General
5	1	12	1	11	4	1279	491	42	24	52.818829	35.
5	1	12	1	11	5	1370	487	199	27	50.561920	Kuthiraikulam
5	1	12	1	11	6	2060	478	116	26	96.612007	General
5	1	12	1	11	7	2192	478	133	32	96.710892	(Women)
4	1	12	1	12	0	243	511	1934	51	-1	
5	1	12	1	12	1	243	536	37	26	51.593170	Xl,
5	1	12	1	12	2	296	536	114	26	92.127258	PUDUR
5	1	12	1	12	3	426	533	209	28	90.323326	PANCHAYAT
5	1	12	1	12	4	649	533	104	25	96.171860	UNION
5	1	12	1	12	5	1280	528	42	25	57.964668	36.
5	1	12	1	12	6	1369	524	254	34	53.895832	Vallinayagipuram
5	1	12	1	12	7	2061	511	116	43	96.686440	General
4	1	12	1	13	0	156	549	2021	60	-1	
5	1	12	1	13	1	156	574	22	25	83.745735	1.
5	1	12	1	13	2	243	568	127	41	92.418777	Thapathi
5	1	12	1	13	3	938	567	60	26	79.183685	S.C,
5	1	12	1	13	4	1015	566	132	33	95.244308	(Women)
5	1	12	1	13	5	1280	566	42	24	78.195038	37.
5	1	12	1	13	6	1370	562	222	31	78.195038	Ahilandapuram
5	1	12	1	13	7	2061	549	116	40	96.455688	General
4	1	12	1	14	0	154	586	2024	56	-1	
5	1	12	1	14	1	154	612	24	25	19.538288	2.
5	1	12	1	14	2	244	609	148	33	19.538288	Veerapatti
5	1	12	1	14	3	939	605	60	25	93.375519	S.C.
5	1	12	1	14	4	1015	603	132	33	95.657455	(Women)
5	1	12	1	14	5	1280	602	43	25	77.363144	38.
5	1	12	1	14	6	1370	599	223	27	77.363144	Valasamudram
5	1	12	1	14	7	2061	586	117	42	96.628021	General
4	1	12	1	15	0	154	623	2024	57	-1	
5	1	12	1	15	1	154	649	25	25	93.119064	3.
5	1	12	1	15	2	246	647	187	33	92.375786	Nambipuram
5	1	12	1	15	3	939	641	61	26	59.864182	S.C.
5	1	12	1	15	4	1015	641	133	32	96.475601	(Women)
5	1	12	1	15	5	1281	639	42	25	74.633720	39.
5	1	12	1	15	6	1370	637	130	26	74.633720	Vellaram
5	1	12	1	15	7	2061	623	117	42	96.745544	General
4	1	12	1	16	0	155	661	2024	51	-1	
5	1	12	1	16	1	155	687	24	25	54.281685	4.
5	1	12	1	16	2	246	683	269	28	90.618294	Keelanattukkurichi
5	1	12	1	16	3	940	679	60	26	57.292194	S.C,
5	1	12	1	16	4	1016	677	135	34	96.091766	(General)
5	1	12	1	16	5	1281	677	42	25	77.216118	40.
5	1	12	1	16	6	1370	673	165	34	62.692238	Veppalodai
5	1	12	1	16	7	2062	661	117	42	96.626740	General
4	1	12	1	17	0	156	698	2023	52	-1	
5	1	12	1	17	1	156	725	24	25	46.879734	5.
5	1	12	1	17	2	245	721	194	27	29.588490	 Vowwalthothi
5	1	12	1	17	3	940	716	60	26	92.492477	S.C.
5	1	12	1	17	4	1016	715	135	33	96.506798	(General)
5	1	12	1	17	5	1282	714	42	25	64.315765	41.
5	1	12	1	17	6	1370	710	245	28	78.909912	Therkkukalmedu
5	1	12	1	17	7	2062	698	117	41	96.582779	General
4	1	12	1	18	0	156	736	2023	56	-1	
5	1	12	1	18	1	156	762	24	25	31.125755	6.
5	1	12	1	18	2	246	760	217	32	78.180710	Lakshmipuram
5	1	12	1	18	3	940	754	61	26	90.665459	S.C.
5	1	12	1	18	4	1017	753	135	32	95.280762	(General)
5	1	12	1	18	5	1282	752	42	24	79.696457	42.
5	1	12	1	18	6	1364	747	180	28	68.999840	‘Sillanatham
5	1	12	1	18	7	2063	736	116	41	96.342827	General
4	1	12	1	19	0	156	773	2023	51	-1	
5	1	12	1	19	1	156	800	25	24	36.180565	7.
5	1	12	1	19	2	247	797	142	27	36.180565	Kadalkudi
5	1	12	1	19	3	972	791	29	26	45.430138	Cc.
5	1	12	1	19	4	1018	789	135	34	95.983711	(General)
5	1	12	1	19	5	1283	789	42	24	68.791504	43,
5	1	12	1	19	6	1372	786	134	26	79.433617	Athanoor
5	1	12	1	19	7	2063	773	116	42	96.827179	General
4	1	12	1	20	0	158	811	2022	61	-1	
5	1	12	1	20	1	158	837	23	25	58.124496	8.
5	1	12	1	20	2	249	830	225	42	19.249687	Pattithevanpatti
5	1	12	1	20	3	941	828	114	26	95.866531	General
5	1	12	1	20	4	1070	826	132	34	95.814461	(Women)
5	1	12	1	20	5	1283	826	42	25	43.574722	44,
5	1	12	1	20	6	1374	822	193	28	83.199249	Parivallikottai
5	1	12	1	20	7	2064	811	116	41	96.682198	General
4	1	12	1	21	0	158	848	2023	57	-1	
5	1	12	1	21	1	158	875	23	24	81.603004	Q.
5	1	12	1	21	2	249	871	245	34	90.885857	lyankarisalkulam
5	1	12	1	21	3	941	860	125	42	33.469589	General.
5	1	12	1	21	4	1073	864	129	32	33.469589	(Women)
5	1	12	1	21	5	1283	864	43	24	41.207039	45.
5	1	12	1	21	6	1374	859	163	33	72.189514	Illavelangal
5	1	12	1	21	7	2064	848	117	41	96.469589	General
4	1	12	1	22	0	160	885	2021	55	-1	
5	1	12	1	22	1	160	912	40	25	66.628258	10.
5	1	12	1	22	2	249	909	329	31	74.447647	Melaarunachalapuram
5	1	12	1	22	3	942	896	261	43	69.828705	General‘(Women)
5	1	12	1	22	4	1284	900	42	25	72.870796	46.
5	1	12	1	22	5	1375	897	174	27	72.870796	Paraikuttam
5	1	12	1	22	6	2064	885	117	41	96.757187	General
4	1	12	1	23	0	161	922	2021	57	-1	
5	1	12	1	23	1	161	948	40	25	59.277985	11.
5	1	12	1	23	2	249	946	184	33	59.277985	Sennampaitti
5	1	12	1	23	3	943	940	114	25	96.239792	General
5	1	12	1	23	4	1072	938	131	33	96.641289	(Women)
5	1	12	1	23	5	1284	938	42	24	66.985672	47.
5	1	12	1	23	6	1373	934	189	27	66.985672	Vedanatham
5	1	12	1	23	7	2065	922	117	41	96.458961	General
4	1	12	1	24	0	161	959	2021	52	-1	
5	1	12	1	24	1	161	986	41	25	75.990143	42,
5	1	12	1	24	2	249	983	212	27	68.319839	Melakaltoorani
5	1	12	1	24	3	943	977	115	26	96.572289	General
5	1	12	1	24	4	1072	975	132	34	96.181328	(Women)
5	1	12	1	24	5	1285	975	42	25	88.761139	48.
5	1	12	1	24	6	1376	970	217	28	81.267448	Pasuvanthanai
5	1	12	1	24	7	2066	959	116	41	96.568329	General
4	1	12	1	25	0	162	996	2020	58	-1	
5	1	12	1	25	1	162	1023	40	25	60.825333	13.
5	1	12	1	25	2	249	1020	138	34	69.755341	Vedapatti
5	1	12	1	25	3	943	1014	115	26	96.341270	General
5	1	12	1	25	4	1072	1012	133	34	96.253601	(Women)
5	1	12	1	25	5	1286	1012	42	24	86.280365	49,
5	1	12	1	25	6	1376	1008	234	32	86.938118	K.Dalavaipuram
5	1	12	1	25	7	2067	996	115	41	93.709633	General
4	1	12	1	26	0	162	1033	2021	58	-1	
5	1	12	1	26	1	162	1061	41	24	77.180191	14.
5	1	12	1	26	2	251	1057	251	34	77.952705	Maniyakaranpatti
5	1	12	1	26	3	943	1052	115	26	96.530258	General
5	1	12	1	26	4	1073	1050	132	33	96.269089	(Women)
5	1	12	1	26	5	1286	1050	43	25	72.032593	50.
5	1	12	1	26	6	1376	1047	90	26	90.378326	Mullur
5	1	12	1	26	7	2067	1033	116	42	96.815582	General
4	1	12	1	27	0	162	1070	2022	58	-1	
5	1	12	1	27	1	162	1098	41	25	10.236616	15.
5	1	12	1	27	2	251	1095	139	33	10.236616	 Mettilpatti
5	1	12	1	27	3	944	1089	115	25	95.516922	General
5	1	12	1	27	4	1074	1087	131	33	95.516922	(Women)
5	1	12	1	27	5	1287	1086	42	25	52.963860	51.
5	1	12	1	27	6	1376	1083	196	28	52.963860	Onamakulam
5	1	12	1	27	7	2067	1070	117	42	96.957977	General
4	1	12	1	28	0	163	1108	2021	58	-1	
5	1	12	1	28	1	163	1135	41	25	54.722401	16.
5	1	12	1	28	2	252	1134	134	32	77.470833	Karuppur
5	1	12	1	28	3	945	1126	114	26	96.944710	General
5	1	12	1	28	4	1074	1125	132	33	95.089478	(Women)
5	1	12	1	28	5	1287	1124	42	26	85.366600	52.
5	1	12	1	28	6	1376	1119	202	34	46.101681	Thennampatii
5	1	12	1	28	7	2068	1108	116	41	96.678680	General
4	1	12	1	29	0	164	1145	2021	56	-1	
5	1	12	1	29	1	164	1172	40	25	75.113663	17.
5	1	12	1	29	2	252	1169	301	32	82.532501	Ramachandrapuram
5	1	12	1	29	3	945	1164	115	26	87.410019	General
5	1	12	1	29	4	1075	1161	131	33	94.417068	(Women)
5	1	12	1	29	5	1288	1161	41	25	76.354675	53.
5	1	12	1	29	6	1378	1158	98	28	63.144859	Kothali
5	1	12	1	29	7	2068	1145	117	39	96.595329	General
4	1	12	1	30	0	164	1183	2021	57	-1	
5	1	12	1	30	1	164	1210	41	24	59.312981	18.
5	1	12	1	30	2	252	1208	202	32	59.312981	Madalapuram
5	1	12	1	30	3	946	1201	114	26	96.138832	General
5	1	12	1	30	4	1075	1200	132	31	96.218376	(Women)
5	1	12	1	30	5	1289	1199	41	25	81.956535	54,
5	1	12	1	30	6	1379	1195	251	32	81.956535	Meenakshipuram
5	1	12	1	30	7	2069	1183	116	41	96.879745	General
4	1	12	1	31	0	165	1220	2020	56	-1	
5	1	12	1	31	1	165	1247	40	25	69.597443	19.
5	1	12	1	31	2	253	1244	309	32	76.624481	Mittavadamalapuram
5	1	12	1	31	3	946	1238	115	26	96.677643	General
5	1	12	1	31	4	1075	1236	132	33	96.209801	(Women)
5	1	12	1	31	5	1289	1236	41	25	66.347847	55.
5	1	12	1	31	6	1379	1230	249	29	63.139427	Panchalankurichi
5	1	12	1	31	7	2069	1220	116	41	96.743011	General
4	1	12	1	32	0	163	1257	2023	56	-1	
5	1	12	1	32	1	163	1284	42	25	60.904556	20.
5	1	12	1	32	2	252	1280	317	33	68.040459	Chinnavanaikkanpatti
5	1	12	1	32	3	946	1271	115	42	96.265152	General
5	1	12	1	32	4	1289	1274	42	24	62.309250	56.
5	1	12	1	32	5	1377	1269	218	28	62.309250	Tharuvaikulam
5	1	12	1	32	6	2070	1257	116	42	96.904541	General
4	1	12	1	33	0	163	1294	2023	57	-1	
5	1	12	1	33	1	163	1321	42	25	68.099098	21.
5	1	12	1	33	2	253	1317	298	34	70.116997	Chennamareddipatti
5	1	12	1	33	3	947	1309	114	42	96.937950	General
5	1	12	1	33	4	1290	1311	41	25	70.223572	57,
5	1	12	1	33	5	1378	1308	263	31	70.223572	Jambulingapuram
5	1	12	1	33	6	2070	1294	116	42	96.725311	General
4	1	12	1	34	0	163	1332	2034	56	-1	
5	1	12	1	34	1	163	1359	43	25	89.211372	22.
5	1	12	1	34	2	254	1356	287	32	85.896469	Sankaralingapuram
5	1	12	1	34	3	947	1346	114	41	96.522354	General
5	1	12	1	34	4	1289	1348	43	24	89.860725	58.
5	1	12	1	34	5	1380	1345	83	27	82.834930	Keela
5	1	12	1	34	6	1476	1343	110	27	90.200233	Arasadi
5	1	12	1	34	7	2070	1332	127	41	94.137993	General.
4	1	12	1	35	0	164	1369	2023	55	-1	
5	1	12	1	35	1	164	1395	43	26	68.465027	23.
5	1	12	1	35	2	254	1394	83	26	68.465027	Keela
5	1	12	1	35	3	350	1392	263	32	89.863312	Arunachalapuram
5	1	12	1	35	4	948	1383	114	41	96.649216	General
5	1	12	1	35	5	1290	1385	42	25	79.396622	59.
5	1	12	1	35	6	1356	1399	5	3	5.222311	.
5	1	12	1	35	7	1381	1380	214	33	90.110840	Puthiamputhur
5	1	12	1	35	8	2071	1369	116	41	96.506233	General
4	1	12	1	36	0	164	1407	2024	58	-1	
5	1	12	1	36	1	164	1433	43	26	64.610977	24.
5	1	12	1	36	2	253	1430	193	27	64.610977	Vadhalakarai
5	1	12	1	36	3	948	1421	115	44	96.516418	General
5	1	12	1	36	4	1290	1423	42	33	78.231178	60.
5	1	12	1	36	5	1380	1419	186	27	78.231178	Saminatham
5	1	12	1	36	6	2071	1407	117	44	96.424248	General
4	1	12	1	37	0	165	1443	2023	57	-1	
5	1	12	1	37	1	165	1471	42	25	66.957535	25,
5	1	12	1	37	2	255	1468	153	27	66.957535	Shenkottai
5	1	12	1	37	3	948	1458	115	42	96.085968	General
5	1	12	1	37	4	1291	1459	42	25	84.651276	61.
5	1	12	1	37	5	1381	1455	184	34	82.617104	Sangampatti
5	1	12	1	37	6	2072	1443	116	42	96.329338	General
4	1	12	1	38	0	165	1499	898	34	-1	
5	1	12	1	38	1	165	1508	43	25	84.106064	26.
5	1	12	1	38	2	255	1505	211	27	84.106064	Keelakarandai
5	1	12	1	38	3	949	1499	114	26	96.673790	General
4	1	12	1	39	0	165	1536	899	39	-1	
5	1	12	1	39	1	165	1546	43	25	71.128525	27.
5	1	12	1	39	2	256	1543	242	32	67.106071	Duraisamipuram
5	1	12	1	39	3	949	1536	115	26	96.246048	General
4	1	12	1	40	0	166	1573	898	40	-1	
5	1	12	1	40	1	166	1582	42	25	90.504166	28.
5	1	12	1	40	2	256	1581	282	32	42.862312	NJegaveerapuram
5	1	12	1	40	3	949	1573	115	27	96.163803	General
4	1	12	1	41	0	166	1611	898	34	-1	
5	1	12	1	41	1	166	1620	43	25	56.231094	29.
5	1	12	1	41	2	256	1617	138	27	56.231094	Mavilodai
5	1	12	1	41	3	950	1611	114	26	96.830811	General
4	1	12	1	42	0	166	1648	921	39	-1	
5	1	12	1	42	1	166	1657	43	25	85.695305	30.
5	1	12	1	42	2	249	1654	169	33	10.230322	~Sivalarpatti
5	1	12	1	42	3	950	1648	115	26	92.060944	General
5	1	12	1	42	4	1085	1663	2	2	31.498837	-
4	1	12	1	43	0	167	1685	898	39	-1	
5	1	12	1	43	1	167	1694	43	25	66.962090	31.
5	1	12	1	43	2	258	1692	210	32	66.962090	Muthalapuram
5	1	12	1	43	3	951	1685	114	27	96.858505	General
4	1	12	1	44	0	167	1723	899	34	-1	
5	1	12	1	44	1	167	1732	43	25	83.062737	32.
5	1	12	1	44	2	257	1730	116	26	81.822968	Vembur
5	1	12	1	44	3	952	1723	114	25	96.730247	General
4	1	12	1	45	0	168	1760	899	37	-1	
5	1	12	1	45	1	168	1768	43	25	55.474056	33.
5	1	12	1	45	2	259	1767	70	26	26.940117	 Inarn
5	1	12	1	45	3	342	1765	244	32	90.702858	Vadamalapuram
5	1	12	1	45	4	952	1760	115	25	96.412827	General
4	1	12	1	46	0	165	1797	902	39	-1	
5	1	12	1	46	1	165	1804	46	27	46.548729	34.
5	1	12	1	46	2	259	1804	224	32	46.548729	Boothalapuram
5	1	12	1	46	3	952	1797	115	26	96.677582	General
4	1	12	1	47	0	168	1834	899	34	-1	
5	1	12	1	47	1	168	1843	43	25	70.026207	35.
5	1	12	1	47	2	259	1840	206	28	59.056938	Melakaranthai
5	1	12	1	47	3	953	1834	114	26	96.744781	General
4	1	12	1	48	0	169	1872	898	40	-1	
5	1	12	1	48	1	169	1881	43	26	55.486946	36.
5	1	12	1	48	2	260	1879	137	33	55.486946	Mavilpatti
5	1	12	1	48	3	953	1872	114	26	96.841087	General
4	1	12	1	49	0	170	1909	898	38	-1	
5	1	12	1	49	1	170	1918	42	25	80.961212	37.
5	1	12	1	49	2	260	1915	255	32	80.961212	Muthusamipuram
5	1	12	1	49	3	953	1909	115	26	96.679047	General
4	1	12	1	50	0	169	1946	899	39	-1	
5	1	12	1	50	1	169	1955	44	25	84.090355	38.
5	1	12	1	50	2	261	1952	151	33	57.737423	Masarpatt
5	1	12	1	50	3	954	1946	114	27	96.769188	General
4	1	12	1	51	0	170	1983	899	38	-1	
5	1	12	1	51	1	170	1992	44	26	87.642960	39.
5	1	12	1	51	2	261	1989	206	32	45.299335	Goundampatti
5	1	12	1	51	3	955	1983	114	26	96.435852	General
4	1	12	1	52	0	171	2021	899	40	-1	
5	1	12	1	52	1	171	2029	43	25	83.209496	40.
5	1	12	1	52	2	261	2028	198	33	83.209496	Nagalapuram
5	1	12	1	52	3	955	2021	115	26	96.226906	General
4	1	12	1	53	0	171	2058	899	38	-1	
5	1	12	1	53	1	171	2067	43	25	60.942997	41.
5	1	12	1	53	2	262	2065	71	26	77.159027	Inam
5	1	12	1	53	3	346	2063	263	33	91.273529	Arunachalapuram
5	1	12	1	53	4	955	2058	115	26	96.263870	General
4	1	12	1	54	0	171	2095	899	41	-1	
5	1	12	1	54	1	171	2105	44	25	51.150124	42.
5	1	12	1	54	2	263	2104	59	32	76.932014	lyan
5	1	12	1	54	3	337	2101	128	34	87.744362	Rajapatti
5	1	12	1	54	4	956	2095	114	27	96.837120	General
4	1	12	1	55	0	172	2132	899	39	-1	
5	1	12	1	55	1	172	2142	43	24	78.637383	43,
5	1	12	1	55	2	262	2139	260	32	78.637383	Kandasamipuram
5	1	12	1	55	3	956	2132	115	27	96.642067	General
4	1	12	1	56	0	173	2170	899	39	-1	
5	1	12	1	56	1	173	2179	43	25	62.908550	44,
5	1	12	1	56	2	263	2177	211	32	62.908550	Muthiahpuram
5	1	12	1	56	3	957	2170	115	26	96.726166	General
4	1	12	1	57	0	263	2209	648	32	-1	
5	1	12	1	57	1	263	2215	47	26	68.665665	XI,
5	1	12	1	57	2	324	2213	245	28	90.747276	OTTAPIDARAM
5	1	12	1	57	3	584	2210	209	28	96.022545	PANCHAYAT
5	1	12	1	57	4	807	2209	104	26	96.227280	UNION
4	1	12	1	58	0	176	2243	991	43	-1	
5	1	12	1	58	1	176	2253	22	26	84.371239	1.
5	1	12	1	58	2	264	2246	248	40	92.426491	Kulasekaranallur
5	1	12	1	58	3	958	2245	61	26	94.171181	S.C.
5	1	12	1	58	4	1035	2243	132	34	96.346062	(Women)
4	1	12	1	59	0	174	2280	993	41	-1	
5	1	12	1	59	1	174	2291	25	25	22.678223	2,
5	1	12	1	59	2	264	2288	169	33	22.678223	 Governagiri
5	1	12	1	59	3	958	2282	61	26	93.443443	S.C.
5	1	12	1	59	4	1035	2280	132	34	96.443054	(Women)
4	1	12	1	60	0	175	2318	993	35	-1	
5	1	12	1	60	1	175	2328	24	25	66.613197	3.
5	1	12	1	60	2	264	2326	146	26	81.096725	Araikulam
5	1	12	1	60	3	959	2319	60	26	84.433830	S.C.
5	1	12	1	60	4	1036	2318	132	33	96.816574	(Women)
4	1	12	1	61	0	175	2355	993	45	-1	
5	1	12	1	61	1	175	2364	24	26	80.780060	4.
5	1	12	1	61	2	266	2359	139	41	86.541985	Malaipatti
5	1	12	1	61	3	960	2357	59	25	88.206200	S.C.
5	1	12	1	61	4	1036	2355	132	33	96.541801	(Women)
4	1	12	1	62	0	176	2392	993	35	-1	
5	1	12	1	62	1	176	2402	24	25	65.603844	5.
5	1	12	1	62	2	266	2399	231	28	65.603844	Kollambarambu
5	1	12	1	62	3	960	2393	61	27	93.659607	S.C.
5	1	12	1	62	4	1036	2392	133	34	96.342400	(Women)
4	1	12	1	63	0	177	2430	992	40	-1	
5	1	12	1	63	1	177	2439	24	26	43.225990	6.
5	1	12	1	63	2	267	2437	189	33	43.225990	 Kalappaipatti
5	1	12	1	63	3	960	2431	61	26	82.549690	S.C.
5	1	12	1	63	4	1037	2430	132	33	96.323853	(Women)
4	1	12	1	64	0	177	2468	992	34	-1	
5	1	12	1	64	1	177	2477	24	25	85.633736	7,
5	1	12	1	64	2	267	2475	156	26	62.136349	Muramban
5	1	12	1	64	3	961	2469	61	26	88.114059	S.C.
5	1	12	1	64	4	1037	2468	132	33	96.562950	(Women)
4	1	12	1	65	0	177	2504	993	34	-1	
5	1	12	1	65	1	177	2513	24	25	35.499100	8.
5	1	12	1	65	2	267	2512	190	26	63.789108	Kodiankulam
5	1	12	1	65	3	961	2506	61	26	82.744118	S.C.
5	1	12	1	65	4	1038	2504	132	34	95.485634	(Women)
4	1	12	1	66	0	178	2541	996	40	-1	
5	1	12	1	66	1	178	2551	24	24	54.123417	9.
5	1	12	1	66	2	268	2549	282	32	26.434864	 Pudurpandiapuram
5	1	12	1	66	3	962	2543	60	25	10.345097	8.C.
5	1	12	1	66	4	1038	2541	136	33	95.844185	(General)
4	1	12	1	67	0	180	2579	995	38	-1	
5	1	12	1	67	1	180	2588	40	24	72.451294	10.
5	1	12	1	67	2	267	2585	250	32	39.200684	Akkanaikkanpatti
5	1	12	1	67	3	962	2579	60	26	88.838951	S.C.
5	1	12	1	67	4	1039	2579	136	33	96.063713	(General)
4	1	12	1	68	0	180	2616	995	33	-1	
5	1	12	1	68	1	180	2624	41	25	64.308502	11.
5	1	12	1	68	2	268	2622	179	27	65.223557	Keelakkottai
5	1	12	1	68	3	963	2617	60	26	53.740257	S.C.
5	1	12	1	68	4	1039	2616	136	33	95.735695	(General)
4	1	12	1	69	0	181	2652	994	34	-1	
5	1	12	1	69	1	181	2661	40	25	63.789780	12.
5	1	12	1	69	2	269	2659	235	26	63.789780	Maruthanvalvoo
5	1	12	1	69	3	962	2654	62	25	92.364075	S.C.
5	1	12	1	69	4	1039	2652	136	33	96.039421	(General)
4	1	12	1	70	0	181	2690	994	39	-1	
5	1	12	1	70	1	181	2698	41	25	65.443123	13.
5	1	12	1	70	2	270	2696	238	33	78.186409	Keelamangalam
5	1	12	1	70	3	964	2691	60	26	80.027290	S.C.
5	1	12	1	70	4	1040	2690	135	34	95.959511	(General)
4	1	12	1	71	0	181	2727	995	39	-1	
5	1	12	1	71	1	181	2735	42	25	69.644882	14.
5	1	12	1	71	2	269	2733	182	33	72.061623	Ottapidaram
5	1	12	1	71	3	964	2728	61	26	91.589386	S.C.
5	1	12	1	71	4	1040	2727	136	33	96.128021	(General)
4	1	12	1	72	0	183	2764	994	39	-1	
5	1	12	1	72	1	183	2772	40	25	83.597321	15.
5	1	12	1	72	2	270	2771	70	25	83.597321	Mela
5	1	12	1	72	3	353	2771	121	32	91.394142	Arasady
5	1	12	1	72	4	964	2765	61	27	81.103218	S.C.
5	1	12	1	72	5	1041	2764	136	35	95.951447	(General)
4	1	12	1	73	0	183	2801	994	46	-1	
5	1	12	1	73	1	183	2809	58	38	66.212700	16.
5	1	12	1	73	2	270	2808	169	32	77.204880	Chandragiri
5	1	12	1	73	3	964	2803	61	26	90.708054	S.C.
5	1	12	1	73	4	1041	2801	136	34	96.005501	(General)
4	1	12	1	74	0	183	2839	995	33	-1	
5	1	12	1	74	1	183	2847	41	24	64.408150	17.
5	1	12	1	74	2	271	2844	164	27	73.746773	Kollankinar
5	1	12	1	74	3	965	2841	61	25	92.080154	S.C.
5	1	12	1	74	4	1042	2839	136	33	95.551743	(General)
4	1	12	1	75	0	183	2875	995	38	-1	
5	1	12	1	75	1	183	2883	42	25	77.421486	18.
5	1	12	1	75	2	272	2881	285	32	77.421486	K.Shanmugapuram
5	1	12	1	75	3	966	2877	61	25	71.022507	S.C.
5	1	12	1	75	4	1042	2875	136	34	95.407143	(General)
4	1	12	1	76	0	184	2913	994	33	-1	
5	1	12	1	76	1	184	2920	41	25	46.320076	19.
5	1	12	1	76	2	272	2918	168	27	57.263752	Sillankulam
5	1	12	1	76	3	967	2914	60	26	94.316437	S.C.
5	1	12	1	76	4	1043	2913	135	33	95.269089	(General)
4	1	12	1	77	0	183	2949	996	40	-1	
5	1	12	1	77	1	183	2957	43	26	67.927094	20.
5	1	12	1	77	2	273	2954	156	35	67.927094	Maniyatchi
5	1	12	1	77	3	967	2951	61	26	91.208710	S.C.
5	1	12	1	77	4	1043	2949	136	34	95.303665	(General)
4	1	12	1	78	0	183	2987	997	64	-1	
5	1	12	1	78	1	183	2994	43	26	43.605217	21.
5	1	12	1	78	2	274	2991	260	35	57.999954	Eppodumvendran
5	1	12	1	78	3	967	2989	28	62	0.000000	.
5	1	12	1	78	4	999	2988	29	63	0.000000	e
5	1	12	1	78	5	1044	2987	136	34	96.394943	(General)
4	1	12	1	79	0	184	3024	996	33	-1	
5	1	12	1	79	1	184	3032	42	25	75.399879	22.
5	1	12	1	79	2	274	3028	206	28	75.663544	Kurukkuchalai
5	1	12	1	79	3	1000	3026	28	25	91.801933	C.
5	1	12	1	79	4	1045	3024	135	33	96.003372	(General)
4	1	12	1	80	0	184	3022	1045	78	-1	
5	1	12	1	80	1	184	3069	43	25	39.412632	23.
5	1	12	1	80	2	275	3066	158	34	39.412632	Rajavinkoil
5	1	12	1	80	3	968	3022	115	77	0.000000	Qaneral
5	1	12	1	80	4	1098	3061	131	33	96.677521	(Women)
4	1	12	1	81	0	185	3098	1045	39	-1	
5	1	12	1	81	1	185	3106	43	25	81.859039	24.
5	1	12	1	81	2	273	3102	352	35	81.859039	Jegaveerapandiapuram
5	1	12	1	81	3	969	3099	115	26	96.624870	General
5	1	12	1	81	4	1099	3098	131	32	96.698799	(Women)
4	1	12	1	82	0	186	3134	1045	35	-1	
5	1	12	1	82	1	186	3143	42	26	64.818062	25,
5	1	12	1	82	2	276	3139	235	28	81.509399	Pattinamaruthur
5	1	12	1	82	3	969	3136	115	26	95.797195	General
5	1	12	1	82	4	1099	3134	132	33	96.540756	(Women)
2	1	13	0	0	0	75	3329	575	27	-1	
3	1	13	1	0	0	75	3329	575	27	-1	
4	1	13	1	1	0	75	3329	575	27	-1	
5	1	13	1	1	1	75	3329	575	27	95.000000	 
2	1	14	0	0	0	1235	69	42	3092	-1	
3	1	14	1	0	0	1235	69	42	3092	-1	
4	1	14	1	1	0	1235	69	42	3092	-1	
5	1	14	1	1	1	1235	69	42	3092	95.000000	 
2	1	15	0	0	0	1243	3181	44	32	-1	
3	1	15	1	0	0	1243	3181	44	32	-1	
4	1	15	1	1	0	1243	3181	44	32	-1	
5	1	15	1	1	1	1243	3181	44	32	93.244362	52
2	1	16	0	0	0	823	3325	1234	31	-1	
3	1	16	1	0	0	823	3325	1234	31	-1	
4	1	16	1	1	0	823	3325	1234	31	-1	
5	1	16	1	1	1	823	3325	1234	31	95.000000	 
2	1	17	0	0	0	2053	2719	428	628	-1	
3	1	17	1	0	0	2053	2719	428	628	-1	
4	1	17	1	1	0	2053	2719	428	628	-1	
5	1	17	1	1	1	2053	2719	428	628	95.000000	 
