row_id,state,year,district,block,tier,serial_printed,seat_id_printed,seat_id_readings,seat_no,seat_no_basis,source_path,source_page,source_sha256,source_bbox,gram_panchayat,reservation_raw,electors,votes_polled,votes_rejected,winner_name,winner_party,gram_panchayat_printed,gram_panchayat_basis,reservation,caste_reservation,woman_reserved,geographic_label_raw,candidate_count,candidate_votes_sum,quality_flags,review_status
85dfda6ffd256024fc71,West Bengal,2018,Alipurduar,Alipurduar-II,zp_member,,ALIPURDUAR-II/ZP-4,"[""ALIPURDUAR-II/ZP-4"", ""ALIPURDUAR-II/ZP-4"", ""ALIPURDUAR-II/ZP-4""]",4,arabic_suffix,data/wb/gp_source_search/alipurduar_2018_results/extracted/FinalResultofPGE2018/ALL GP PS ZP IA TO IIC/APD-II/APD-II ZP IC AND IIC.PDF,2,52b709015ea77896a9b85d7eee1d776c71c8bd9b31a97e7982a20196dd9397f2,"[834, 763, 1237, 1093]",,,56653,46835,2314,DEBOJIT SARKAR,AITC,,not_identified_for_zp_member_constituency,,,,,5,44521,candidate_cells:review;reservation:unresolved,needs_review
a809af6167d3bec960cd,West Bengal,2018,Alipurduar,Alipurduar-II,zp_member,,ALIPURDUAR-II/ZP-5,"[""ALIPURDUAR-II/ZP-5"", ""ALIPURDUAR-II/ZP-5"", ""ALIPURDUAR-II/ZP-5""]",5,arabic_suffix,data/wb/gp_source_search/alipurduar_2018_results/extracted/FinalResultofPGE2018/ALL GP PS ZP IA TO IIC/APD-II/APD-II ZP IC AND IIC.PDF,2,52b709015ea77896a9b85d7eee1d776c71c8bd9b31a97e7982a20196dd9397f2,"[834, 1093, 1237, 1355]",,Ww,59730,53260,2570,ARCHITA KUNGAR (MANDAL),AITC,,not_identified_for_zp_member_constituency,W,UR,1,,4,50690,candidate_cells:review;reservation_raw:readers_disagree;winner_name:readers_disagree;winner_party:readers_disagree,needs_review
6229b27439d420be4a50,West Bengal,2018,Alipurduar,Alipurduar-II,zp_member,,ALIPURDUAR-II/ZP-9,"[""ALIPURDUAR-II/ZP-9"", ""ALIPURDUAR-II/ZP-9"", ""ALIPURDUAR-II/ZP-9""]",9,arabic_suffix,data/wb/gp_source_search/alipurduar_2018_results/extracted/FinalResultofPGE2018/ALL GP PS ZP IA TO IIC/APD-II/APD-II ZP IC AND IIC.PDF,2,52b709015ea77896a9b85d7eee1d776c71c8bd9b31a97e7982a20196dd9397f2,"[834, 1355, 1237, 1742]",,,52065,2570,2133,MOHAN SHARMA,AITC,,not_identified_for_zp_member_constituency,,,,,6,43068,candidate_cells:review;reservation:unresolved;votes:accounting_mismatch,needs_review
a0ef6f247347513184b2,West Bengal,2018,Alipurduar,Madarihat-Birpara,zp_member,,Madarihat/ZP-16,"[""Madarihat/ZP-16"", ""Madarihat/ZP-16"", ""Madarihat/ZP-16""]",16,arabic_suffix,data/wb/gp_source_search/alipurduar_2018_results/extracted/FinalResultofPGE2018/ALL GP PS ZP IA TO IIC/MDT/A1B1C1A2B2C2.PDF,24,bdee20d0b659b47ee0c5e0794ee4173ed4569f2b7e1ac1a32bed1ec439ecdf77,"[527, 898, 910, 974]",,UR,51457,38940,2599,JACINTA LAKRA,AITC,,not_identified_for_zp_member_constituency,UR,UR,0,,2,18767,candidate_cells:review;votes:accounting_mismatch;winner:party_mismatch,needs_review
9e0eeca177b53d78f3cc,West Bengal,2018,Alipurduar,Madarihat-Birpara,zp_member,2,Madarihat/ZP-17,"[""Madarihat/ZP-17"", ""Madarihat/ZP-17"", ""Madarihat/ZP-17""]",17,arabic_suffix,data/wb/gp_source_search/alipurduar_2018_results/extracted/FinalResultofPGE2018/ALL GP PS ZP IA TO IIC/MDT/A1B1C1A2B2C2.PDF,24,bdee20d0b659b47ee0c5e0794ee4173ed4569f2b7e1ac1a32bed1ec439ecdf77,"[527, 1088, 910, 1202]",,ST(W),42633,28721,2145,ASMAYA SUBBA-,AITC,,not_identified_for_zp_member_constituency,STW,ST,1,,3,26576,candidate_cells:review;reservation_raw:readers_disagree;winner_name:readers_disagree,needs_review
654d20c89e035ed51d11,West Bengal,2018,Alipurduar,Madarihat-Birpara,zp_member,3,Madarihat/ZP-18,"[""Madarihat/ZP-18"", ""Madarihat/ZP-18"", ""Madarihat/ZP-18""]",18,arabic_suffix,data/wb/gp_source_search/alipurduar_2018_results/extracted/FinalResultofPGE2018/ALL GP PS ZP IA TO IIC/MDT/A1B1C1A2B2C2.PDF,24,bdee20d0b659b47ee0c5e0794ee4173ed4569f2b7e1ac1a32bed1ec439ecdf77,"[527, 1240, 910, 1374]",,ST,51701,42681,2409,ASHA NARJINARY,AITC,,not_identified_for_zp_member_constituency,ST,ST,0,,4,,candidate_cells:review;reservation_raw:readers_disagree,needs_review
e4d53794c412ec721f50,West Bengal,2018,Alipurduar,,zp_member,1,Kumargram/ZP-1,"[""Kumargram/ZP-1"", ""Kumargram/ZP-1"", ""Kumargram/ZP-1""]",1,arabic_suffix,data/wb/gp_source_search/alipurduar_2018_results/extracted/FinalResultofPGE2018/ALL GP PS ZP IA TO IIC/District IC IIC/Anex_II_C.PDF,1,0a9bb716d21cd45071252fdb330930e9bb2faed70c3ef12a3e8927e91e4a7372,"[366, 895, 762, 1159]",,SC,45601,37258,1912,SURABHI ROY,AITC,,not_identified_for_zp_member_constituency,SC,SC,0,,4,,candidate_cells:review,needs_review
bdb02cf2d3a6406186fe,West Bengal,2018,Alipurduar,,zp_member,,Kumargram/ZP-2,"[""Kumargram/ZP-2"", ""Kumargram/ZP-2"", ""Kumargram/ZP-2""]",2,arabic_suffix,data/wb/gp_source_search/alipurduar_2018_results/extracted/FinalResultofPGE2018/ALL GP PS ZP IA TO IIC/District IC IIC/Anex_II_C.PDF,1,0a9bb716d21cd45071252fdb330930e9bb2faed70c3ef12a3e8927e91e4a7372,"[366, 1244, 762, 1423]",,STW,43080,35127,2250,KALPANA NAG,BJP,,not_identified_for_zp_member_constituency,STW,ST,1,,3,18392,votes:accounting_mismatch;winner:not_uniquely_matched,needs_review
66bd2fb8bbc013b285f9,West Bengal,2018,Alipurduar,,zp_member,3,Kumargram/ZP-3,"[""Kumargram/ZP-3"", ""Kumargram/ZP-3"", ""Kumargram/ZP-3""]",3,arabic_suffix,data/wb/gp_source_search/alipurduar_2018_results/extracted/FinalResultofPGE2018/ALL GP PS ZP IA TO IIC/District IC IIC/Anex_II_C.PDF,1,0a9bb716d21cd45071252fdb330930e9bb2faed70c3ef12a3e8927e91e4a7372,"[366, 1423, 762, 1688]",,WwW,61099,52809,2810,SHEELA DAS SARKAR,AITC,,not_identified_for_zp_member_constituency,,,,,4,26474,candidate_cells:review;reservation:unresolved;reservation_raw:readers_disagree;votes:accounting_mismatch;winner:not_uniquely_matched;winner_name:readers_disagree,needs_review
3ba07ea5786ac02719bd,West Bengal,2018,Alipurduar,,zp_member,,Alipurduar - lI/ZP -4,"[""Alipurduar - il/ZP -4"", ""Alipurduar - 1I/ZP -4"", ""Alipurduar - lI/ZP -4""]",4,arabic_suffix,data/wb/gp_source_search/alipurduar_2018_results/extracted/FinalResultofPGE2018/ALL GP PS ZP IA TO IIC/District IC IIC/Anex_II_C.PDF,1,0a9bb716d21cd45071252fdb330930e9bb2faed70c3ef12a3e8927e91e4a7372,"[366, 1919, 762, 2153]",,,56653,46835,2440,DEBOJIT SARKAR,AITC,,not_identified_for_zp_member_constituency,,,,,3,28279,reservation:unresolved;seat_id:low_ocr_confidence;seat_id:readers_disagree;votes:accounting_mismatch;winner_name:readers_disagree,needs_review
53e41547b18ea8e7ee48,West Bengal,2018,Alipurduar,,zp_member,,Alipurduar - I/ZP -5,"[""Alipurduar - |I/ZP -S"", ""Alipurduar - |I/ZP -S"", ""Alipurduar - I/ZP -5""]",5,arabic_suffix,data/wb/gp_source_search/alipurduar_2018_results/extracted/FinalResultofPGE2018/ALL GP PS ZP IA TO IIC/District IC IIC/Anex_II_C.PDF,2,0a9bb716d21cd45071252fdb330930e9bb2faed70c3ef12a3e8927e91e4a7372,"[378, 565, 776, 830]",,WwW,,59730,53036,ARCHITA KUNGAR (MANDAL),AITC,,not_identified_for_zp_member_constituency,,,,,1,13059,candidate_cells:review;electors:unread_numeric;layout:missing_leading_columns;reservation:unresolved;reservation_raw:low_ocr_confidence;reservation_raw:readers_disagree;seat_id:low_ocr_confidence;seat_id:readers_disagree;votes:accounting_mismatch;winner:not_uniquely_matched,needs_review
e91fa806045e72e671e2,West Bengal,2018,Alipurduar,,zp_member,,Kalchini/ZP - 6,"[""Kalchini/ZP - 6"", ""Kalchini/ZP - 6"", ""Kalchini/ZP - 6""]",6,arabic_suffix,data/wb/gp_source_search/alipurduar_2018_results/extracted/FinalResultofPGE2018/ALL GP PS ZP IA TO IIC/District IC IIC/Anex_II_C.PDF,2,0a9bb716d21cd45071252fdb330930e9bb2faed70c3ef12a3e8927e91e4a7372,"[378, 830, 776, 1096]",,Ww,,60850,44875,PASSANG DEK! SHERPA,AITC,,not_identified_for_zp_member_constituency,W,UR,1,,1,20254,electors:unread_numeric;layout:missing_leading_columns;votes:accounting_mismatch;winner:not_uniquely_matched,needs_review
4bdecb502d4388647778,West Bengal,2018,Alipurduar,,zp_member,,Kalchini/ZP - 7,"[""Kalchini/ZP - 7"", ""Kalchini/ZP - 7"", ""Kalchini/ZP - 7""]",7,arabic_suffix,data/wb/gp_source_search/alipurduar_2018_results/extracted/FinalResultofPGE2018/ALL GP PS ZP IA TO IIC/District IC IIC/Anex_II_C.PDF,2,0a9bb716d21cd45071252fdb330930e9bb2faed70c3ef12a3e8927e91e4a7372,"[378, 1096, 776, 1424]",,ST,,72628,57311,GANESH MAHALI,AITC,,not_identified_for_zp_member_constituency,ST,ST,0,,1,526,candidate_cells:review;electors:unread_numeric;layout:missing_leading_columns;votes:accounting_mismatch;winner:not_uniquely_matched,needs_review
c426ba426a6efead49bf,West Bengal,2018,Alipurduar,,zp_member,,Kalchini/ZP - 8,"[""Kalchini/ZP - 8"", ""Kalchini/ZP - 8"", ""Kalchini/ZP - 8""]",8,arabic_suffix,data/wb/gp_source_search/alipurduar_2018_results/extracted/FinalResultofPGE2018/ALL GP PS ZP IA TO IIC/District IC IIC/Anex_II_C.PDF,2,0a9bb716d21cd45071252fdb330930e9bb2faed70c3ef12a3e8927e91e4a7372,"[378, 1424, 776, 1688]",,Ww,,72248,57194,PADMA ROY,AITC,,not_identified_for_zp_member_constituency,W,UR,1,,1,5970,candidate_cells:review;electors:unread_numeric;layout:missing_leading_columns;reservation_raw:low_ocr_confidence;reservation_raw:readers_disagree;votes:accounting_mismatch;winner:not_uniquely_matched,needs_review
bddcc7cc23bc8b47c1f4,West Bengal,2018,Alipurduar,,zp_member,,Anptfduar - li/ Zr -¥,"[""anipartuar=117ZP=9—P"", ""Anpurduar - li/ Zr -9"", ""Anptfduar - li/ Zr -¥""]",,,data/wb/gp_source_search/alipurduar_2018_results/extracted/FinalResultofPGE2018/ALL GP PS ZP IA TO IIC/District IC IIC/Anex_II_C.PDF,2,0a9bb716d21cd45071252fdb330930e9bb2faed70c3ef12a3e8927e91e4a7372,"[378, 1876, 776, 2088]",,,,52065,,MUTAIN SA ARMA,ALIN,,not_identified_for_zp_member_constituency,,,,,1,21509,candidate_cells:review;electors:unread_numeric;layout:missing_leading_columns;reservation:unresolved;seat_id:low_ocr_confidence;seat_id:number_unresolved;seat_id:readers_disagree;votes_polled:single_reader;votes_rejected:readers_disagree;winner:not_uniquely_matched;winner_name:low_ocr_confidence;winner_name:readers_disagree;winner_party:readers_disagree,needs_review
d1a884e44b9b554cc52d,West Bengal,2018,Alipurduar,,zp_member,10,Alipurduar - 1/ZP - 10,"[""Alipurduar - I/ZP - 10"", ""Alipurduar - I/ZP - 10"", ""Alipurduar - 1/ZP - 10""]",10,arabic_suffix,data/wb/gp_source_search/alipurduar_2018_results/extracted/FinalResultofPGE2018/ALL GP PS ZP IA TO IIC/District IC IIC/Anex_II_C.PDF,3,0a9bb716d21cd45071252fdb330930e9bb2faed70c3ef12a3e8927e91e4a7372,"[388, 569, 784, 901]",,scw,54515,45761,2277,SHYAMARANI BARMAN,AITC,,not_identified_for_zp_member_constituency,SCW,SC,1,,5,43798,candidate_cells:review;seat_id:readers_disagree;votes:accounting_mismatch,needs_review
ffc2ed2d47315b7a85ab,West Bengal,2018,Alipurduar,,zp_member,11,Alipurduar -1/ZP - 11,"[""Alipurduar -1/ZP - 11"", ""Alipurduar -1/ZP -11"", ""Alipurduar -1/ZP - 11""]",11,arabic_suffix,data/wb/gp_source_search/alipurduar_2018_results/extracted/FinalResultofPGE2018/ALL GP PS ZP IA TO IIC/District IC IIC/Anex_II_C.PDF,3,0a9bb716d21cd45071252fdb330930e9bb2faed70c3ef12a3e8927e91e4a7372,"[388, 901, 784, 1233]",,SC,58952,49678,3204,RATAN MOHANTA,AITC,,not_identified_for_zp_member_constituency,SC,SC,0,,5,46907,candidate_cells:review;seat_id:readers_disagree;votes:accounting_mismatch,needs_review
684e2c316b0e8480cc93,West Bengal,2018,Alipurduar,,zp_member,,Alipurduar - 1/ZP - 12,"[""Alipurduar - I/ZP - 12"", ""Alipurduar - I/ZP - 12"", ""Alipurduar - 1/ZP - 12""]",12,arabic_suffix,data/wb/gp_source_search/alipurduar_2018_results/extracted/FinalResultofPGE2018/ALL GP PS ZP IA TO IIC/District IC IIC/Anex_II_C.PDF,3,0a9bb716d21cd45071252fdb330930e9bb2faed70c3ef12a3e8927e91e4a7372,"[388, 1378, 784, 1628]",,,49960,41700,2208,MANORANJAN DEY (MONA),AITC,,not_identified_for_zp_member_constituency,,,,,4,37765,candidate_cells:review;reservation:unresolved;seat_id:low_ocr_confidence;seat_id:readers_disagree;votes:accounting_mismatch,needs_review
2df770439b0422d10000,West Bengal,2018,Alipurduar,,zp_member,13,Falakata/ZP - 13,"[""Falakata/ZP - 13 —"", ""Falakata/ZP - 13"", ""Falakata/ZP - 13""]",13,arabic_suffix,data/wb/gp_source_search/alipurduar_2018_results/extracted/FinalResultofPGE2018/ALL GP PS ZP IA TO IIC/District IC IIC/Anex_II_C.PDF,3,0a9bb716d21cd45071252fdb330930e9bb2faed70c3ef12a3e8927e91e4a7372,"[388, 1685, 784, 1878]",,SCW,76539,65328,3989,TANUSHREE RAY,AITC,,not_identified_for_zp_member_constituency,SCW,SC,1,,3,,candidate_cells:review;reservation_raw:readers_disagree;seat_id:low_ocr_confidence;seat_id:readers_disagree;votes_rejected:unread_numeric;winner_name:readers_disagree;winner_party:low_ocr_confidence;winner_party:multiple_field_cells;winner_party:readers_disagree,needs_review
a1cdd8e2f0911229d08c,West Bengal,2018,Alipurduar,,zp_member,14,Falakata/ZP - 14,"[""Falakata/ZP - 14"", ""Falakata/ZP - 14"", ""Falakata/ZP - 14""]",14,arabic_suffix,data/wb/gp_source_search/alipurduar_2018_results/extracted/FinalResultofPGE2018/ALL GP PS ZP IA TO IIC/District IC IIC/Anex_II_C.PDF,3,0a9bb716d21cd45071252fdb330930e9bb2faed70c3ef12a3e8927e91e4a7372,"[388, 1893, 784, 2224]",,Ww,64599,56006,3038,SHEFALI BARMAN,"all,",,not_identified_for_zp_member_constituency,W,UR,1,,5,52968,candidate_cells:review;reservation_raw:readers_disagree;seat_id:low_ocr_confidence;votes_rejected:unread_numeric;winner:party_mismatch;winner_party:low_ocr_confidence;winner_party:multiple_field_cells;winner_party:readers_disagree,needs_review
1756e800cb135029df23,West Bengal,2018,Alipurduar,,zp_member,15,Falakata/ZP - 15,"[""Falakata/ZP - 15"", ""Falakata/ZP - 15"", ""Falakata/ZP - 15""]",15,arabic_suffix,data/wb/gp_source_search/alipurduar_2018_results/extracted/FinalResultofPGE2018/ALL GP PS ZP IA TO IIC/District IC IIC/Anex_II_C.PDF,4,0a9bb716d21cd45071252fdb330930e9bb2faed70c3ef12a3e8927e91e4a7372,"[382, 567, 779, 898]",,SC,78371,69343,3431,SANTOSH KUMAR BARMAN,AITC,,not_identified_for_zp_member_constituency,SC,SC,0,,5,65912,candidate_cells:review;winner_name:readers_disagree,needs_review
c050304aa929800a29e6,West Bengal,2018,Alipurduar,,zp_member,16,Madarihat Birpara/ZP - 16,"[""acarihat ‘nat Bi Birpara/ZE . My us"", ""Madarihat ihat Bi Birpara/ZP . us"", ""Madarihat Birpara/ZP - 16""]",16,arabic_suffix,data/wb/gp_source_search/alipurduar_2018_results/extracted/FinalResultofPGE2018/ALL GP PS ZP IA TO IIC/District IC IIC/Anex_II_C.PDF,4,0a9bb716d21cd45071252fdb330930e9bb2faed70c3ef12a3e8927e91e4a7372,"[382, 898, 779, 1163]",,,51457,38940,2599,JACINTA LAKRA,AITC,,not_identified_for_zp_member_constituency,,,,,4,36341,candidate_cells:review;reservation:unresolved;seat_id:readers_disagree,needs_review
3a38b3bc7e230cd82d65,West Bengal,2018,Alipurduar,,zp_member,17,Madarihat Birpara/ZP - 17,"[""7 2°) en"", ""7 nee me"", ""Madarihat Birpara/ZP - 17""]",17,arabic_suffix,data/wb/gp_source_search/alipurduar_2018_results/extracted/FinalResultofPGE2018/ALL GP PS ZP IA TO IIC/District IC IIC/Anex_II_C.PDF,4,0a9bb716d21cd45071252fdb330930e9bb2faed70c3ef12a3e8927e91e4a7372,"[382, 1163, 779, 1361]",,STW,42633,28721,2145,ASMAYA SUBBA,AITC,,not_identified_for_zp_member_constituency,STW,ST,1,,3,,candidate_cells:review;seat_id:readers_disagree,needs_review
66225ca7c13c63b1c192,West Bengal,2018,Alipurduar,,zp_member,18,Madarihat Birpara/ZP - 18,"[""Madarihat Birpara/zP-18"", ""Madarihat Birpara/ZP-18"", ""Madarihat Birpara/ZP - 18""]",18,arabic_suffix,data/wb/gp_source_search/alipurduar_2018_results/extracted/FinalResultofPGE2018/ALL GP PS ZP IA TO IIC/District IC IIC/Anex_II_C.PDF,4,0a9bb716d21cd45071252fdb330930e9bb2faed70c3ef12a3e8927e91e4a7372,"[382, 1361, 779, 1689]",,ST,51701,42681,2409,ASHA NARJINARY,AITC,,not_identified_for_zp_member_constituency,ST,ST,0,,5,40272,candidate_cells:review;seat_id:readers_disagree,needs_review
7ebbc21e5aa8c1cf942a,West Bengal,2018,Alipurduar,Kumargram,zp_member,,Kumargram/ZP-,"[""Kumargram/ZP-"", ""Kumargram/ZP-| ."", ""Kumargram/ZP-""]",,,data/wb/gp_source_search/alipurduar_2018_results/extracted/FinalResultofPGE2018/ALL GP PS ZP IA TO IIC/KUMARGRAM/KUMAR ZP IC AND IIC.PDF,2,2b93cfcbbcadd2f3c86b20710e3ab6430d54ef1f0bee017bee043c09c5ccea75,"[268, 797, 687, 1034]",,sc,37262,35342,1920,SURAVI ROY,AITC,,not_identified_for_zp_member_constituency,SC,SC,0,,4,35342,candidate_cells:review;reservation_raw:low_ocr_confidence;reservation_raw:multiple_field_cells;reservation_raw:readers_disagree;seat_id:low_ocr_confidence;seat_id:number_unresolved;seat_id:readers_disagree;votes:accounting_mismatch,needs_review
2bafa0a8e416ade06181,West Bengal,2018,Alipurduar,Kumargram,zp_member,2,Kumargram/ZP-2,"["". Ku (ZP-2 margram"", "". Ku /ZP-2 margram"", ""Kumargram/ZP-2""]",2,arabic_suffix,data/wb/gp_source_search/alipurduar_2018_results/extracted/FinalResultofPGE2018/ALL GP PS ZP IA TO IIC/KUMARGRAM/KUMAR ZP IC AND IIC.PDF,2,2b93cfcbbcadd2f3c86b20710e3ab6430d54ef1f0bee017bee043c09c5ccea75,"[268, 1034, 687, 1270]",,ST Women,43080,35127,2250,KALPANA NAG,BJP,,not_identified_for_zp_member_constituency,STW,ST,1,,4,,candidate_cells:review;reservation_raw:readers_disagree;seat_id:readers_disagree;votes_polled:single_reader;winner_name:readers_disagree,needs_review
6eca5189658d19f1224b,West Bengal,2018,Alipurduar,Kumargram,zp_member,3,Kumargram/ZP-3,"[""Kumargram/ZP-3"", ""Kumargram/ZP-3"", ""Kumargram/ZP-3""]",3,arabic_suffix,data/wb/gp_source_search/alipurduar_2018_results/extracted/FinalResultofPGE2018/ALL GP PS ZP IA TO IIC/KUMARGRAM/KUMAR ZP IC AND IIC.PDF,2,2b93cfcbbcadd2f3c86b20710e3ab6430d54ef1f0bee017bee043c09c5ccea75,"[268, 1270, 687, 1626]",,Women,52812,49999,2813,SHILADAS SARKAR,AITC,,not_identified_for_zp_member_constituency,W,UR,1,,6,49999,candidate_cells:review;reservation_raw:readers_disagree;votes:accounting_mismatch;winner_party:low_ocr_confidence,needs_review
1a7960484cc27b474cb7,West Bengal,2018,Alipurduar,Alipurduar-I,zp_member,,Alipurduar-I/ZP-10,"[""i Alipurduar-V/ZP-10) - -"", ""i Alipurduar-V/ZP-10 - -"", ""Alipurduar-I/ZP-10""]",10,arabic_suffix,data/wb/gp_source_search/alipurduar_2018_results/extracted/FinalResultofPGE2018/ALL GP PS ZP IA TO IIC/APD-I/ANX-IIC.PDF,1,67ee53224520e436b764e4f2500fe38bda8fae4da115433bcc5202c1dd8ac73a,"[534, 710, 912, 1131]",,SC(w),54515,46075,2277,SHYAMA RANI BARMAN,AITC,,not_identified_for_zp_member_constituency,SCW,SC,1,,5,,candidate_cells:review;reservation_raw:readers_disagree;seat_id:readers_disagree,needs_review
fe4b019204846c5c7aad,West Bengal,2018,Alipurduar,Alipurduar-I,zp_member,,Alipurduar-I/ZP-11,"[""Alipurduar-I/ZP-11"", ""Alipurduar-I/ZP-11"", ""Alipurduar-I/ZP-11""]",11,arabic_suffix,data/wb/gp_source_search/alipurduar_2018_results/extracted/FinalResultofPGE2018/ALL GP PS ZP IA TO IIC/APD-I/ANX-IIC.PDF,1,67ee53224520e436b764e4f2500fe38bda8fae4da115433bcc5202c1dd8ac73a,"[534, 1131, 912, 1549]",,SC,58952,50111,3204,RATAN MOHANTA,AITC,,not_identified_for_zp_member_constituency,SC,SC,0,,5,46907,candidate_cells:review,needs_review
a74984a2278346c11138,West Bengal,2018,Alipurduar,Alipurduar-I,zp_member,,Alipurduar-I/ZP-12,"[""Alipurduar-I/ZP-12"", ""Alipurduar-I/ZP-12"", ""Alipurduar-I/ZP-12""]",12,arabic_suffix,data/wb/gp_source_search/alipurduar_2018_results/extracted/FinalResultofPGE2018/ALL GP PS ZP IA TO IIC/APD-I/ANX-IIC.PDF,2,67ee53224520e436b764e4f2500fe38bda8fae4da115433bcc5202c1dd8ac73a,"[547, 502, 923, 924]",,UR,49960,42094,2208,MANORANJAN DEY,AITC,,not_identified_for_zp_member_constituency,UR,UR,0,,6,39886,candidate_cells:review;seat_id:low_ocr_confidence,needs_review
b5e17e6f18afeca345ed,West Bengal,2018,Alipurduar,Kalchini,zp_member,1,KALCHINI / ZP-6,"[""KALCHINI / ZP-6"", ""KALCHINI / ZP-6"", ""KALCHINI / ZP-6""]",6,arabic_suffix,data/wb/gp_source_search/alipurduar_2018_results/extracted/FinalResultofPGE2018/ALL GP PS ZP IA TO IIC/KALCHINI/KALCHINI ZP IC AND IIC.PDF,2,333268e99c74a91f6a8d1c6c6e50ec7a8411a9e10f96bc749c815b891a3f717d,"[256, 809, 669, 1039]",,Ww,60850,44875,2993,PASSANG DEKI SHERPA,AITC,,not_identified_for_zp_member_constituency,W,UR,1,,4,42198,candidate_cells:review;votes:accounting_mismatch,needs_review
037fae9fd0f86ba7047f,West Bengal,2018,Alipurduar,Kalchini,zp_member,2,KALCHINI / ZP-7,"[""KALCHINI / ZP-7"", ""KALCHINI / ZP-7"", ""KALCHINI / ZP-7""]",7,arabic_suffix,data/wb/gp_source_search/alipurduar_2018_results/extracted/FinalResultofPGE2018/ALL GP PS ZP IA TO IIC/KALCHINI/KALCHINI ZP IC AND IIC.PDF,2,333268e99c74a91f6a8d1c6c6e50ec7a8411a9e10f96bc749c815b891a3f717d,"[256, 1039, 669, 1323]",,ST,72628,57311,3353,GANESH MAHALI,AITC,,not_identified_for_zp_member_constituency,ST,ST,0,,5,27068,candidate_cells:review;votes:accounting_mismatch,needs_review
a6e6a98d5d428acaba0e,West Bengal,2018,Alipurduar,Kalchini,zp_member,,KALCHINI / ZP-8,"[""KALCHINI / ZP-8"", ""KALCHINI / ZP-8"", ""KALCHINI / ZP-8""]",8,arabic_suffix,data/wb/gp_source_search/alipurduar_2018_results/extracted/FinalResultofPGE2018/ALL GP PS ZP IA TO IIC/KALCHINI/KALCHINI ZP IC AND IIC.PDF,2,333268e99c74a91f6a8d1c6c6e50ec7a8411a9e10f96bc749c815b891a3f717d,"[256, 1323, 669, 1551]",,WwW,72248,57194,3716,PADMA ROY,AITC,,not_identified_for_zp_member_constituency,,,,,4,54346,candidate_cells:review;reservation:unresolved;reservation_raw:low_ocr_confidence;reservation_raw:readers_disagree;votes:accounting_mismatch,needs_review
a213aeb857ccb2f12c42,West Bengal,2018,Alipurduar,Falakata,zp_member,13,Falakata/ZP - 13,"[""Falakata/ZP - 13"", ""Falakata/ZP - 13"", ""Falakata/ZP - 13""]",13,arabic_suffix,data/wb/gp_source_search/alipurduar_2018_results/extracted/FinalResultofPGE2018/ALL GP PS ZP IA TO IIC/FALAKATA/FALAKATA ZP IIC.PDF,1,59cbce79552cfc9f63e32afff46c730054ff509f4fe6258354a5ed16d17c5b91,"[199, 927, 594, 1245]",,SCW,76539,65328,3989,TANUSHREE RAY,AITC,,not_identified_for_zp_member_constituency,SCW,SC,1,,4,61339,,automated_checks_passed
27a4ff08b6bbc33d5ad8,West Bengal,2018,Alipurduar,Falakata,zp_member,14,Falakata/ZP - 14,"[""Falakata/ZP - 14"", ""Falakata/ZP - 14"", ""Falakata/ZP - 14""]",14,arabic_suffix,data/wb/gp_source_search/alipurduar_2018_results/extracted/FinalResultofPGE2018/ALL GP PS ZP IA TO IIC/FALAKATA/FALAKATA ZP IIC.PDF,1,59cbce79552cfc9f63e32afff46c730054ff509f4fe6258354a5ed16d17c5b91,"[199, 1245, 594, 1641]",,WwW,64599,56006,3038,SHEFALI BARMAN,AITC,,not_identified_for_zp_member_constituency,,,,,5,52968,candidate_cells:review;reservation:unresolved;reservation_raw:readers_disagree,needs_review
086fccbb6268c1c64856,West Bengal,2018,Alipurduar,Falakata,zp_member,,Falakata/ZP - 15,"[""Falakata/ZP -15"", ""Falakata/ZP - 15"", ""Falakata/ZP - 15""]",15,arabic_suffix,data/wb/gp_source_search/alipurduar_2018_results/extracted/FinalResultofPGE2018/ALL GP PS ZP IA TO IIC/FALAKATA/FALAKATA ZP IIC.PDF,1,59cbce79552cfc9f63e32afff46c730054ff509f4fe6258354a5ed16d17c5b91,"[199, 1641, 594, 2039]",,sc,78371,69343,3431,SANTOSH KUMAR BARMAN,AITC,,not_identified_for_zp_member_constituency,SC,SC,0,,5,65912,candidate_cells:review;seat_id:low_ocr_confidence;seat_id:readers_disagree;winner_name:low_ocr_confidence;winner_name:multiple_field_cells;winner_name:readers_disagree,needs_review
1b0acb57f995d3fedcfb,West Bengal,2018,Alipurduar,Kalchini,zp_member,1,KALCHINI / ZP-6,"[""KALCHINI / ZP-6"", ""KALCHINI / ZP-6"", ""KALCHINI / ZP-6""]",6,arabic_suffix,data/wb/gp_source_search/alipurduar_2018_results/extracted/FinalResultofPGE2018/ALL GP PS ZP IA TO IIC/KALCHINI/KAL ZP IIC.PDF,1,aa9aa2350273ba015b41ef657f64f20c8ba579accc296535bdc057c5bace1b98,"[248, 803, 667, 1032]",,WwW,60850,44875,2993,PASSANG DEKI SHERPA,AITC,,not_identified_for_zp_member_constituency,,,,,4,42198,reservation:unresolved;reservation_raw:low_ocr_confidence;reservation_raw:readers_disagree;votes:accounting_mismatch,needs_review
1fa23f3e140a5c9bd6f1,West Bengal,2018,Alipurduar,Kalchini,zp_member,2,KALCHINI / ZP-7,"[""KALCHINI / ZP-7"", ""KALCHINI / ZP-7"", ""KALCHINI / ZP-7""]",7,arabic_suffix,data/wb/gp_source_search/alipurduar_2018_results/extracted/FinalResultofPGE2018/ALL GP PS ZP IA TO IIC/KALCHINI/KAL ZP IIC.PDF,1,aa9aa2350273ba015b41ef657f64f20c8ba579accc296535bdc057c5bace1b98,"[248, 1032, 667, 1316]",,ST,72628,57311,3353,GANESH MAHALI,AITC,,not_identified_for_zp_member_constituency,ST,ST,0,,5,,candidate_cells:review;votes_rejected:single_reader;winner_name:readers_disagree,needs_review
a0443bd3a1a56435d2be,West Bengal,2018,Alipurduar,Kalchini,zp_member,,KALCHINI / ZP-8,"[""KALCHINI / ZP-8"", ""KALCHINI / ZP-8"", ""KALCHINI / ZP-8""]",8,arabic_suffix,data/wb/gp_source_search/alipurduar_2018_results/extracted/FinalResultofPGE2018/ALL GP PS ZP IA TO IIC/KALCHINI/KAL ZP IIC.PDF,1,aa9aa2350273ba015b41ef657f64f20c8ba579accc296535bdc057c5bace1b98,"[248, 1316, 667, 1543]",,Ww,72248,57194,3716,PADMA ROY,AITC,,not_identified_for_zp_member_constituency,W,UR,1,,4,,candidate_cells:review;reservation_raw:readers_disagree,needs_review
